id,site,sample.rnd,transect,county,lat,lon,date,year,collector,species,det.by,notes,
716,SwenNekoosa,2,edge,Wood,44.3250,-89.9107,23-Jun-2008,2008,H. Gaines,Bombus bimaculatus,M. Arduser,,
2617,Ehlert,3,edge,Wood,44.4085,-90.0048,15-19 July,2010,H. Gaines,Bombus bimaculatus,M. Arduser,,
2678,Gardner,3,50m,Wood,44.4550,-90.0928,15-19 July,2010,H. Gaines,Bombus bimaculatus,M. Arduser,,
2696,MarshRd,3,50m,Wood,44.3858,-89.8929,15-19 July,2010,H. Gaines,Bombus bimaculatus,M. Arduser,,
2842,SenecaRed,3,edge,Wood,44.3729,-89.9127,15-19 July,2010,H. Gaines,Bombus bimaculatus,M. Arduser,,
2984,GebhardtCrampton,2,C2,Jackson,44.1690,-90.3890,21-25 June,2010,H. Gaines,Bombus bimaculatus,M. Arduser,,
3011,GebhardtCrampton,2,edge,Jackson,44.1690,-90.3890,21-25 June,2010,H. Gaines,Bombus bimaculatus,M. Arduser,,
3099,CrimsonStar,2,edge,Portage,44.3211,-89.6629,21-25 June,2010,H. Gaines,Bombus bimaculatus,M. Arduser,,
3146,Kranco,2,C2,Portage,44.3852,-89.6250,21-25 June,2010,H. Gaines,Bombus bimaculatus,M. Arduser,,
3209,Urban,2,C2,Portage,44.3999,-89.7510,21-25 June,2010,H. Gaines,Bombus bimaculatus,M. Arduser,,
3210,Urban,2,C2,Portage,44.3999,-89.7510,21-25 June,2010,H. Gaines,Bombus bimaculatus,M. Arduser,,
3211,Urban,2,C2,Portage,44.3999,-89.7510,21-25 June,2010,H. Gaines,Bombus bimaculatus,M. Arduser,,
3246,Wandler,2,edge,Wood,44.4146,-90.0464,21-25 June,2010,H. Gaines,Bombus bimaculatus,M. Arduser,,
3297,Moss,2,50m,Wood,44.3908,-90.0226,21-25 June,2010,H. Gaines,Bombus bimaculatus,M. Arduser,,
3359,LynnHill,2,edge,Wood,44.2940,-89.9110,21-25 June,2010,H. Gaines,Bombus bimaculatus,M. Arduser,,
3394,Searles,2,50m,Wood,44.2656,-90.0790,21-25 June,2010,H. Gaines,Bombus bimaculatus,M. Arduser,,
3590,BibleCastle,2,edge,Jackson,44.2779,-90.7544,21-25 June,2010,H. Gaines,Bombus bimaculatus,M. Arduser,,
3628,Finch,2,C2,Jackson,44.2642,-90.8095,21-25 June,2010,H. Gaines,Bombus bimaculatus,M. Arduser,,
3881,Brockman,3,edge,Wood,44.2841,-90.0943,15-19 July,2010,H. Gaines,Bombus bimaculatus,M. Arduser,,
4304,GebhardtCrampton,3,50m,Jackson,44.1690,-90.3890,15-19 July,2010,H. Gaines,Bombus bimaculatus,M. Arduser,,
4305,GebhardtCrampton,3,50m,Jackson,44.1690,-90.3890,15-19 July,2010,H. Gaines,Bombus bimaculatus,M. Arduser,,
4487,BibleCastle,3,50m,Jackson,44.2779,-90.7544,15-19 July,2010,H. Gaines,Bombus bimaculatus,M. Arduser,,
4633,Finch,3,edge,Jackson,44.2642,-90.8095,15-19 July,2010,H. Gaines,Bombus bimaculatus,M. Arduser,,
4655,Jerry's Berries,3,50m,Jackson,44.2335,-90.7361,15-19 July,2010,H. Gaines,Bombus bimaculatus,M. Arduser,,
4719,Gardner,1,50m,Wood,44.4550,-90.0928,1-5 June,2010,H. Gaines,Bombus bimaculatus,M. Arduser,,
5814,SwenNekoosa,1,50m,Wood,44.3251,-89.9103,13-17 Jun,2011,H. Gaines,Bombus bimaculatus,John Ascher,open   ,
6272,Nemitz,1,50m,Jackson,44.1915,-90.4112,13-17 Jun,2011,H. Gaines,Bombus bimaculatus,John Ascher,open   ,
6430,DuckartMain,2,edge,Wood,44.3843,-89.9644,27 Jun-1 Jul,2011,H. Gaines,Bombus bimaculatus,John Ascher,open   ,
6502,FlyingDollar,2,edge,Jackson,44.2626,-90.3526,27 Jun-1 Jul,2011,H. Gaines,Bombus bimaculatus,John Ascher,open   ,
6525,GebhardtCrampton,2,edge,Jackson,44.1675,-90.3921,27 Jun-1 Jul,2011,H. Gaines,Bombus bimaculatus,John Ascher,open   ,
6544,SwenEast,2,edge,Jackson,44.1904,-90.3673,27 Jun-1 Jul,2011,H. Gaines,Bombus bimaculatus,John Ascher,open   ,
6545,SwenEast,2,edge,Jackson,44.1904,-90.3673,27 Jun-1 Jul,2011,H. Gaines,Bombus bimaculatus,John Ascher,open   ,
6611,LynnHill,2,edge,Wood,44.2944,-89.9072,27 Jun-1 Jul,2011,H. Gaines,Bombus bimaculatus,John Ascher,open   ,
6660,GebhardtCrampton,2,50m,Jackson,44.1675,-90.3921,27 Jun-1 Jul,2011,H. Gaines,Bombus bimaculatus,John Ascher,open   ,
6817,Brockman,3,edge,Wood,44.2845,-90.0924,1-4 Aug,2011,H. Gaines,Bombus bimaculatus,John Ascher,open   ,
6914,FlyingDollar,3,50m,Jackson,44.2626,-90.3526,25-28 Jul,2011,H. Gaines,Bombus bimaculatus,John Ascher,open yellow fuzz on face  ,
7025,SwenEast,3,50m,Jackson,44.1904,-90.3673,25-28 Jul,2011,H. Gaines,Bombus bimaculatus,John Ascher,open queen?  ,
7059,Nemitz,3,50m,Jackson,44.1915,-90.4112,25-28 Jul,2011,H. Gaines,Bombus bimaculatus,John Ascher,open queen?  ,
421,DuckartMain,3,50 m,Wood,44.3842,-89.9644,30-Jun-2008,2008,H. Gaines,Bombus borealis,M. Arduser,,
441,DuckartNew,3,50 m,Wood,44.4159,-89.9718,30-Jun-2008,2008,H. Gaines,Bombus borealis,M. Arduser,,
492,SwenNekoosa,3,50 m,Wood,44.3250,-89.9107,3-Jul-2008,2008,H. Gaines,Bombus borealis,M. Arduser,,
635,GebhardtConcord,2,edge,Monroe,44.0915,-90.4484,21-Jun-2008,2008,H. Gaines,Bombus borealis,M. Arduser,,
2281,CrimsonStar,3,edge,Portage,44.3211,-89.6629,15-19 July,2010,H. Gaines,Bombus borealis,M. Arduser,,
2342,CrimsonStar,3,C1,Portage,44.3211,-89.6629,15-19 July,2010,H. Gaines,Bombus borealis,M. Arduser,,
2397,Urban,3,C1,Portage,44.3999,-89.7510,15-19 July,2010,H. Gaines,Bombus borealis,M. Arduser,,
2464,Kranco,3,50m,Portage,44.3852,-89.6250,15-19 July,2010,H. Gaines,Bombus borealis,M. Arduser,,
2541,Kranco,3,C1,Portage,44.3852,-89.6250,15-19 July,2010,H. Gaines,Bombus borealis,M. Arduser,,
2775,Johnson,3,edge,Wood,44.2734,-89.9767,15-19 July,2010,H. Gaines,Bombus borealis,M. Arduser,,
2776,Johnson,3,edge,Wood,44.2734,-89.9767,15-19 July,2010,H. Gaines,Bombus borealis,M. Arduser,,
2855,Johnson,3,50m,Wood,44.2734,-89.9767,15-19 July,2010,H. Gaines,Bombus borealis,M. Arduser,,
3124,CrimsonStar,2,50m,Portage,44.3211,-89.6629,21-25 June,2010,H. Gaines,Bombus borealis,M. Arduser,,
3145,Kranco,2,C2,Portage,44.3852,-89.6250,21-25 June,2010,H. Gaines,Bombus borealis,M. Arduser,,
3279,Ehlert,2,50m,Wood,44.4085,-90.0048,21-25 June,2010,H. Gaines,Bombus borealis,M. Arduser,,
4224,Damrow,3,50m,Monroe,44.0166,-90.4142,15-19 July,2010,H. Gaines,Bombus borealis,M. Arduser,,
5813,SwenNekoosa,1,50m,Wood,44.3251,-89.9103,13-17 Jun,2011,H. Gaines,Bombus borealis,John Ascher,open   ,
6510,SwenNekoosa,2,edge,Wood,44.3251,-89.9103,27 Jun-1 Jul,2011,H. Gaines,Bombus borealis,John Ascher,open   ,
7177,SwenNekoosa,3,50m,Wood,44.3251,-89.9103,1-4 Aug,2011,H. Gaines,Bombus borealis,John Ascher,open   ,
7178,SwenNekoosa,3,50m,Wood,44.3251,-89.9103,1-4 Aug,2011,H. Gaines,Bombus borealis,John Ascher,open   ,
7212,LynnHill,3,50m,Wood,44.2944,-89.9072,1-4 Aug,2011,H. Gaines,Bombus borealis,John Ascher,open   ,
7214,LynnHill,3,50m,Wood,44.2944,-89.9072,1-4 Aug,2011,H. Gaines,Bombus borealis,John Ascher,open   ,
7239,LynnHill,3,edge,Wood,44.2944,-89.9072,1-4 Aug,2011,H. Gaines,Bombus borealis,John Ascher,open   ,
7241,LynnHill,3,edge,Wood,44.2944,-89.9072,1-4 Aug,2011,H. Gaines,Bombus borealis,John Ascher,open   ,
353,Moss,3,edge,Wood,44.3889,-90.0241,30-Jun-2008,2008,H. Gaines,Bombus fernalde,M. Arduser,,
373,Moss,3,50 m,Wood,44.3889,-90.0241,30-Jun-2008,2008,H. Gaines,Bombus fernalde,M. Arduser,,
1157,GebhardtConcord,1,edge,Monroe,44.0915,-90.4484,31-May-2008,2008,H. Gaines,Bombus fervidus,M. Arduser,,
2283,CrimsonStar,3,edge,Portage,44.3211,-89.6629,15-19 July,2010,H. Gaines,Bombus fervidus,M. Arduser,,
2321,CrimsonStar,3,50m,Portage,44.3211,-89.6629,15-19 July,2010,H. Gaines,Bombus fervidus,M. Arduser,,
2322,CrimsonStar,3,50m,Portage,44.3211,-89.6629,15-19 July,2010,H. Gaines,Bombus fervidus,M. Arduser,,
3097,CrimsonStar,2,edge,Portage,44.3211,-89.6629,21-25 June,2010,H. Gaines,Bombus fervidus,M. Arduser,,
4390,Damrow,3,C2,Monroe,44.0166,-90.4142,15-19 July,2010,H. Gaines,Bombus fervidus,M. Arduser,,
4634,Finch,3,edge,Jackson,44.2642,-90.8095,15-19 July,2010,H. Gaines,Bombus fervidus,M. Arduser,,
5783,Basswater,1,50m,Monroe,43.9611,-90.3534,13-17 Jun,2011,H. Gaines,Bombus fervidus,John Ascher,open   ,
6130,Brockman,1,edge,Wood,44.2845,-90.0924,13-17 Jun,2011,H. Gaines,Bombus fervidus,John Ascher,open   ,
6282,GebhardtCrampton,1,edge,Jackson,44.1675,-90.3921,13-17 Jun,2011,H. Gaines,Bombus fervidus,John Ascher,open   ,
6329,JDR,1,50m,Monroe,44.1153,-90.5101,13-17 Jun,2011,H. Gaines,Bombus fervidus,John Ascher,open   ,
6345,JDR,1,edge,Monroe,44.1153,-90.5101,13-17 Jun,2011,H. Gaines,Bombus fervidus,John Ascher,open   ,
6381,RezinW,2,edge,Monroe,44.1326,-90.4439,27 Jun-1 Jul,2011,H. Gaines,Bombus fervidus,John Ascher,open   ,
6594,CrimsonStar,2,edge,Portage,44.3200,-89.6584,27 Jun-1 Jul,2011,H. Gaines,Bombus fervidus,John Ascher,open   ,
6675,BearCreek,2,50m,Monroe,43.9760,-90.3915,27 Jun-1 Jul,2011,H. Gaines,Bombus fervidus,John Ascher,open   ,
6959,Damrow,3,50m,Monroe,44.0148,-90.4094,25-28 Jul,2011,H. Gaines,Bombus fervidus,John Ascher,open   ,
7152,CrimsonStar,3,50m,Portage,44.3200,-89.6584,1-4 Aug,2011,H. Gaines,Bombus fervidus,John Ascher,open   ,
7155,CrimsonStar,3,50m,Portage,44.3200,-89.6584,1-4 Aug,2011,H. Gaines,Bombus fervidus,John Ascher,open   ,
125,Knorr,4,edge,Wood,44.3868,-89.8880,27-Jul-2008,2008,H. Gaines,Bombus griseocollis,M. Arduser,,
150,GebhardtCrampton,4,edge,Jackson,44.1675,-90.3919,26-Jul-2008,2008,H. Gaines,Bombus griseocollis,M. Arduser,,
170,Knorr,4,50 m,Wood,44.3868,-89.8880,27-Jul-2008,2008,H. Gaines,Bombus griseocollis,M. Arduser,,
304,GebhardtMain,3,edge,Monroe,44.1295,-90.4962,1-Jul-2008,2008,H. Gaines,Bombus griseocollis,M. Arduser,,
352,Moss,3,edge,Wood,44.3889,-90.0241,30-Jun-2008,2008,H. Gaines,Bombus griseocollis,M. Arduser,,
2432,Urban,3,50m,Portage,44.3999,-89.7510,15-19 July,2010,H. Gaines,Bombus griseocollis,M. Arduser,,
2434,Urban,3,50m,Portage,44.3999,-89.7510,15-19 July,2010,H. Gaines,Bombus griseocollis,M. Arduser,,
2539,Kranco,3,C1,Portage,44.3852,-89.6250,15-19 July,2010,H. Gaines,Bombus griseocollis,M. Arduser,,
2754,DuckartNew,3,50m,Wood,44.4142,-89.9719,15-19 July,2010,H. Gaines,Bombus griseocollis,M. Arduser,,
2780,Johnson,3,edge,Wood,44.2734,-89.9767,15-19 July,2010,H. Gaines,Bombus griseocollis,M. Arduser,,
3098,CrimsonStar,2,edge,Portage,44.3211,-89.6629,21-25 June,2010,H. Gaines,Bombus griseocollis,M. Arduser,,
3194,Okray,2,50m,Portage,44.4009,-89.6829,21-25 June,2010,H. Gaines,Bombus griseocollis,M. Arduser,,
3212,Urban,2,C2,Portage,44.3999,-89.7510,21-25 June,2010,H. Gaines,Bombus griseocollis,M. Arduser,,
3412,Searles,2,edge,Wood,44.2656,-90.0790,21-25 June,2010,H. Gaines,Bombus griseocollis,M. Arduser,,
3485,Vanatta,2,C2,Juneau,44.2404,-90.1473,21-25 June,2010,H. Gaines,Bombus griseocollis,M. Arduser,,
3629,BibleJanke,2,50m,Jackson,44.1858,-90.7412,21-25 June,2010,H. Gaines,Bombus griseocollis,M. Arduser,,
3668,BibleJanke,2,edge,Jackson,44.1858,-90.7412,21-25 June,2010,H. Gaines,Bombus griseocollis,M. Arduser,,
3879,Brockman,3,edge,Wood,44.2841,-90.0943,15-19 July,2010,H. Gaines,Bombus griseocollis,M. Arduser,,
3880,Brockman,3,edge,Wood,44.2841,-90.0943,15-19 July,2010,H. Gaines,Bombus griseocollis,M. Arduser,,
4155,Baldwin,3,edge,Monroe,44.0529,-90.4090,15-19 July,2010,H. Gaines,Bombus griseocollis,M. Arduser,,
4261,Olson,3,C1,Monroe,44.1549,-90.4897,15-19 July,2010,H. Gaines,Bombus griseocollis,M. Arduser,,
4654,Jerry's Berries,3,50m,Jackson,44.2335,-90.7361,15-19 July,2010,H. Gaines,Bombus griseocollis,M. Arduser,,
4656,Jerry's Berries,3,50m,Jackson,44.2335,-90.7361,15-19 July,2010,H. Gaines,Bombus griseocollis,M. Arduser,,
4843,BibleCastle,1,50m,Jackson,44.2779,-90.7544,1-5 June,2010,H. Gaines,Bombus griseocollis,M. Arduser,,
4904,Urban,1,C2,Portage,44.3999,-89.7510,1-5 June,2010,H. Gaines,Bombus griseocollis,M. Arduser,,
5179,GebhardtCrampton,1,C1,Jackson,44.1690,-90.3890,1-5 June,2010,H. Gaines,Bombus griseocollis,M. Arduser,,
5260,Finch,1,50m,Jackson,44.2642,-90.8095,1-5 June,2010,H. Gaines,Bombus griseocollis,M. Arduser,,
5269,Jerry's Berries,1,edge,Jackson,44.2335,-90.7361,1-5 June,2010,H. Gaines,Bombus griseocollis,M. Arduser,,
5271,Jerry's Berries,1,edge,Jackson,44.2335,-90.7361,1-5 June,2010,H. Gaines,Bombus griseocollis,M. Arduser,,
5376,LynnHill,1,edge,Wood,44.2940,-89.9110,1-5 June,2010,H. Gaines,Bombus griseocollis,M. Arduser,,
5964,Searles,1,50m,Wood,44.2669,-90.0757,13-17 Jun,2011,H. Gaines,Bombus griseocollis,John Ascher,open   ,
6737,Searles,3,50m,Wood,44.2669,-90.0757,8-11 Aug,2011,H. Gaines,Bombus griseocollis,John Ascher,open   ,
6770,Brockman,3,50m,Wood,44.2845,-90.0924,1-4 Aug,2011,H. Gaines,Bombus griseocollis,John Ascher,open   ,
6771,Brockman,3,50m,Wood,44.2845,-90.0924,1-4 Aug,2011,H. Gaines,Bombus griseocollis,John Ascher,open   ,
6772,Brockman,3,50m,Wood,44.2845,-90.0924,1-4 Aug,2011,H. Gaines,Bombus griseocollis,John Ascher,open   ,
6984,Nemitz,3,edge,Jackson,44.1915,-90.4112,25-28 Jul,2011,H. Gaines,Bombus griseocollis,John Ascher,open   ,
7001,SwenNekoosa,3,edge,Wood,44.3251,-89.9103,1-4 Aug,2011,H. Gaines,Bombus griseocollis,John Ascher,open   ,
7002,SwenNekoosa,3,edge,Wood,44.3251,-89.9103,1-4 Aug,2011,H. Gaines,Bombus griseocollis,John Ascher,open   ,
7023,SwenEast,3,50m,Jackson,44.1904,-90.3673,25-28 Jul,2011,H. Gaines,Bombus griseocollis,John Ascher,open   ,
7075,GebhardtCrampton,3,50m,Jackson,44.1675,-90.3921,25-28 Jul,2011,H. Gaines,Bombus griseocollis,John Ascher,open   ,
7175,SwenNekoosa,3,50m,Wood,44.3251,-89.9103,1-4 Aug,2011,H. Gaines,Bombus griseocollis,John Ascher,open queen?  ,
7242,LynnHill,3,edge,Wood,44.2944,-89.9072,1-4 Aug,2011,H. Gaines,Bombus griseocollis,John Ascher,open   ,
7245,LynnHill,3,edge,Wood,44.2944,-89.9072,1-4 Aug,2011,H. Gaines,Bombus griseocollis,John Ascher,open   ,
7246,LynnHill,3,edge,Wood,44.2944,-89.9072,1-4 Aug,2011,H. Gaines,Bombus griseocollis,John Ascher,open   ,
7299,FlyingDollar,3,edge,Jackson,44.2626,-90.3526,25-28 Jul,2011,H. Gaines,Bombus griseocollis,John Ascher,open yellow fuzz on face  ,
7407,Lester,3,edge,Wood,44.3503,-90.0267,8-11 Aug,2011,H. Gaines,Bombus griseocollis,John Ascher,open   ,
7646,Ebert,3,edge,Monroe,44.1435,-90.7024,8-11 Aug,2011,H. Gaines,Bombus griseocollis,John Ascher,open yellow fuzz on face  ,
7648,Ebert,3,edge,Monroe,44.1435,-90.7024,8-11 Aug,2011,H. Gaines,Bombus griseocollis,John Ascher,open   ,
5,Searles,4,50 m,Wood,44.2671,-90.0754,28-Jul-2008,2008,H. Gaines,Bombus impatiens,M. Arduser,,
77,GebhardtMain,4,edge,Monroe,44.1295,-90.4962,26-Jul-2008,2008,H. Gaines,Bombus impatiens,M. Arduser,,
96,Karris,4,edge,Wood,44.3009,-89.8805,27-Jul-2008,2008,H. Gaines,Bombus impatiens,M. Arduser,,
109,Bentz,4,edge,Juneau,44.2076,-90.1033,26-Jul-2008,2008,H. Gaines,Bombus impatiens,M. Arduser,,
182,Wandler,4,50 m,Wood,44.4136,-90.0453,28-Jul-2008,2008,H. Gaines,Bombus impatiens,M. Arduser,,
2282,CrimsonStar,3,edge,Portage,44.3211,-89.6629,15-19 July,2010,H. Gaines,Bombus impatiens,M. Arduser,,
2343,CrimsonStar,3,C1,Portage,44.3211,-89.6629,15-19 July,2010,H. Gaines,Bombus impatiens,M. Arduser,,
2361,Jerry's Berries,3,edge,Jackson,44.2335,-90.7361,15-19 July,2010,H. Gaines,Bombus impatiens,M. Arduser,,
2362,Jerry's Berries,3,edge,Jackson,44.2335,-90.7361,15-19 July,2010,H. Gaines,Bombus impatiens,M. Arduser,,
2403,Urban,3,C2,Portage,44.3999,-89.7510,15-19 July,2010,H. Gaines,Bombus impatiens,M. Arduser,,
2404,Urban,3,C2,Portage,44.3999,-89.7510,15-19 July,2010,H. Gaines,Bombus impatiens,M. Arduser,,
2405,Urban,3,C2,Portage,44.3999,-89.7510,15-19 July,2010,H. Gaines,Bombus impatiens,M. Arduser,,
2406,Urban,3,C2,Portage,44.3999,-89.7510,15-19 July,2010,H. Gaines,Bombus impatiens,M. Arduser,,
2416,Urban,3,edge,Portage,44.3999,-89.7510,15-19 July,2010,H. Gaines,Bombus impatiens,M. Arduser,,
2417,Urban,3,edge,Portage,44.3999,-89.7510,15-19 July,2010,H. Gaines,Bombus impatiens,M. Arduser,,
2430,Urban,3,50m,Portage,44.3999,-89.7510,15-19 July,2010,H. Gaines,Bombus impatiens,M. Arduser,,
2431,Urban,3,50m,Portage,44.3999,-89.7510,15-19 July,2010,H. Gaines,Bombus impatiens,M. Arduser,,
2433,Urban,3,50m,Portage,44.3999,-89.7510,15-19 July,2010,H. Gaines,Bombus impatiens,M. Arduser,,
2435,Urban,3,50m,Portage,44.3999,-89.7510,15-19 July,2010,H. Gaines,Bombus impatiens,M. Arduser,,
2479,Kranco,3,edge,Portage,44.3852,-89.6250,15-19 July,2010,H. Gaines,Bombus impatiens,M. Arduser,,
2589,Moss,3,edge,Wood,44.3908,-90.0226,15-19 July,2010,H. Gaines,Bombus impatiens,M. Arduser,,
2642,Wandler,3,50m,Wood,44.4146,-90.0464,15-19 July,2010,H. Gaines,Bombus impatiens,M. Arduser,,
2662,Wandler,3,edge,Wood,44.4146,-90.0464,15-19 July,2010,H. Gaines,Bombus impatiens,M. Arduser,,
2665,Wandler,3,edge,Wood,44.4146,-90.0464,15-19 July,2010,H. Gaines,Bombus impatiens,M. Arduser,,
2695,MarshRd,3,50m,Wood,44.3858,-89.8929,15-19 July,2010,H. Gaines,Bombus impatiens,M. Arduser,,
2721,MarshRd,3,edge,Wood,44.3858,-89.8929,15-19 July,2010,H. Gaines,Bombus impatiens,M. Arduser,,
2777,Johnson,3,edge,Wood,44.2734,-89.9767,15-19 July,2010,H. Gaines,Bombus impatiens,M. Arduser,,
2779,Johnson,3,edge,Wood,44.2734,-89.9767,15-19 July,2010,H. Gaines,Bombus impatiens,M. Arduser,,
2781,Johnson,3,edge,Wood,44.2734,-89.9767,15-19 July,2010,H. Gaines,Bombus impatiens,M. Arduser,,
2830,SenecaRed,3,50m,Wood,44.3729,-89.9127,15-19 July,2010,H. Gaines,Bombus impatiens,M. Arduser,,
2832,SenecaRed,3,50m,Wood,44.3729,-89.9127,15-19 July,2010,H. Gaines,Bombus impatiens,M. Arduser,,
2833,SenecaRed,3,50m,Wood,44.3729,-89.9127,15-19 July,2010,H. Gaines,Bombus impatiens,M. Arduser,,
2834,SenecaRed,3,50m,Wood,44.3729,-89.9127,15-19 July,2010,H. Gaines,Bombus impatiens,M. Arduser,,
2851,Johnson,3,50m,Wood,44.2734,-89.9767,15-19 July,2010,H. Gaines,Bombus impatiens,M. Arduser,,
2852,Johnson,3,50m,Wood,44.2734,-89.9767,15-19 July,2010,H. Gaines,Bombus impatiens,M. Arduser,,
2856,Johnson,3,50m,Wood,44.2734,-89.9767,15-19 July,2010,H. Gaines,Bombus impatiens,M. Arduser,,
2933,Searles,3,edge,Wood,44.2656,-90.0790,15-19 July,2010,H. Gaines,Bombus impatiens,M. Arduser,,
3025,GebhardtConcord,2,edge,Monroe,44.0903,-90.4474,21-25 June,2010,H. Gaines,Bombus impatiens,M. Arduser,,
3195,Okray,2,50m,Portage,44.4009,-89.6829,21-25 June,2010,H. Gaines,Bombus impatiens,M. Arduser,,
3207,Urban,2,C2,Portage,44.3999,-89.7510,21-25 June,2010,H. Gaines,Bombus impatiens,M. Arduser,,
3271,Wandler,2,50m,Wood,44.4146,-90.0464,21-25 June,2010,H. Gaines,Bombus impatiens,M. Arduser,,
3302,Moss,2,edge,Wood,44.3908,-90.0226,21-25 June,2010,H. Gaines,Bombus impatiens,M. Arduser,,
3303,DuckartNew,2,edge,Wood,44.4142,-89.9719,21-25 June,2010,H. Gaines,Bombus impatiens,M. Arduser,,
3314,MarshRd,2,edge,Wood,44.3858,-89.8929,21-25 June,2010,H. Gaines,Bombus impatiens,M. Arduser,,
3329,SenecaRed,2,edge,Wood,44.3729,-89.9127,21-25 June,2010,H. Gaines,Bombus impatiens,M. Arduser,,
3411,Searles,2,edge,Wood,44.2656,-90.0790,21-25 June,2010,H. Gaines,Bombus impatiens,M. Arduser,,
3422,Brockman,2,C2,Wood,44.2841,-90.0943,21-25 June,2010,H. Gaines,Bombus impatiens,M. Arduser,,
3423,Brockman,2,C2,Wood,44.2841,-90.0943,21-25 June,2010,H. Gaines,Bombus impatiens,M. Arduser,,
3438,Brockman,2,C1,Wood,44.2841,-90.0943,21-25 June,2010,H. Gaines,Bombus impatiens,M. Arduser,,
3439,Brockman,2,C1,Wood,44.2841,-90.0943,21-25 June,2010,H. Gaines,Bombus impatiens,M. Arduser,,
3498,Bentz,2,50m,Juneau,44.2102,-90.1022,21-25 June,2010,H. Gaines,Bombus impatiens,M. Arduser,,
3550,K&S Griffin,2,edge,Monroe,44.1394,-90.5283,21-25 June,2010,H. Gaines,Bombus impatiens,M. Arduser,,
3646,Jerry's Berries,2,50m,Jackson,44.2335,-90.7361,21-25 June,2010,H. Gaines,Bombus impatiens,M. Arduser,,
3735,Ebert,2,edge,Monroe,44.1465,-90.6948,21-25 June,2010,H. Gaines,Bombus impatiens,M. Arduser,,
3766,Johnson,1,edge,Wood,44.2734,-89.9767,1-5 June,2010,H. Gaines,Bombus impatiens,M. Arduser,,
3826,MarshRd,1,50m,Wood,44.3858,-89.8929,1-5 June,2010,H. Gaines,Bombus impatiens,M. Arduser,,
3913,Brockman,3,50m,Wood,44.2841,-90.0943,15-19 July,2010,H. Gaines,Bombus impatiens,M. Arduser,,
3963,Brockman,3,C1,Wood,44.2841,-90.0943,15-19 July,2010,H. Gaines,Bombus impatiens,M. Arduser,,
3965,Brockman,3,C1,Wood,44.2841,-90.0943,15-19 July,2010,H. Gaines,Bombus impatiens,M. Arduser,,
3990,Brockman,3,C2,Wood,44.2841,-90.0943,15-19 July,2010,H. Gaines,Bombus impatiens,M. Arduser,,
4067,Vanatta,3,edge,Juneau,44.2404,-90.1473,15-19 July,2010,H. Gaines,Bombus impatiens,M. Arduser,,
4120,Vanatta,3,C2,Juneau,44.2404,-90.1473,15-19 July,2010,H. Gaines,Bombus impatiens,M. Arduser,,
4121,Vanatta,3,C2,Juneau,44.2404,-90.1473,15-19 July,2010,H. Gaines,Bombus impatiens,M. Arduser,,
4122,Vanatta,3,C2,Juneau,44.2404,-90.1473,15-19 July,2010,H. Gaines,Bombus impatiens,M. Arduser,,
4150,Bentz,3,50m,Juneau,44.2102,-90.1022,15-19 July,2010,H. Gaines,Bombus impatiens,M. Arduser,,
4185,Damrow,3,edge,Monroe,44.0166,-90.4142,15-19 July,2010,H. Gaines,Bombus impatiens,M. Arduser,,
4225,Damrow,3,50m,Monroe,44.0166,-90.4142,15-19 July,2010,H. Gaines,Bombus impatiens,M. Arduser,,
4307,GebhardtCrampton,3,50m,Jackson,44.1690,-90.3890,15-19 July,2010,H. Gaines,Bombus impatiens,M. Arduser,,
4404,Damrow,3,C1,Monroe,44.0166,-90.4142,15-19 July,2010,H. Gaines,Bombus impatiens,M. Arduser,,
4499,BibleCastle,3,50m,Jackson,44.2779,-90.7544,15-19 July,2010,H. Gaines,Bombus impatiens,M. Arduser,,
4586,Finch,3,C2,Jackson,44.2642,-90.8095,15-19 July,2010,H. Gaines,Bombus impatiens,M. Arduser,,
4587,Finch,3,C2,Jackson,44.2642,-90.8095,15-19 July,2010,H. Gaines,Bombus impatiens,M. Arduser,,
4588,Finch,3,C2,Jackson,44.2642,-90.8095,15-19 July,2010,H. Gaines,Bombus impatiens,M. Arduser,,
4589,Finch,3,C2,Jackson,44.2642,-90.8095,15-19 July,2010,H. Gaines,Bombus impatiens,M. Arduser,,
4590,Finch,3,C2,Jackson,44.2642,-90.8095,15-19 July,2010,H. Gaines,Bombus impatiens,M. Arduser,,
4592,Finch,3,C2,Jackson,44.2642,-90.8095,15-19 July,2010,H. Gaines,Bombus impatiens,M. Arduser,,
4601,Finch,3,C1,Jackson,44.2642,-90.8095,15-19 July,2010,H. Gaines,Bombus impatiens,M. Arduser,,
4602,Finch,3,C1,Jackson,44.2642,-90.8095,15-19 July,2010,H. Gaines,Bombus impatiens,M. Arduser,,
4603,Finch,3,C1,Jackson,44.2642,-90.8095,15-19 July,2010,H. Gaines,Bombus impatiens,M. Arduser,,
4605,Finch,3,C1,Jackson,44.2642,-90.8095,15-19 July,2010,H. Gaines,Bombus impatiens,M. Arduser,,
4657,Jerry's Berries,3,50m,Jackson,44.2335,-90.7361,15-19 July,2010,H. Gaines,Bombus impatiens,M. Arduser,,
4659,Jerry's Berries,3,50m,Jackson,44.2335,-90.7361,15-19 July,2010,H. Gaines,Bombus impatiens,M. Arduser,,
4660,Jerry's Berries,3,50m,Jackson,44.2335,-90.7361,15-19 July,2010,H. Gaines,Bombus impatiens,M. Arduser,,
4661,Jerry's Berries,3,50m,Jackson,44.2335,-90.7361,15-19 July,2010,H. Gaines,Bombus impatiens,M. Arduser,,
4662,Jerry's Berries,3,50m,Jackson,44.2335,-90.7361,15-19 July,2010,H. Gaines,Bombus impatiens,M. Arduser,,
4663,Jerry's Berries,3,50m,Jackson,44.2335,-90.7361,15-19 July,2010,H. Gaines,Bombus impatiens,M. Arduser,,
4689,Urban,1,50m,Portage,44.3999,-89.7510,1-5 June,2010,H. Gaines,Bombus impatiens,M. Arduser,,
4871,Finch,1,C2,Jackson,44.2642,-90.8095,1-5 June,2010,H. Gaines,Bombus impatiens,M. Arduser,,
4968,SenecaRed,1,50m,Wood,44.3729,-89.9127,1-5 June,2010,H. Gaines,Bombus impatiens,M. Arduser,,
4984,BibleJanke,1,edge,Jackson,44.1858,-90.7412,1-5 June,2010,H. Gaines,Bombus impatiens,M. Arduser,,
4985,BibleJanke,1,edge,Jackson,44.1858,-90.7412,1-5 June,2010,H. Gaines,Bombus impatiens,M. Arduser,,
5268,Jerry's Berries,1,edge,Jackson,44.2335,-90.7361,1-5 June,2010,H. Gaines,Bombus impatiens,M. Arduser,,
5270,Jerry's Berries,1,edge,Jackson,44.2335,-90.7361,1-5 June,2010,H. Gaines,Bombus impatiens,M. Arduser,,
5272,Jerry's Berries,1,edge,Jackson,44.2335,-90.7361,1-5 June,2010,H. Gaines,Bombus impatiens,M. Arduser,,
5273,Jerry's Berries,1,edge,Jackson,44.2335,-90.7361,1-5 June,2010,H. Gaines,Bombus impatiens,M. Arduser,,
5891,Nemitz,1,edge,Jackson,44.1915,-90.4112,13-17 Jun,2011,H. Gaines,Bombus impatiens,John Ascher,open   ,
6270,Nemitz,1,50m,Jackson,44.1915,-90.4112,13-17 Jun,2011,H. Gaines,Bombus impatiens,John Ascher,open queen?  ,
6271,Nemitz,1,50m,Jackson,44.1915,-90.4112,13-17 Jun,2011,H. Gaines,Bombus impatiens,John Ascher,open   ,
6297,BibleJanke,1,50m,Jackson,44.1848,-90.7385,13-17 Jun,2011,H. Gaines,Bombus impatiens,John Ascher,open queen?  ,
6412,BibleJanke,2,edge,Jackson,44.1848,-90.7385,27 Jun-1 Jul,2011,H. Gaines,Bombus impatiens,John Ascher,open   ,
6499,Lester,2,edge,Wood,44.3503,-90.0267,27 Jun-1 Jul,2011,H. Gaines,Bombus impatiens,John Ascher,open   ,
6553,Nemitz,2,50m,Jackson,44.1915,-90.4112,27 Jun-1 Jul,2011,H. Gaines,Bombus impatiens,John Ascher,open   ,
6559,Nemitz,2,edge,Jackson,44.1915,-90.4112,27 Jun-1 Jul,2011,H. Gaines,Bombus impatiens,John Ascher,open   ,
6562,Damrow,2,edge,Monroe,44.0148,-90.4094,27 Jun-1 Jul,2011,H. Gaines,Bombus impatiens,John Ascher,"coarse queen?, r1 or r2?  ",
6678,BibleJanke,2,50m,Jackson,44.1848,-90.7385,27 Jun-1 Jul,2011,H. Gaines,Bombus impatiens,John Ascher,open   ,
6773,Brockman,3,50m,Wood,44.2845,-90.0924,1-4 Aug,2011,H. Gaines,Bombus impatiens,John Ascher,open   ,
6816,Brockman,3,edge,Wood,44.2845,-90.0924,1-4 Aug,2011,H. Gaines,Bombus impatiens,John Ascher,open   ,
6855,Rasmussen,3,edge,Wood,44.3651,-90.0863,1-4 Aug,2011,H. Gaines,Bombus impatiens,John Ascher,open   ,
6985,Nemitz,3,edge,Jackson,44.1915,-90.4112,25-28 Jul,2011,H. Gaines,Bombus impatiens,John Ascher,open   ,
6986,Nemitz,3,edge,Jackson,44.1915,-90.4112,25-28 Jul,2011,H. Gaines,Bombus impatiens,John Ascher,open   ,
6987,Nemitz,3,edge,Jackson,44.1915,-90.4112,25-28 Jul,2011,H. Gaines,Bombus impatiens,John Ascher,open rounder face  ,
6989,Nemitz,3,edge,Jackson,44.1915,-90.4112,25-28 Jul,2011,H. Gaines,Bombus impatiens,John Ascher,open   ,
7056,Nemitz,3,50m,Jackson,44.1915,-90.4112,25-28 Jul,2011,H. Gaines,Bombus impatiens,John Ascher,open   ,
7057,Nemitz,3,50m,Jackson,44.1915,-90.4112,25-28 Jul,2011,H. Gaines,Bombus impatiens,John Ascher,open   ,
7060,Nemitz,3,50m,Jackson,44.1915,-90.4112,25-28 Jul,2011,H. Gaines,Bombus impatiens,John Ascher,open   ,
7062,Nemitz,3,50m,Jackson,44.1915,-90.4112,25-28 Jul,2011,H. Gaines,Bombus impatiens,John Ascher,open   ,
7065,Nemitz,3,50m,Jackson,44.1915,-90.4112,25-28 Jul,2011,H. Gaines,Bombus impatiens,John Ascher,open   ,
7176,SwenNekoosa,3,50m,Wood,44.3251,-89.9103,1-4 Aug,2011,H. Gaines,Bombus impatiens,John Ascher,open   ,
7213,LynnHill,3,50m,Wood,44.2944,-89.9072,1-4 Aug,2011,H. Gaines,Bombus impatiens,John Ascher,open   ,
7244,LynnHill,3,edge,Wood,44.2944,-89.9072,1-4 Aug,2011,H. Gaines,Bombus impatiens,John Ascher,open   ,
7384,RezinW,3,50m,Monroe,44.1326,-90.4439,25-28 Jul,2011,H. Gaines,Bombus impatiens,John Ascher,open   ,
7535,BibleJanke,3,edge,Jackson,44.1848,-90.7385,25-28 Jul,2011,H. Gaines,Bombus impatiens,John Ascher,open   ,
7536,BibleJanke,3,edge,Jackson,44.1848,-90.7385,25-28 Jul,2011,H. Gaines,Bombus impatiens,John Ascher,open   ,
7539,BibleJanke,3,edge,Jackson,44.1848,-90.7385,25-28 Jul,2011,H. Gaines,Bombus impatiens,John Ascher,open   ,
7556,BibleJanke,3,50m,Jackson,44.1848,-90.7385,25-28 Jul,2011,H. Gaines,Bombus impatiens,John Ascher,open   ,
7557,BibleJanke,3,50m,Jackson,44.1848,-90.7385,25-28 Jul,2011,H. Gaines,Bombus impatiens,John Ascher,open   ,
7558,BibleJanke,3,50m,Jackson,44.1848,-90.7385,25-28 Jul,2011,H. Gaines,Bombus impatiens,John Ascher,open   ,
7560,BibleJanke,3,50m,Jackson,44.1848,-90.7385,25-28 Jul,2011,H. Gaines,Bombus impatiens,John Ascher,open   ,
7609,Ebert,3,50m,Monroe,44.1435,-90.7024,8-11 Aug,2011,H. Gaines,Bombus impatiens,John Ascher,open   ,
7660,Ebert,3,edge,Monroe,44.1435,-90.7024,8-11 Aug,2011,H. Gaines,Bombus impatiens,John Ascher,open   ,
7322,Damrow,3,edge,Monroe,44.0148,-90.4094,25-28 Jul,2011,H. Gaines,Bombus pensylvanicus,John Ascher,open   ,
2323,CrimsonStar,3,50m,Portage,44.3211,-89.6629,15-19 July,2010,H. Gaines,Bombus rufocinctus,M. Arduser,,
3385,Johnson,2,50m,Wood,44.2734,-89.9767,21-25 June,2010,H. Gaines,Bombus rufocinctus,M. Arduser,,
3492,Vanatta,2,edge,Juneau,44.2404,-90.1473,21-25 June,2010,H. Gaines,Bombus rufocinctus,M. Arduser,,
3518,Olson,2,edge,Monroe,44.1549,-90.4897,21-25 June,2010,H. Gaines,Bombus rufocinctus,M. Arduser,,
3993,Brockman,3,C2,Wood,44.2841,-90.0943,15-19 July,2010,H. Gaines,Bombus rufocinctus,M. Arduser,,
7243,LynnHill,3,edge,Wood,44.2944,-89.9072,1-4 Aug,2011,H. Gaines,Bombus rufocinctus,John Ascher,open   ,
2558,Kranco,3,C2,Portage,44.3852,-89.6250,15-19 July,2010,H. Gaines,Bombus sandersoni,M. Arduser,,
2724,MarshRd,3,edge,Wood,44.3858,-89.8929,15-19 July,2010,H. Gaines,Bombus sandersoni,M. Arduser,,
2991,GebhardtCrampton,2,C1,Jackson,44.1690,-90.3890,21-25 June,2010,H. Gaines,Bombus sandersoni,M. Arduser,,
3226,Urban,2,edge,Portage,44.3999,-89.7510,21-25 June,2010,H. Gaines,Bombus sandersoni,M. Arduser,,
3519,Olson,2,edge,Monroe,44.1549,-90.4897,21-25 June,2010,H. Gaines,Bombus sandersoni,M. Arduser,,
3630,BibleJanke,2,50m,Jackson,44.1858,-90.7412,21-25 June,2010,H. Gaines,Bombus sandersoni,M. Arduser,,
5928,FlyingDollar,1,edge,Jackson,44.2626,-90.3526,13-17 Jun,2011,H. Gaines,Bombus sandersoni,John Ascher,open   ,
6560,Nemitz,2,edge,Jackson,44.1915,-90.4112,27 Jun-1 Jul,2011,H. Gaines,Bombus sandersoni,John Ascher,open rounder face  ,
6561,Nemitz,2,edge,Jackson,44.1915,-90.4112,27 Jun-1 Jul,2011,H. Gaines,Bombus sandersoni,John Ascher,open rounder face  ,
6915,FlyingDollar,3,50m,Jackson,44.2626,-90.3526,25-28 Jul,2011,H. Gaines,Bombus sandersoni,John Ascher,open rounder face  ,
2993,GebhardtCrampton,2,C1,Jackson,44.1690,-90.3890,21-25 June,2010,H. Gaines,Bombus sp.,M. Arduser,,
23,DuckartNew,4,edge,Wood,44.4159,-89.9718,27-Jul-2008,2008,H. Gaines,Bombus ternarius,M. Arduser,,
46,SwenEast,4,edge,Jackson,44.1904,-90.3673,26-Jul-2008,2008,H. Gaines,Bombus ternarius,M. Arduser,,
71,GebhardtConcord,4,edge,Monroe,44.0915,-90.4484,26-Jul-2008,2008,H. Gaines,Bombus ternarius,M. Arduser,,
179,Wandler,4,50 m,Wood,44.4136,-90.0453,28-Jul-2008,2008,H. Gaines,Bombus ternarius,M. Arduser,,
388,DuckartMain,3,edge,Wood,44.3842,-89.9644,30-Jun-2008,2008,H. Gaines,Bombus ternarius,M. Arduser,,
2100,BibleJanke,3,50m,Jackson,44.1858,-90.7412,15-19 July,2010,H. Gaines,Bombus ternarius,M. Arduser,,
2188,Ebert,3,C1,Monroe,44.1465,-90.6948,15-19 July,2010,H. Gaines,Bombus ternarius,M. Arduser,,
2191,Ebert,3,50m,Monroe,44.1465,-90.6948,15-19 July,2010,H. Gaines,Bombus ternarius,M. Arduser,,
2284,CrimsonStar,3,edge,Portage,44.3211,-89.6629,15-19 July,2010,H. Gaines,Bombus ternarius,M. Arduser,,
2577,Moss,3,50m,Wood,44.3908,-90.0226,15-19 July,2010,H. Gaines,Bombus ternarius,M. Arduser,,
2578,Moss,3,50m,Wood,44.3908,-90.0226,15-19 July,2010,H. Gaines,Bombus ternarius,M. Arduser,,
2579,Moss,3,50m,Wood,44.3908,-90.0226,15-19 July,2010,H. Gaines,Bombus ternarius,M. Arduser,,
2580,Moss,3,50m,Wood,44.3908,-90.0226,15-19 July,2010,H. Gaines,Bombus ternarius,M. Arduser,,
2583,Moss,3,edge,Wood,44.3908,-90.0226,15-19 July,2010,H. Gaines,Bombus ternarius,M. Arduser,,
2584,Moss,3,edge,Wood,44.3908,-90.0226,15-19 July,2010,H. Gaines,Bombus ternarius,M. Arduser,,
2585,Moss,3,edge,Wood,44.3908,-90.0226,15-19 July,2010,H. Gaines,Bombus ternarius,M. Arduser,,
2586,Moss,3,edge,Wood,44.3908,-90.0226,15-19 July,2010,H. Gaines,Bombus ternarius,M. Arduser,,
2587,Moss,3,edge,Wood,44.3908,-90.0226,15-19 July,2010,H. Gaines,Bombus ternarius,M. Arduser,,
2588,Moss,3,edge,Wood,44.3908,-90.0226,15-19 July,2010,H. Gaines,Bombus ternarius,M. Arduser,,
2590,Moss,3,edge,Wood,44.3908,-90.0226,15-19 July,2010,H. Gaines,Bombus ternarius,M. Arduser,,
2599,Ehlert,3,50m,Wood,44.4085,-90.0048,15-19 July,2010,H. Gaines,Bombus ternarius,M. Arduser,,
2618,Ehlert,3,edge,Wood,44.4085,-90.0048,15-19 July,2010,H. Gaines,Bombus ternarius,M. Arduser,,
2666,Wandler,3,edge,Wood,44.4146,-90.0464,15-19 July,2010,H. Gaines,Bombus ternarius,M. Arduser,,
2698,MarshRd,3,50m,Wood,44.3858,-89.8929,15-19 July,2010,H. Gaines,Bombus ternarius,M. Arduser,,
2699,MarshRd,3,50m,Wood,44.3858,-89.8929,15-19 July,2010,H. Gaines,Bombus ternarius,M. Arduser,,
2722,MarshRd,3,edge,Wood,44.3858,-89.8929,15-19 July,2010,H. Gaines,Bombus ternarius,M. Arduser,,
2723,MarshRd,3,edge,Wood,44.3858,-89.8929,15-19 July,2010,H. Gaines,Bombus ternarius,M. Arduser,,
2762,DuckartNew,3,edge,Wood,44.4142,-89.9719,15-19 July,2010,H. Gaines,Bombus ternarius,M. Arduser,,
2763,DuckartNew,3,edge,Wood,44.4142,-89.9719,15-19 July,2010,H. Gaines,Bombus ternarius,M. Arduser,,
2764,DuckartNew,3,edge,Wood,44.4142,-89.9719,15-19 July,2010,H. Gaines,Bombus ternarius,M. Arduser,,
2857,Johnson,3,50m,Wood,44.2734,-89.9767,15-19 July,2010,H. Gaines,Bombus ternarius,M. Arduser,,
2934,Searles,3,edge,Wood,44.2656,-90.0790,15-19 July,2010,H. Gaines,Bombus ternarius,M. Arduser,,
2935,Searles,3,edge,Wood,44.2656,-90.0790,15-19 July,2010,H. Gaines,Bombus ternarius,M. Arduser,,
2992,GebhardtCrampton,2,C1,Jackson,44.1690,-90.3890,21-25 June,2010,H. Gaines,Bombus ternarius,M. Arduser,,
2994,GebhardtCrampton,2,C1,Jackson,44.1690,-90.3890,21-25 June,2010,H. Gaines,Bombus ternarius,M. Arduser,,
3013,Baldwin,2,50m,Monroe,44.0529,-90.4090,21-25 June,2010,H. Gaines,Bombus ternarius,M. Arduser,,
3285,Ehlert,2,edge,Wood,44.4085,-90.0048,21-25 June,2010,H. Gaines,Bombus ternarius,M. Arduser,,
3286,Ehlert,2,edge,Wood,44.4085,-90.0048,21-25 June,2010,H. Gaines,Bombus ternarius,M. Arduser,,
3312,DuckartNew,2,edge,Wood,44.4142,-89.9719,21-25 June,2010,H. Gaines,Bombus ternarius,M. Arduser,,
3500,Olson,2,C2,Monroe,44.1549,-90.4897,21-25 June,2010,H. Gaines,Bombus ternarius,M. Arduser,,
3501,Olson,2,C2,Monroe,44.1549,-90.4897,21-25 June,2010,H. Gaines,Bombus ternarius,M. Arduser,,
3520,Olson,2,edge,Monroe,44.1549,-90.4897,21-25 June,2010,H. Gaines,Bombus ternarius,M. Arduser,,
3530,Olson,2,50m,Monroe,44.1549,-90.4897,21-25 June,2010,H. Gaines,Bombus ternarius,M. Arduser,,
3964,Brockman,3,C1,Wood,44.2841,-90.0943,15-19 July,2010,H. Gaines,Bombus ternarius,M. Arduser,,
4173,Baldwin,3,50m,Monroe,44.0529,-90.4090,15-19 July,2010,H. Gaines,Bombus ternarius,M. Arduser,,
4287,GebhardtCrampton,3,C2,Jackson,44.1690,-90.3890,15-19 July,2010,H. Gaines,Bombus ternarius,M. Arduser,,
4295,GebhardtCrampton,3,C1,Jackson,44.1690,-90.3890,15-19 July,2010,H. Gaines,Bombus ternarius,M. Arduser,,
4297,GebhardtCrampton,3,C1,Jackson,44.1690,-90.3890,15-19 July,2010,H. Gaines,Bombus ternarius,M. Arduser,,
4306,GebhardtCrampton,3,50m,Jackson,44.1690,-90.3890,15-19 July,2010,H. Gaines,Bombus ternarius,M. Arduser,,
4322,GebhardtConcord,3,edge,Monroe,44.0903,-90.4474,15-19 July,2010,H. Gaines,Bombus ternarius,M. Arduser,,
4486,BibleCastle,3,50m,Jackson,44.2779,-90.7544,15-19 July,2010,H. Gaines,Bombus ternarius,M. Arduser,,
4619,Finch,3,50m,Jackson,44.2642,-90.8095,15-19 July,2010,H. Gaines,Bombus ternarius,M. Arduser,,
4658,Jerry's Berries,3,50m,Jackson,44.2335,-90.7361,15-19 July,2010,H. Gaines,Bombus ternarius,M. Arduser,,
4881,Jerry's Berries,1,50m,Jackson,44.2335,-90.7361,1-5 June,2010,H. Gaines,Bombus ternarius,M. Arduser,,
5065,DuckartNew,1,50m,Wood,44.4142,-89.9719,1-5 June,2010,H. Gaines,Bombus ternarius,M. Arduser,,
5069,DuckartNew,1,edge,Wood,44.4142,-89.9719,1-5 June,2010,H. Gaines,Bombus ternarius,M. Arduser,,
5173,GebhardtCrampton,1,C2,Jackson,44.1690,-90.3890,1-5 June,2010,H. Gaines,Bombus ternarius,M. Arduser,,
5408,LynnHill,1,50m,Wood,44.2940,-89.9110,1-5 June,2010,H. Gaines,Bombus ternarius,M. Arduser,,
5443,SenecaRed,1,edge,Wood,44.3729,-89.9127,1-5 June,2010,H. Gaines,Bombus ternarius,M. Arduser,,
5464,Brockman,1,C2,Wood,44.2841,-90.0943,1-5 June,2010,H. Gaines,Bombus ternarius,M. Arduser,,
5597,Ehlert,1,50m or edge,Wood,44.4085,-90.0048,1-5 June,2010,H. Gaines,Bombus ternarius,M. Arduser,,
5796,Basswater,1,edge,Monroe,43.9611,-90.3534,13-17 Jun,2011,H. Gaines,Bombus ternarius,John Ascher,open   ,
5808,DuckartMain,1,edge,Wood,44.3843,-89.9644,13-17 Jun,2011,H. Gaines,Bombus ternarius,John Ascher,open   ,
5892,Nemitz,1,edge,Jackson,44.1915,-90.4112,13-17 Jun,2011,H. Gaines,Bombus ternarius,John Ascher,open   ,
5893,Nemitz,1,edge,Jackson,44.1915,-90.4112,13-17 Jun,2011,H. Gaines,Bombus ternarius,John Ascher,open   ,
5903,FlyingDollar,1,50m,Jackson,44.2626,-90.3526,13-17 Jun,2011,H. Gaines,Bombus ternarius,John Ascher,open   ,
5904,FlyingDollar,1,50m,Jackson,44.2626,-90.3526,13-17 Jun,2011,H. Gaines,Bombus ternarius,John Ascher,open   ,
5924,FlyingDollar,1,edge,Jackson,44.2626,-90.3526,13-17 Jun,2011,H. Gaines,Bombus ternarius,John Ascher,open   ,
5925,FlyingDollar,1,edge,Jackson,44.2626,-90.3526,13-17 Jun,2011,H. Gaines,Bombus ternarius,John Ascher,open   ,
5926,FlyingDollar,1,edge,Jackson,44.2626,-90.3526,13-17 Jun,2011,H. Gaines,Bombus ternarius,John Ascher,open   ,
5927,FlyingDollar,1,edge,Jackson,44.2626,-90.3526,13-17 Jun,2011,H. Gaines,Bombus ternarius,John Ascher,open   ,
5929,FlyingDollar,1,edge,Jackson,44.2626,-90.3526,13-17 Jun,2011,H. Gaines,Bombus ternarius,John Ascher,open   ,
5952,SwenEast,1,edge,Jackson,44.1904,-90.3673,13-17 Jun,2011,H. Gaines,Bombus ternarius,John Ascher,open   ,
5953,SwenEast,1,edge,Jackson,44.1904,-90.3673,13-17 Jun,2011,H. Gaines,Bombus ternarius,John Ascher,open   ,
6157,Brockman,1,50m,Wood,44.2845,-90.0924,13-17 Jun,2011,H. Gaines,Bombus ternarius,John Ascher,open   ,
6283,GebhardtCrampton,1,edge,Jackson,44.1675,-90.3921,13-17 Jun,2011,H. Gaines,Bombus ternarius,John Ascher,open   ,
6357,SwenEast,1,50m,Jackson,44.1904,-90.3673,13-17 Jun,2011,H. Gaines,Bombus ternarius,John Ascher,open   ,
6359,SwenEast,1,50m,Jackson,44.1904,-90.3673,13-17 Jun,2011,H. Gaines,Bombus ternarius,John Ascher,open   ,
6360,SwenEast,1,50m,Jackson,44.1904,-90.3673,13-17 Jun,2011,H. Gaines,Bombus ternarius,John Ascher,open   ,
6411,BibleJanke,2,edge,Jackson,44.1848,-90.7385,27 Jun-1 Jul,2011,H. Gaines,Bombus ternarius,John Ascher,open   ,
6503,FlyingDollar,2,edge,Jackson,44.2626,-90.3526,27 Jun-1 Jul,2011,H. Gaines,Bombus ternarius,John Ascher,open   ,
6524,GebhardtCrampton,2,edge,Jackson,44.1675,-90.3921,27 Jun-1 Jul,2011,H. Gaines,Bombus ternarius,John Ascher,open   ,
6526,GebhardtCrampton,2,edge,Jackson,44.1675,-90.3921,27 Jun-1 Jul,2011,H. Gaines,Bombus ternarius,John Ascher,open   ,
6527,GebhardtCrampton,2,edge,Jackson,44.1675,-90.3921,27 Jun-1 Jul,2011,H. Gaines,Bombus ternarius,John Ascher,open   ,
6554,Nemitz,2,50m,Jackson,44.1915,-90.4112,27 Jun-1 Jul,2011,H. Gaines,Bombus ternarius,John Ascher,open   ,
6555,Nemitz,2,50m,Jackson,44.1915,-90.4112,27 Jun-1 Jul,2011,H. Gaines,Bombus ternarius,John Ascher,open   ,
6575,FlyingDollar,2,50m,Jackson,44.2626,-90.3526,27 Jun-1 Jul,2011,H. Gaines,Bombus ternarius,John Ascher,open   ,
6576,FlyingDollar,2,50m,Jackson,44.2626,-90.3526,27 Jun-1 Jul,2011,H. Gaines,Bombus ternarius,John Ascher,open   ,
6723,Lester,3,50m,Wood,44.3503,-90.0267,8-11 Aug,2011,H. Gaines,Bombus ternarius,John Ascher,open   ,
6774,Brockman,3,50m,Wood,44.2845,-90.0924,1-4 Aug,2011,H. Gaines,Bombus ternarius,John Ascher,open   ,
6776,Brockman,3,50m,Wood,44.2845,-90.0924,1-4 Aug,2011,H. Gaines,Bombus ternarius,John Ascher,open   ,
6892,Rasmussen,3,50m,Wood,44.3651,-90.0863,1-4 Aug,2011,H. Gaines,Bombus ternarius,John Ascher,open   ,
6908,FlyingDollar,3,50m,Jackson,44.2626,-90.3526,25-28 Jul,2011,H. Gaines,Bombus ternarius,John Ascher,open   ,
6909,FlyingDollar,3,50m,Jackson,44.2626,-90.3526,25-28 Jul,2011,H. Gaines,Bombus ternarius,John Ascher,open   ,
6910,FlyingDollar,3,50m,Jackson,44.2626,-90.3526,25-28 Jul,2011,H. Gaines,Bombus ternarius,John Ascher,open   ,
6911,FlyingDollar,3,50m,Jackson,44.2626,-90.3526,25-28 Jul,2011,H. Gaines,Bombus ternarius,John Ascher,open   ,
6912,FlyingDollar,3,50m,Jackson,44.2626,-90.3526,25-28 Jul,2011,H. Gaines,Bombus ternarius,John Ascher,open   ,
6990,Nemitz,3,edge,Jackson,44.1915,-90.4112,25-28 Jul,2011,H. Gaines,Bombus ternarius,John Ascher,open   ,
6991,Nemitz,3,edge,Jackson,44.1915,-90.4112,25-28 Jul,2011,H. Gaines,Bombus ternarius,John Ascher,open   ,
6992,Nemitz,3,edge,Jackson,44.1915,-90.4112,25-28 Jul,2011,H. Gaines,Bombus ternarius,John Ascher,open   ,
7022,SwenEast,3,50m,Jackson,44.1904,-90.3673,25-28 Jul,2011,H. Gaines,Bombus ternarius,John Ascher,open   ,
7024,SwenEast,3,50m,Jackson,44.1904,-90.3673,25-28 Jul,2011,H. Gaines,Bombus ternarius,John Ascher,open   ,
7026,SwenEast,3,50m,Jackson,44.1904,-90.3673,25-28 Jul,2011,H. Gaines,Bombus ternarius,John Ascher,open   ,
7027,SwenEast,3,50m,Jackson,44.1904,-90.3673,25-28 Jul,2011,H. Gaines,Bombus ternarius,John Ascher,open   ,
7028,SwenEast,3,50m,Jackson,44.1904,-90.3673,25-28 Jul,2011,H. Gaines,Bombus ternarius,John Ascher,open   ,
7029,SwenEast,3,50m,Jackson,44.1904,-90.3673,25-28 Jul,2011,H. Gaines,Bombus ternarius,John Ascher,open   ,
7030,SwenEast,3,50m,Jackson,44.1904,-90.3673,25-28 Jul,2011,H. Gaines,Bombus ternarius,John Ascher,open   ,
7032,SwenEast,3,50m,Jackson,44.1904,-90.3673,25-28 Jul,2011,H. Gaines,Bombus ternarius,John Ascher,open   ,
7033,SwenEast,3,50m,Jackson,44.1904,-90.3673,25-28 Jul,2011,H. Gaines,Bombus ternarius,John Ascher,open   ,
7046,SwenEast,3,edge,Jackson,44.1904,-90.3673,25-28 Jul,2011,H. Gaines,Bombus ternarius,John Ascher,open   ,
7047,SwenEast,3,edge,Jackson,44.1904,-90.3673,25-28 Jul,2011,H. Gaines,Bombus ternarius,John Ascher,open   ,
7048,SwenEast,3,edge,Jackson,44.1904,-90.3673,25-28 Jul,2011,H. Gaines,Bombus ternarius,John Ascher,open   ,
7049,SwenEast,3,edge,Jackson,44.1904,-90.3673,25-28 Jul,2011,H. Gaines,Bombus ternarius,John Ascher,open   ,
7050,SwenEast,3,edge,Jackson,44.1904,-90.3673,25-28 Jul,2011,H. Gaines,Bombus ternarius,John Ascher,open   ,
7058,Nemitz,3,50m,Jackson,44.1915,-90.4112,25-28 Jul,2011,H. Gaines,Bombus ternarius,John Ascher,open   ,
7061,Nemitz,3,50m,Jackson,44.1915,-90.4112,25-28 Jul,2011,H. Gaines,Bombus ternarius,John Ascher,open   ,
7063,Nemitz,3,50m,Jackson,44.1915,-90.4112,25-28 Jul,2011,H. Gaines,Bombus ternarius,John Ascher,open   ,
7064,Nemitz,3,50m,Jackson,44.1915,-90.4112,25-28 Jul,2011,H. Gaines,Bombus ternarius,John Ascher,open   ,
7073,GebhardtCrampton,3,50m,Jackson,44.1675,-90.3921,25-28 Jul,2011,H. Gaines,Bombus ternarius,John Ascher,open   ,
7074,GebhardtCrampton,3,50m,Jackson,44.1675,-90.3921,25-28 Jul,2011,H. Gaines,Bombus ternarius,John Ascher,open   ,
7076,GebhardtCrampton,3,50m,Jackson,44.1675,-90.3921,25-28 Jul,2011,H. Gaines,Bombus ternarius,John Ascher,open   ,
7077,GebhardtCrampton,3,50m,Jackson,44.1675,-90.3921,25-28 Jul,2011,H. Gaines,Bombus ternarius,John Ascher,open   ,
7080,GebhardtCrampton,3,50m,Jackson,44.1675,-90.3921,25-28 Jul,2011,H. Gaines,Bombus ternarius,John Ascher,open   ,
7081,GebhardtCrampton,3,50m,Jackson,44.1675,-90.3921,25-28 Jul,2011,H. Gaines,Bombus ternarius,John Ascher,open   ,
7082,GebhardtCrampton,3,50m,Jackson,44.1675,-90.3921,25-28 Jul,2011,H. Gaines,Bombus ternarius,John Ascher,open   ,
7097,GebhardtCrampton,3,edge,Jackson,44.1675,-90.3921,25-28 Jul,2011,H. Gaines,Bombus ternarius,John Ascher,open   ,
7098,GebhardtCrampton,3,edge,Jackson,44.1675,-90.3921,25-28 Jul,2011,H. Gaines,Bombus ternarius,John Ascher,open   ,
7099,GebhardtCrampton,3,edge,Jackson,44.1675,-90.3921,25-28 Jul,2011,H. Gaines,Bombus ternarius,John Ascher,open   ,
7100,GebhardtCrampton,3,edge,Jackson,44.1675,-90.3921,25-28 Jul,2011,H. Gaines,Bombus ternarius,John Ascher,open   ,
7101,GebhardtCrampton,3,edge,Jackson,44.1675,-90.3921,25-28 Jul,2011,H. Gaines,Bombus ternarius,John Ascher,open   ,
7156,CrimsonStar,3,50m,Portage,44.3200,-89.6584,1-4 Aug,2011,H. Gaines,Bombus ternarius,John Ascher,open   ,
7301,FlyingDollar,3,edge,Jackson,44.2626,-90.3526,25-28 Jul,2011,H. Gaines,Bombus ternarius,John Ascher,open   ,
7302,FlyingDollar,3,edge,Jackson,44.2626,-90.3526,25-28 Jul,2011,H. Gaines,Bombus ternarius,John Ascher,open   ,
7406,Lester,3,edge,Wood,44.3503,-90.0267,8-11 Aug,2011,H. Gaines,Bombus ternarius,John Ascher,open   ,
7532,BibleJanke,3,edge,Jackson,44.1848,-90.7385,25-28 Jul,2011,H. Gaines,Bombus ternarius,John Ascher,open   ,
7533,BibleJanke,3,edge,Jackson,44.1848,-90.7385,25-28 Jul,2011,H. Gaines,Bombus ternarius,John Ascher,open   ,
7559,BibleJanke,3,50m,Jackson,44.1848,-90.7385,25-28 Jul,2011,H. Gaines,Bombus ternarius,John Ascher,open   ,
7561,BibleJanke,3,50m,Jackson,44.1848,-90.7385,25-28 Jul,2011,H. Gaines,Bombus ternarius,John Ascher,open   ,
7599,Searles,3,edge,Wood,44.2669,-90.0757,8-11 Aug,2011,H. Gaines,Bombus ternarius,John Ascher,open   ,
7608,Ebert,3,50m,Monroe,44.1435,-90.7024,8-11 Aug,2011,H. Gaines,Bombus ternarius,John Ascher,open  mis-entered as 6708 ,
2540,Kranco,3,C1,Portage,44.3852,-89.6250,15-19 July,2010,H. Gaines,Bombus terricola,M. Arduser,,
2576,Moss,3,50m,Wood,44.3908,-90.0226,15-19 July,2010,H. Gaines,Bombus terricola,M. Arduser,,
2664,Wandler,3,edge,Wood,44.4146,-90.0464,15-19 July,2010,H. Gaines,Bombus terricola,M. Arduser,,
2697,MarshRd,3,50m,Wood,44.3858,-89.8929,15-19 July,2010,H. Gaines,Bombus terricola,M. Arduser,,
2778,Johnson,3,edge,Wood,44.2734,-89.9767,15-19 July,2010,H. Gaines,Bombus terricola,M. Arduser,,
2831,SenecaRed,3,50m,Wood,44.3729,-89.9127,15-19 July,2010,H. Gaines,Bombus terricola,M. Arduser,,
2853,Johnson,3,50m,Wood,44.2734,-89.9767,15-19 July,2010,H. Gaines,Bombus terricola,M. Arduser,,
2854,Johnson,3,50m,Wood,44.2734,-89.9767,15-19 July,2010,H. Gaines,Bombus terricola,M. Arduser,,
3027,Baldwin,2,edge,Monroe,44.0529,-90.4090,21-25 June,2010,H. Gaines,Bombus terricola,M. Arduser,,
3208,Urban,2,C2,Portage,44.3999,-89.7510,21-25 June,2010,H. Gaines,Bombus terricola,M. Arduser,,
3278,Ehlert,2,50m,Wood,44.4085,-90.0048,21-25 June,2010,H. Gaines,Bombus terricola,M. Arduser,,
3300,Moss,2,edge,Wood,44.3908,-90.0226,21-25 June,2010,H. Gaines,Bombus terricola,M. Arduser,,
3301,Moss,2,edge,Wood,44.3908,-90.0226,21-25 June,2010,H. Gaines,Bombus terricola,M. Arduser,,
3413,Searles,2,edge,Wood,44.2656,-90.0790,21-25 June,2010,H. Gaines,Bombus terricola,M. Arduser,,
3914,Brockman,3,50m,Wood,44.2841,-90.0943,15-19 July,2010,H. Gaines,Bombus terricola,M. Arduser,,
4226,Damrow,3,50m,Monroe,44.0166,-90.4142,15-19 July,2010,H. Gaines,Bombus terricola,M. Arduser,,
4585,Finch,3,C2,Jackson,44.2642,-90.8095,15-19 July,2010,H. Gaines,Bombus terricola,M. Arduser,,
6988,Nemitz,3,edge,Jackson,44.1915,-90.4112,25-28 Jul,2011,H. Gaines,Bombus terricola,John Ascher,"open old terricola??, round face, light tufts on edges of second tergal segment  ",
7031,SwenEast,3,50m,Jackson,44.1904,-90.3673,25-28 Jul,2011,H. Gaines,Bombus terricola,John Ascher,open   ,
151,GebhardtCrampton,4,edge,Jackson,44.1675,-90.3919,26-Jul-2008,2008,H. Gaines,Bombus vagans,M. Arduser,,
354,Moss,3,edge,Wood,44.3889,-90.0241,30-Jun-2008,2008,H. Gaines,Bombus vagans,M. Arduser,,
2725,MarshRd,3,edge,Wood,44.3858,-89.8929,15-19 July,2010,H. Gaines,Bombus vagans,M. Arduser,,
2815,LynnHill,3,edge,Wood,44.2940,-89.9110,15-19 July,2010,H. Gaines,Bombus vagans,M. Arduser,,
3028,Baldwin,2,edge,Monroe,44.0529,-90.4090,21-25 June,2010,H. Gaines,Bombus vagans,M. Arduser,,
3531,Olson,2,50m,Monroe,44.1549,-90.4897,21-25 June,2010,H. Gaines,Bombus vagans,M. Arduser,,
3764,Johnson,1,edge,Wood,44.2734,-89.9767,1-5 June,2010,H. Gaines,Bombus vagans,M. Arduser,,
3992,Brockman,3,C2,Wood,44.2841,-90.0943,15-19 July,2010,H. Gaines,Bombus vagans,M. Arduser,,
4186,Damrow,3,edge,Monroe,44.0166,-90.4142,15-19 July,2010,H. Gaines,Bombus vagans,M. Arduser,,
4270,Olson,3,50m,Monroe,44.1549,-90.4897,15-19 July,2010,H. Gaines,Bombus vagans,M. Arduser,,
4356,GebhardtConcord,3,50m,Monroe,44.0903,-90.4474,15-19 July,2010,H. Gaines,Bombus vagans,M. Arduser,,
4405,Damrow,3,C1,Monroe,44.0166,-90.4142,15-19 July,2010,H. Gaines,Bombus vagans,M. Arduser,,
4591,Finch,3,C2,Jackson,44.2642,-90.8095,15-19 July,2010,H. Gaines,Bombus vagans,M. Arduser,,
4604,Finch,3,C1,Jackson,44.2642,-90.8095,15-19 July,2010,H. Gaines,Bombus vagans,M. Arduser,,
5372,Vanatta,1,edge,Juneau,44.2404,-90.1473,1-5 June,2010,H. Gaines,Bombus vagans,M. Arduser,,
5827,DuckartMain,1,50m,Wood,44.3843,-89.9644,13-17 Jun,2011,H. Gaines,Bombus vagans,John Ascher,open   ,
6192,BibleJanke,1,edge,Jackson,44.1848,-90.7385,13-17 Jun,2011,H. Gaines,Bombus vagans,John Ascher,open   ,
6579,Lester,2,50m,Wood,44.3503,-90.0267,27 Jun-1 Jul,2011,H. Gaines,Bombus vagans,John Ascher,open   ,
6717,DuckartMain,3,edge,Wood,44.3843,-89.9644,8-11 Aug,2011,H. Gaines,Bombus vagans,John Ascher,open   ,
6775,Brockman,3,50m,Wood,44.2845,-90.0924,1-4 Aug,2011,H. Gaines,Bombus vagans,John Ascher,open   ,
6819,Brockman,3,edge,Wood,44.2845,-90.0924,1-4 Aug,2011,H. Gaines,Bombus vagans,John Ascher,open rounder face  ,
6913,FlyingDollar,3,50m,Jackson,44.2626,-90.3526,25-28 Jul,2011,H. Gaines,Bombus vagans,John Ascher,open   ,
6916,FlyingDollar,3,50m,Jackson,44.2626,-90.3526,25-28 Jul,2011,H. Gaines,Bombus vagans,John Ascher,open rounder face  ,
6939,CrimsonStar,3,edge,Portage,44.3200,-89.6584,1-4 Aug,2011,H. Gaines,Bombus vagans,John Ascher,open   ,
7114,BearCreek,3,50m,Monroe,43.9760,-90.3915,25-28 Jul,2011,H. Gaines,Bombus vagans,John Ascher,open   ,
7240,LynnHill,3,edge,Wood,44.2944,-89.9072,1-4 Aug,2011,H. Gaines,Bombus vagans,John Ascher,open   ,
7290,Gaynor,3,50m,Wood,44.3452,-89.9928,1-4 Aug,2011,H. Gaines,Bombus vagans,John Ascher,open   ,
7300,FlyingDollar,3,edge,Jackson,44.2626,-90.3526,25-28 Jul,2011,H. Gaines,Bombus vagans,John Ascher,open   ,
7534,BibleJanke,3,edge,Jackson,44.1848,-90.7385,25-28 Jul,2011,H. Gaines,Bombus vagans,John Ascher,open   ,
7537,BibleJanke,3,edge,Jackson,44.1848,-90.7385,25-28 Jul,2011,H. Gaines,Bombus vagans,John Ascher,open   ,
7538,BibleJanke,3,edge,Jackson,44.1848,-90.7385,25-28 Jul,2011,H. Gaines,Bombus vagans,John Ascher,open   ,
7578,BearCreek,3,edge,Monroe,43.9760,-90.3915,25-28 Jul,2011,H. Gaines,Bombus vagans,John Ascher,open   ,
7647,Ebert,3,edge,Monroe,44.1435,-90.7024,8-11 Aug,2011,H. Gaines,Bombus vagans,John Ascher,open   ,
,,,,,,,,,,,,,
,,,,,,,,,,,,,
,,,,,,,,,,,,,
,,,,,,,,,,,,,
,,,,,,,,,,,,,
,,,,,,,,,,,,,
,,,,,,,,,,,,,
,,,,,,,,,,,,,
,,,,,,,,,,,,,
,,,,,,,,,,,,,
,,,,,,,,,,,,,
,,,,,,,,,,,,,
,,,,,,,,,,,,,
,,,,,,,,,,,,,
,,,,,,,,,,,,,
,,,,,,,,,,,,,
,,,,,,,,,,,,,
,,,,,,,,,,,,,
,,,,,,,,,,,,,
,,,,,,,,,,,,,
,,,,,,,,,,,,,
,,,,,,,,,,,,,
,,,,,,,,,,,,,
,,,,,,,,,,,,,
,,,,,,,,,,,,,
,,,,,,,,,,,,,
,,,,,,,,,,,,,
,,,,,,,,,,,,,
,,,,,,,,,,,,,
,,,,,,,,,,,,,
,,,,,,,,,,,,,
,,,,,,,,,,,,,
,,,,,,,,,,,,,
,,,,,,,,,,,,,
,,,,,,,,,,,,,
,,,,,,,,,,,,,
,,,,,,,,,,,,,
,,,,,,,,,,,,,
,,,,,,,,,,,,,
,,,,,,,,,,,,,
,,,,,,,,,,,,,
,,,,,,,,,,,,,
,,,,,,,,,,,,,
,,,,,,,,,,,,,
,,,,,,,,,,,,,
,,,,,,,,,,,,,
,,,,,,,,,,,,,
,,,,,,,,,,,,,
,,,,,,,,,,,,,
,,,,,,,,,,,,,
,,,,,,,,,,,,,
,,,,,,,,,,,,,
,,,,,,,,,,,,,
,,,,,,,,,,,,,
,,,,,,,,,,,,,
,,,,,,,,,,,,,
,,,,,,,,,,,,,
,,,,,,,,,,,,,
,,,,,,,,,,,,,
,,,,,,,,,,,,,
,,,,,,,,,,,,,
,,,,,,,,,,,,,
,,,,,,,,,,,,,
,,,,,,,,,,,,,
,,,,,,,,,,,,,
,,,,,,,,,,,,,
,,,,,,,,,,,,,
,,,,,,,,,,,,,
,,,,,,,,,,,,,
,,,,,,,,,,,,,
,,,,,,,,,,,,,
,,,,,,,,,,,,,
,,,,,,,,,,,,,
,,,,,,,,,,,,,
,,,,,,,,,,,,,
,,,,,,,,,,,,,
,,,,,,,,,,,,,
,,,,,,,,,,,,,
,,,,,,,,,,,,,
,,,,,,,,,,,,,
,,,,,,,,,,,,,
,,,,,,,,,,,,,
,,,,,,,,,,,,,
,,,,,,,,,,,,,
,,,,,,,,,,,,,
,,,,,,,,,,,,,
,,,,,,,,,,,,,
,,,,,,,,,,,,,
,,,,,,,,,,,,,
,,,,,,,,,,,,,
,,,,,,,,,,,,,
,,,,,,,,,,,,,
,,,,,,,,,,,,,
,,,,,,,,,,,,,
,,,,,,,,,,,,,
,,,,,,,,,,,,,
,,,,,,,,,,,,,
,,,,,,,,,,,,,
,,,,,,,,,,,,,
,,,,,,,,,,,,,
,,,,,,,,,,,,,
,,,,,,,,,,,,,
,,,,,,,,,,,,,
,,,,,,,,,,,,,
,,,,,,,,,,,,,
,,,,,,,,,,,,,
,,,,,,,,,,,,,
,,,,,,,,,,,,,
,,,,,,,,,,,,,
,,,,,,,,,,,,,
,,,,,,,,,,,,,
,,,,,,,,,,,,,
,,,,,,,,,,,,,
,,,,,,,,,,,,,
,,,,,,,,,,,,,
,,,,,,,,,,,,,
,,,,,,,,,,,,,
,,,,,,,,,,,,,
,,,,,,,,,,,,,
,,,,,,,,,,,,,
,,,,,,,,,,,,,
,,,,,,,,,,,,,
,,,,,,,,,,,,,
,,,,,,,,,,,,,
,,,,,,,,,,,,,
,,,,,,,,,,,,,
,,,,,,,,,,,,,
,,,,,,,,,,,,,
,,,,,,,,,,,,,
,,,,,,,,,,,,,
,,,,,,,,,,,,,
,,,,,,,,,,,,,
,,,,,,,,,,,,,
,,,,,,,,,,,,,
,,,,,,,,,,,,,
,,,,,,,,,,,,,
,,,,,,,,,,,,,
,,,,,,,,,,,,,
,,,,,,,,,,,,,
,,,,,,,,,,,,,
,,,,,,,,,,,,,
,,,,,,,,,,,,,
,,,,,,,,,,,,,
,,,,,,,,,,,,,
,,,,,,,,,,,,,
,,,,,,,,,,,,,
,,,,,,,,,,,,,
,,,,,,,,,,,,,
,,,,,,,,,,,,,
,,,,,,,,,,,,,
,,,,,,,,,,,,,
,,,,,,,,,,,,,
,,,,,,,,,,,,,
,,,,,,,,,,,,,
,,,,,,,,,,,,,
,,,,,,,,,,,,,
,,,,,,,,,,,,,
,,,,,,,,,,,,,
,,,,,,,,,,,,,
,,,,,,,,,,,,,
,,,,,,,,,,,,,
,,,,,,,,,,,,,
,,,,,,,,,,,,,
,,,,,,,,,,,,,
,,,,,,,,,,,,,
,,,,,,,,,,,,,
,,,,,,,,,,,,,
,,,,,,,,,,,,,
,,,,,,,,,,,,,
,,,,,,,,,,,,,
,,,,,,,,,,,,,
,,,,,,,,,,,,,
,,,,,,,,,,,,,
,,,,,,,,,,,,,
,,,,,,,,,,,,,
,,,,,,,,,,,,,
,,,,,,,,,,,,,
,,,,,,,,,,,,,
,,,,,,,,,,,,,
,,,,,,,,,,,,,
,,,,,,,,,,,,,
,,,,,,,,,,,,,
,,,,,,,,,,,,,
,,,,,,,,,,,,,
,,,,,,,,,,,,,
,,,,,,,,,,,,,
,,,,,,,,,,,,,
,,,,,,,,,,,,,
,,,,,,,,,,,,,
,,,,,,,,,,,,,
,,,,,,,,,,,,,
,,,,,,,,,,,,,
,,,,,,,,,,,,,
,,,,,,,,,,,,,
,,,,,,,,,,,,,
,,,,,,,,,,,,,
,,,,,,,,,,,,,
,,,,,,,,,,,,,
,,,,,,,,,,,,,
,,,,,,,,,,,,,
,,,,,,,,,,,,,
,,,,,,,,,,,,,
,,,,,,,,,,,,,
,,,,,,,,,,,,,
,,,,,,,,,,,,,
,,,,,,,,,,,,,
,,,,,,,,,,,,,
,,,,,,,,,,,,,
,,,,,,,,,,,,,
,,,,,,,,,,,,,
,,,,,,,,,,,,,
,,,,,,,,,,,,,
,,,,,,,,,,,,,
,,,,,,,,,,,,,
,,,,,,,,,,,,,
,,,,,,,,,,,,,
,,,,,,,,,,,,,
,,,,,,,,,,,,,
,,,,,,,,,,,,,
,,,,,,,,,,,,,
,,,,,,,,,,,,,
,,,,,,,,,,,,,
,,,,,,,,,,,,,
,,,,,,,,,,,,,
,,,,,,,,,,,,,
,,,,,,,,,,,,,
,,,,,,,,,,,,,
,,,,,,,,,,,,,
,,,,,,,,,,,,,
,,,,,,,,,,,,,
,,,,,,,,,,,,,
,,,,,,,,,,,,,
,,,,,,,,,,,,,
,,,,,,,,,,,,,
,,,,,,,,,,,,,
,,,,,,,,,,,,,
,,,,,,,,,,,,,
,,,,,,,,,,,,,
,,,,,,,,,,,,,
,,,,,,,,,,,,,
,,,,,,,,,,,,,
,,,,,,,,,,,,,
,,,,,,,,,,,,,
,,,,,,,,,,,,,
,,,,,,,,,,,,,
,,,,,,,,,,,,,
,,,,,,,,,,,,,
,,,,,,,,,,,,,
,,,,,,,,,,,,,
,,,,,,,,,,,,,
,,,,,,,,,,,,,
,,,,,,,,,,,,,
,,,,,,,,,,,,,
,,,,,,,,,,,,,
,,,,,,,,,,,,,
,,,,,,,,,,,,,
,,,,,,,,,,,,,
,,,,,,,,,,,,,
,,,,,,,,,,,,,
,,,,,,,,,,,,,
,,,,,,,,,,,,,