site_name,year,sci_name,lat,long,n,total,rel_abun
aaa.1.2017,2017,Bombus impatiens,43.98305556,-90.4625,15,18,0.8333333333333334
aaa.1.2017,2017,Bombus vagans,43.98305556,-90.4625,3,18,0.16666666666666666
Baldwin,2010,Bombus griseocollis,44.0529,-90.409,1,5,0.2
Baldwin,2010,Bombus ternarius,44.0529,-90.409,2,5,0.4
Baldwin,2010,Bombus terricola,44.0529,-90.409,1,5,0.2
Baldwin,2010,Bombus vagans,44.0529,-90.409,1,5,0.2
Basswater,2011,Bombus fervidus,43.9611,-90.3534,1,2,0.5
Basswater,2011,Bombus ternarius,43.9611,-90.3534,1,2,0.5
bcrk.1.2018,2018,Bombus bimaculatus,43.97818,-90.40262,1,3,0.3333333333333333
bcrk.1.2018,2018,Bombus borealis,43.97818,-90.40262,1,3,0.3333333333333333
bcrk.1.2018,2018,Bombus vagans,43.97818,-90.40262,1,3,0.3333333333333333
BearCreek,2011,Bombus fervidus,43.976,-90.3915,1,3,0.3333333333333333
BearCreek,2011,Bombus vagans,43.976,-90.3915,2,3,0.6666666666666666
Bentz,2010,Bombus impatiens,44.2102,-90.1022,2,2,1
bible.1.2017,2017,Bombus impatiens,44.27666667,-90.75166667,1,2,0.5
bible.1.2017,2017,Bombus vagans,44.27666667,-90.75166667,1,2,0.5
bible.1.2018,2018,Bombus ternarius,44.2769,-90.75145,1,2,0.5
bible.1.2018,2018,Bombus vagans,44.2769,-90.75145,1,2,0.5
BibleCastle,2010,Bombus bimaculatus,44.2779,-90.7544,2,5,0.4
BibleCastle,2010,Bombus griseocollis,44.2779,-90.7544,1,5,0.2
BibleCastle,2010,Bombus impatiens,44.2779,-90.7544,1,5,0.2
BibleCastle,2010,Bombus ternarius,44.2779,-90.7544,1,5,0.2
BibleJanke,2010,Bombus griseocollis,44.1858,-90.7412,2,6,0.3333333333333333
BibleJanke,2010,Bombus impatiens,44.1858,-90.7412,2,6,0.3333333333333333
BibleJanke,2010,Bombus sandersoni,44.1858,-90.7412,1,6,0.16666666666666666
BibleJanke,2010,Bombus ternarius,44.1858,-90.7412,1,6,0.16666666666666666
BibleJanke,2011,Bombus impatiens,44.1848,-90.7385,10,19,0.5263157894736842
BibleJanke,2011,Bombus ternarius,44.1848,-90.7385,5,19,0.2631578947368421
BibleJanke,2011,Bombus vagans,44.1848,-90.7385,4,19,0.21052631578947367
Brockman,2010,Bombus bimaculatus,44.2841,-90.0943,1,16,0.0625
Brockman,2010,Bombus griseocollis,44.2841,-90.0943,2,16,0.125
Brockman,2010,Bombus impatiens,44.2841,-90.0943,8,16,0.5
Brockman,2010,Bombus rufocinctus,44.2841,-90.0943,1,16,0.0625
Brockman,2010,Bombus ternarius,44.2841,-90.0943,2,16,0.125
Brockman,2010,Bombus terricola,44.2841,-90.0943,1,16,0.0625
Brockman,2010,Bombus vagans,44.2841,-90.0943,1,16,0.0625
Brockman,2011,Bombus bimaculatus,44.2845,-90.0924,1,12,0.08333333333333333
Brockman,2011,Bombus fervidus,44.2845,-90.0924,1,12,0.08333333333333333
Brockman,2011,Bombus griseocollis,44.2845,-90.0924,3,12,0.25
Brockman,2011,Bombus impatiens,44.2845,-90.0924,2,12,0.16666666666666666
Brockman,2011,Bombus ternarius,44.2845,-90.0924,3,12,0.25
Brockman,2011,Bombus vagans,44.2845,-90.0924,2,12,0.16666666666666666
brsf.2.2018,2018,Bombus bimaculatus,44.27618,-90.7138,2,4,0.5
brsf.2.2018,2018,Bombus griseocollis,44.27618,-90.7138,1,4,0.25
brsf.2.2018,2018,Bombus vagans,44.27618,-90.7138,1,4,0.25
brsf.3.2018,2018,Bombus griseocollis,44.33508,-90.70428,4,6,0.6666666666666666
brsf.3.2018,2018,Bombus rufocinctus,44.33508,-90.70428,1,6,0.16666666666666666
brsf.3.2018,2018,Bombus vagans,44.33508,-90.70428,1,6,0.16666666666666666
brsf.5.2018,2018,Bombus bimaculatus,44.30733,-90.56127,2,4,0.5
brsf.5.2018,2018,Bombus impatiens,44.30733,-90.56127,2,4,0.5
bw.1.2017,2017,Bombus,43.96944444,-90.35138889,1,5,0.2
bw.1.2017,2017,Bombus fervidus,43.96944444,-90.35138889,3,5,0.6
bw.1.2017,2017,Bombus impatiens,43.96944444,-90.35138889,1,5,0.2
ccrk.1.2017,2017,Bombus bimaculatus,44.2175,-90.0725,13,20,0.65
ccrk.1.2017,2017,Bombus griseocollis,44.2175,-90.0725,1,20,0.05
ccrk.1.2017,2017,Bombus impatiens,44.2175,-90.0725,2,20,0.1
ccrk.1.2017,2017,Bombus vagans,44.2175,-90.0725,4,20,0.2
ccrk.1.2018,2018,Bombus fervidus,44.21283,-90.08255,1,2,0.5
ccrk.1.2018,2018,Bombus impatiens,44.21283,-90.08255,1,2,0.5
ccrk.2.2017,2017,Bombus,44.1875,-90.07861111,1,47,0.02127659574468085
ccrk.2.2017,2017,Bombus auricomus,44.1875,-90.07861111,1,47,0.02127659574468085
ccrk.2.2017,2017,Bombus bimaculatus,44.1875,-90.07861111,28,47,0.5957446808510638
ccrk.2.2017,2017,Bombus borealis,44.1875,-90.07861111,2,47,0.0425531914893617
ccrk.2.2017,2017,Bombus fervidus,44.1875,-90.07861111,2,47,0.0425531914893617
ccrk.2.2017,2017,Bombus griseocollis,44.1875,-90.07861111,3,47,0.06382978723404255
ccrk.2.2017,2017,Bombus impatiens,44.1875,-90.07861111,5,47,0.10638297872340426
ccrk.2.2017,2017,Bombus ternarius,44.1875,-90.07861111,2,47,0.0425531914893617
ccrk.2.2017,2017,Bombus vagans,44.1875,-90.07861111,3,47,0.06382978723404255
ccrk.3.2018,2018,Bombus fervidus,44.18867,-90.0708,1,3,0.3333333333333333
ccrk.3.2018,2018,Bombus impatiens,44.18867,-90.0708,1,3,0.3333333333333333
ccrk.3.2018,2018,Bombus vagans,44.18867,-90.0708,1,3,0.3333333333333333
CrimsonStar,2010,Bombus bimaculatus,44.3211,-89.6629,1,13,0.07692307692307693
CrimsonStar,2010,Bombus borealis,44.3211,-89.6629,3,13,0.23076923076923078
CrimsonStar,2010,Bombus fervidus,44.3211,-89.6629,4,13,0.3076923076923077
CrimsonStar,2010,Bombus griseocollis,44.3211,-89.6629,1,13,0.07692307692307693
CrimsonStar,2010,Bombus impatiens,44.3211,-89.6629,2,13,0.15384615384615385
CrimsonStar,2010,Bombus rufocinctus,44.3211,-89.6629,1,13,0.07692307692307693
CrimsonStar,2010,Bombus ternarius,44.3211,-89.6629,1,13,0.07692307692307693
CrimsonStar,2011,Bombus fervidus,44.32,-89.6584,3,5,0.6
CrimsonStar,2011,Bombus ternarius,44.32,-89.6584,1,5,0.2
CrimsonStar,2011,Bombus vagans,44.32,-89.6584,1,5,0.2
cutler.1.2017,2017,Bombus,44.321545,-90.328946,8,245,0.0326530612244898
cutler.1.2017,2017,Bombus auricomus,44.321545,-90.328946,1,245,0.004081632653061225
cutler.1.2017,2017,Bombus bimaculatus,44.321545,-90.328946,191,245,0.7795918367346939
cutler.1.2017,2017,Bombus griseocollis,44.321545,-90.328946,5,245,0.02040816326530612
cutler.1.2017,2017,Bombus impatiens,44.321545,-90.328946,2,245,0.00816326530612245
cutler.1.2017,2017,Bombus ternarius,44.321545,-90.328946,3,245,0.012244897959183673
cutler.1.2017,2017,Bombus terricola,44.321545,-90.328946,6,245,0.024489795918367346
cutler.1.2017,2017,Bombus vagans,44.321545,-90.328946,29,245,0.11836734693877551
cutler.1.2018,2018,Bombus bimaculatus,44.32152,-90.32888,1,3,0.3333333333333333
cutler.1.2018,2018,Bombus vagans,44.32152,-90.32888,1,3,0.3333333333333333
cutler.1.2018,2018,unknown,44.32152,-90.32888,1,3,0.3333333333333333
cutler.2.2018,2018,Bombus bimaculatus,44.34903,-90.33642,1,2,0.5
cutler.2.2018,2018,Bombus ternarius,44.34903,-90.33642,1,2,0.5
Damrow,2010,Bombus borealis,44.0166,-90.4142,1,8,0.125
Damrow,2010,Bombus fervidus,44.0166,-90.4142,1,8,0.125
Damrow,2010,Bombus impatiens,44.0166,-90.4142,3,8,0.375
Damrow,2010,Bombus terricola,44.0166,-90.4142,1,8,0.125
Damrow,2010,Bombus vagans,44.0166,-90.4142,2,8,0.25
Damrow,2011,Bombus fervidus,44.0148,-90.4094,1,3,0.3333333333333333
Damrow,2011,Bombus impatiens,44.0148,-90.4094,1,3,0.3333333333333333
Damrow,2011,Bombus pensylvanicus,44.0148,-90.4094,1,3,0.3333333333333333
DuckartMain,2008,Bombus borealis,44.3842,-89.9644,1,2,0.5
DuckartMain,2008,Bombus ternarius,44.3842,-89.9644,1,2,0.5
DuckartMain,2011,Bombus bimaculatus,44.3843,-89.9644,1,4,0.25
DuckartMain,2011,Bombus ternarius,44.3843,-89.9644,1,4,0.25
DuckartMain,2011,Bombus vagans,44.3843,-89.9644,2,4,0.5
DuckartNew,2008,Bombus borealis,44.4159,-89.9718,1,2,0.5
DuckartNew,2008,Bombus ternarius,44.4159,-89.9718,1,2,0.5
DuckartNew,2010,Bombus griseocollis,44.4142,-89.9719,1,8,0.125
DuckartNew,2010,Bombus impatiens,44.4142,-89.9719,1,8,0.125
DuckartNew,2010,Bombus ternarius,44.4142,-89.9719,6,8,0.75
Ebert,2010,Bombus impatiens,44.1465,-90.6948,1,3,0.3333333333333333
Ebert,2010,Bombus ternarius,44.1465,-90.6948,2,3,0.6666666666666666
Ebert,2011,Bombus griseocollis,44.1435,-90.7024,2,6,0.3333333333333333
Ebert,2011,Bombus impatiens,44.1435,-90.7024,2,6,0.3333333333333333
Ebert,2011,Bombus ternarius,44.1435,-90.7024,1,6,0.16666666666666666
Ebert,2011,Bombus vagans,44.1435,-90.7024,1,6,0.16666666666666666
Ehlert,2010,Bombus bimaculatus,44.4085,-90.0048,1,8,0.125
Ehlert,2010,Bombus borealis,44.4085,-90.0048,1,8,0.125
Ehlert,2010,Bombus ternarius,44.4085,-90.0048,5,8,0.625
Ehlert,2010,Bombus terricola,44.4085,-90.0048,1,8,0.125
engel.1.2017,2017,Bombus,44.41277778,-89.86027778,2,36,0.05555555555555555
engel.1.2017,2017,Bombus bimaculatus,44.41277778,-89.86027778,6,36,0.16666666666666666
engel.1.2017,2017,Bombus borealis,44.41277778,-89.86027778,6,36,0.16666666666666666
engel.1.2017,2017,Bombus fervidus,44.41277778,-89.86027778,3,36,0.08333333333333333
engel.1.2017,2017,Bombus impatiens,44.41277778,-89.86027778,14,36,0.3888888888888889
engel.1.2017,2017,Bombus ternarius,44.41277778,-89.86027778,1,36,0.027777777777777776
engel.1.2017,2017,Bombus terricola,44.41277778,-89.86027778,2,36,0.05555555555555555
engel.1.2017,2017,Bombus vagans,44.41277778,-89.86027778,1,36,0.027777777777777776
engel.1.2017,2017,Diptera,44.41277778,-89.86027778,1,36,0.027777777777777776
Finch,2010,Bombus bimaculatus,44.2642,-90.8095,2,19,0.10526315789473684
Finch,2010,Bombus fervidus,44.2642,-90.8095,1,19,0.05263157894736842
Finch,2010,Bombus griseocollis,44.2642,-90.8095,1,19,0.05263157894736842
Finch,2010,Bombus impatiens,44.2642,-90.8095,11,19,0.5789473684210527
Finch,2010,Bombus ternarius,44.2642,-90.8095,1,19,0.05263157894736842
Finch,2010,Bombus terricola,44.2642,-90.8095,1,19,0.05263157894736842
Finch,2010,Bombus vagans,44.2642,-90.8095,2,19,0.10526315789473684
flyd.1.2017,2017,Bombus,44.26,-90.34027778,5,168,0.02976190476190476
flyd.1.2017,2017,Bombus bimaculatus,44.26,-90.34027778,95,168,0.5654761904761905
flyd.1.2017,2017,Bombus fervidus,44.26,-90.34027778,3,168,0.017857142857142856
flyd.1.2017,2017,Bombus griseocollis,44.26,-90.34027778,2,168,0.011904761904761904
flyd.1.2017,2017,Bombus impatiens,44.26,-90.34027778,19,168,0.1130952380952381
flyd.1.2017,2017,Bombus ternarius,44.26,-90.34027778,14,168,0.08333333333333333
flyd.1.2017,2017,Bombus terricola,44.26,-90.34027778,7,168,0.041666666666666664
flyd.1.2017,2017,Bombus vagans,44.26,-90.34027778,23,168,0.13690476190476192
flyd.2.2017,2017,Bombus,44.24055556,-90.35222222,1,131,0.007633587786259542
flyd.2.2017,2017,Bombus bimaculatus,44.24055556,-90.35222222,69,131,0.5267175572519084
flyd.2.2017,2017,Bombus borealis,44.24055556,-90.35222222,1,131,0.007633587786259542
flyd.2.2017,2017,Bombus fervidus,44.24055556,-90.35222222,5,131,0.03816793893129771
flyd.2.2017,2017,Bombus griseocollis,44.24055556,-90.35222222,4,131,0.030534351145038167
flyd.2.2017,2017,Bombus impatiens,44.24055556,-90.35222222,9,131,0.06870229007633588
flyd.2.2017,2017,Bombus ternarius,44.24055556,-90.35222222,14,131,0.10687022900763359
flyd.2.2017,2017,Bombus terricola,44.24055556,-90.35222222,12,131,0.0916030534351145
flyd.2.2017,2017,Bombus vagans,44.24055556,-90.35222222,16,131,0.12213740458015267
FlyingDollar,2011,Bombus bimaculatus,44.2626,-90.3526,2,25,0.08
FlyingDollar,2011,Bombus griseocollis,44.2626,-90.3526,1,25,0.04
FlyingDollar,2011,Bombus sandersoni,44.2626,-90.3526,2,25,0.08
FlyingDollar,2011,Bombus ternarius,44.2626,-90.3526,17,25,0.68
FlyingDollar,2011,Bombus vagans,44.2626,-90.3526,3,25,0.12
Gardner,2010,Bombus bimaculatus,44.455,-90.0928,2,2,1
GebhardtConcord,2008,Bombus borealis,44.0915,-90.4484,1,3,0.3333333333333333
GebhardtConcord,2008,Bombus fervidus,44.0915,-90.4484,1,3,0.3333333333333333
GebhardtConcord,2008,Bombus ternarius,44.0915,-90.4484,1,3,0.3333333333333333
GebhardtConcord,2010,Bombus impatiens,44.0903,-90.4474,1,3,0.3333333333333333
GebhardtConcord,2010,Bombus ternarius,44.0903,-90.4474,1,3,0.3333333333333333
GebhardtConcord,2010,Bombus vagans,44.0903,-90.4474,1,3,0.3333333333333333
GebhardtCrampton,2008,Bombus griseocollis,44.1675,-90.3919,1,2,0.5
GebhardtCrampton,2008,Bombus vagans,44.1675,-90.3919,1,2,0.5
GebhardtCrampton,2010,Bombus bimaculatus,44.169,-90.389,4,15,0.26666666666666666
GebhardtCrampton,2010,Bombus griseocollis,44.169,-90.389,1,15,0.06666666666666667
GebhardtCrampton,2010,Bombus impatiens,44.169,-90.389,1,15,0.06666666666666667
GebhardtCrampton,2010,Bombus sandersoni,44.169,-90.389,1,15,0.06666666666666667
GebhardtCrampton,2010,Bombus sp.,44.169,-90.389,1,15,0.06666666666666667
GebhardtCrampton,2010,Bombus ternarius,44.169,-90.389,7,15,0.4666666666666667
GebhardtCrampton,2011,Bombus bimaculatus,44.1675,-90.3921,2,20,0.1
GebhardtCrampton,2011,Bombus fervidus,44.1675,-90.3921,1,20,0.05
GebhardtCrampton,2011,Bombus griseocollis,44.1675,-90.3921,1,20,0.05
GebhardtCrampton,2011,Bombus ternarius,44.1675,-90.3921,16,20,0.8
GebhardtMain,2008,Bombus griseocollis,44.1295,-90.4962,1,2,0.5
GebhardtMain,2008,Bombus impatiens,44.1295,-90.4962,1,2,0.5
glacial.1.2017,2017,Bombus,44.34,-90.055,1,32,0.03125
glacial.1.2017,2017,Bombus bimaculatus,44.34,-90.055,21,32,0.65625
glacial.1.2017,2017,Bombus impatiens,44.34,-90.055,3,32,0.09375
glacial.1.2017,2017,Bombus ternarius,44.34,-90.055,1,32,0.03125
glacial.1.2017,2017,Bombus terricola,44.34,-90.055,2,32,0.0625
glacial.1.2017,2017,Bombus vagans,44.34,-90.055,4,32,0.125
glacial.1.2018,2018,Bombus bimaculatus,44.33648,-90.03873,1,6,0.16666666666666666
glacial.1.2018,2018,Bombus impatiens,44.33648,-90.03873,2,6,0.3333333333333333
glacial.1.2018,2018,Bombus vagans,44.33648,-90.03873,3,6,0.5
glacial.2.2017,2017,Bombus,44.31972222,-90.04805556,2,13,0.15384615384615385
glacial.2.2017,2017,Bombus bimaculatus,44.31972222,-90.04805556,9,13,0.6923076923076923
glacial.2.2017,2017,Bombus impatiens,44.31972222,-90.04805556,2,13,0.15384615384615385
glacial.2.2018,2018,Bombus bimaculatus,44.31525,-90.03972,1,4,0.25
glacial.2.2018,2018,Bombus impatiens,44.31525,-90.03972,1,4,0.25
glacial.2.2018,2018,Bombus terricola,44.31525,-90.03972,1,4,0.25
glacial.2.2018,2018,Bombus vagans,44.31525,-90.03972,1,4,0.25
gryg.1.2017,2017,Bombus bimaculatus,44.06555556,-90.41277778,6,9,0.6666666666666666
gryg.1.2017,2017,Bombus impatiens,44.06555556,-90.41277778,1,9,0.1111111111111111
gryg.1.2017,2017,Bombus vagans,44.06555556,-90.41277778,2,9,0.2222222222222222
hab.1.2017,2017,Bombus,44.15305556,-90.69833333,1,25,0.04
hab.1.2017,2017,Bombus bimaculatus,44.15305556,-90.69833333,12,25,0.48
hab.1.2017,2017,Bombus fervidus,44.15305556,-90.69833333,1,25,0.04
hab.1.2017,2017,Bombus impatiens,44.15305556,-90.69833333,2,25,0.08
hab.1.2017,2017,Bombus vagans,44.15305556,-90.69833333,9,25,0.36
hab.2.2017,2017,Bombus,44.17666667,-90.6625,1,3,0.3333333333333333
hab.2.2017,2017,Bombus bimaculatus,44.17666667,-90.6625,1,3,0.3333333333333333
hab.2.2017,2017,Bombus impatiens,44.17666667,-90.6625,1,3,0.3333333333333333
habtun.2.2017,2017,Bombus auricomus,44.00333333,-90.65972222,1,11,0.09090909090909091
habtun.2.2017,2017,Bombus impatiens,44.00333333,-90.65972222,9,11,0.8181818181818182
habtun.2.2017,2017,Bombus vagans,44.00333333,-90.65972222,1,11,0.09090909090909091
jack.2.2018,2018,Bombus impatiens,44.21182,-90.52653,1,2,0.5
jack.2.2018,2018,Bombus vagans,44.21182,-90.52653,1,2,0.5
JDR,2011,Bombus fervidus,44.1153,-90.5101,2,2,1
Jerry's Berries,2010,Bombus bimaculatus,44.2335,-90.7361,1,20,0.05
Jerry's Berries,2010,Bombus griseocollis,44.2335,-90.7361,4,20,0.2
Jerry's Berries,2010,Bombus impatiens,44.2335,-90.7361,13,20,0.65
Jerry's Berries,2010,Bombus ternarius,44.2335,-90.7361,2,20,0.1
jjw.1.2017,2017,Bombus bimaculatus,44.15138889,-90.28805556,19,30,0.6333333333333333
jjw.1.2017,2017,Bombus impatiens,44.15138889,-90.28805556,4,30,0.13333333333333333
jjw.1.2017,2017,Bombus ternarius,44.15138889,-90.28805556,1,30,0.03333333333333333
jjw.1.2017,2017,Bombus terricola,44.15138889,-90.28805556,1,30,0.03333333333333333
jjw.1.2017,2017,Bombus vagans,44.15138889,-90.28805556,5,30,0.16666666666666666
jjw.1.2018,2018,Bombus bimaculatus,44.15458,-90.28793,2,2,1
john.1.2017,2017,Bombus,44.27111111,-89.97361111,1,12,0.08333333333333333
john.1.2017,2017,Bombus bimaculatus,44.27111111,-89.97361111,5,12,0.4166666666666667
john.1.2017,2017,Bombus borealis,44.27111111,-89.97361111,1,12,0.08333333333333333
john.1.2017,2017,Bombus impatiens,44.27111111,-89.97361111,3,12,0.25
john.1.2017,2017,Bombus vagans,44.27111111,-89.97361111,2,12,0.16666666666666666
Johnson,2010,Bombus borealis,44.2734,-89.9767,3,17,0.17647058823529413
Johnson,2010,Bombus griseocollis,44.2734,-89.9767,1,17,0.058823529411764705
Johnson,2010,Bombus impatiens,44.2734,-89.9767,7,17,0.4117647058823529
Johnson,2010,Bombus rufocinctus,44.2734,-89.9767,1,17,0.058823529411764705
Johnson,2010,Bombus ternarius,44.2734,-89.9767,1,17,0.058823529411764705
Johnson,2010,Bombus terricola,44.2734,-89.9767,3,17,0.17647058823529413
Johnson,2010,Bombus vagans,44.2734,-89.9767,1,17,0.058823529411764705
Knorr,2008,Bombus griseocollis,44.3868,-89.888,2,2,1
Kranco,2010,Bombus bimaculatus,44.3852,-89.625,1,8,0.125
Kranco,2010,Bombus borealis,44.3852,-89.625,3,8,0.375
Kranco,2010,Bombus griseocollis,44.3852,-89.625,1,8,0.125
Kranco,2010,Bombus impatiens,44.3852,-89.625,1,8,0.125
Kranco,2010,Bombus sandersoni,44.3852,-89.625,1,8,0.125
Kranco,2010,Bombus terricola,44.3852,-89.625,1,8,0.125
Lester,2011,Bombus griseocollis,44.3503,-90.0267,1,5,0.2
Lester,2011,Bombus impatiens,44.3503,-90.0267,1,5,0.2
Lester,2011,Bombus ternarius,44.3503,-90.0267,2,5,0.4
Lester,2011,Bombus vagans,44.3503,-90.0267,1,5,0.2
lynn.1.2017,2017,Bombus bimaculatus,44.29388889,-89.91055556,2,9,0.2222222222222222
lynn.1.2017,2017,Bombus borealis,44.29388889,-89.91055556,2,9,0.2222222222222222
lynn.1.2017,2017,Bombus fervidus,44.29388889,-89.91055556,1,9,0.1111111111111111
lynn.1.2017,2017,Bombus griseocollis,44.29388889,-89.91055556,1,9,0.1111111111111111
lynn.1.2017,2017,Bombus impatiens,44.29388889,-89.91055556,2,9,0.2222222222222222
lynn.1.2017,2017,Bombus vagans,44.29388889,-89.91055556,1,9,0.1111111111111111
LynnHill,2010,Bombus bimaculatus,44.294,-89.911,1,4,0.25
LynnHill,2010,Bombus griseocollis,44.294,-89.911,1,4,0.25
LynnHill,2010,Bombus ternarius,44.294,-89.911,1,4,0.25
LynnHill,2010,Bombus vagans,44.294,-89.911,1,4,0.25
LynnHill,2011,Bombus bimaculatus,44.2944,-89.9072,1,12,0.08333333333333333
LynnHill,2011,Bombus borealis,44.2944,-89.9072,4,12,0.3333333333333333
LynnHill,2011,Bombus griseocollis,44.2944,-89.9072,3,12,0.25
LynnHill,2011,Bombus impatiens,44.2944,-89.9072,2,12,0.16666666666666666
LynnHill,2011,Bombus rufocinctus,44.2944,-89.9072,1,12,0.08333333333333333
LynnHill,2011,Bombus vagans,44.2944,-89.9072,1,12,0.08333333333333333
MarshRd,2010,Bombus bimaculatus,44.3858,-89.8929,1,12,0.08333333333333333
MarshRd,2010,Bombus impatiens,44.3858,-89.8929,4,12,0.3333333333333333
MarshRd,2010,Bombus sandersoni,44.3858,-89.8929,1,12,0.08333333333333333
MarshRd,2010,Bombus ternarius,44.3858,-89.8929,4,12,0.3333333333333333
MarshRd,2010,Bombus terricola,44.3858,-89.8929,1,12,0.08333333333333333
MarshRd,2010,Bombus vagans,44.3858,-89.8929,1,12,0.08333333333333333
Moss,2008,Bombus fernalde,44.3889,-90.0241,2,4,0.5
Moss,2008,Bombus griseocollis,44.3889,-90.0241,1,4,0.25
Moss,2008,Bombus vagans,44.3889,-90.0241,1,4,0.25
Moss,2010,Bombus bimaculatus,44.3908,-90.0226,1,17,0.058823529411764705
Moss,2010,Bombus impatiens,44.3908,-90.0226,2,17,0.11764705882352941
Moss,2010,Bombus ternarius,44.3908,-90.0226,11,17,0.6470588235294118
Moss,2010,Bombus terricola,44.3908,-90.0226,3,17,0.17647058823529413
Nemitz,2011,Bombus bimaculatus,44.1915,-90.4112,2,31,0.06451612903225806
Nemitz,2011,Bombus griseocollis,44.1915,-90.4112,1,31,0.03225806451612903
Nemitz,2011,Bombus impatiens,44.1915,-90.4112,14,31,0.45161290322580644
Nemitz,2011,Bombus sandersoni,44.1915,-90.4112,2,31,0.06451612903225806
Nemitz,2011,Bombus ternarius,44.1915,-90.4112,11,31,0.3548387096774194
Nemitz,2011,Bombus terricola,44.1915,-90.4112,1,31,0.03225806451612903
Okray,2010,Bombus griseocollis,44.4009,-89.6829,1,2,0.5
Okray,2010,Bombus impatiens,44.4009,-89.6829,1,2,0.5
Olson,2010,Bombus griseocollis,44.1549,-90.4897,1,9,0.1111111111111111
Olson,2010,Bombus rufocinctus,44.1549,-90.4897,1,9,0.1111111111111111
Olson,2010,Bombus sandersoni,44.1549,-90.4897,1,9,0.1111111111111111
Olson,2010,Bombus ternarius,44.1549,-90.4897,4,9,0.4444444444444444
Olson,2010,Bombus vagans,44.1549,-90.4897,2,9,0.2222222222222222
Rasmussen,2011,Bombus impatiens,44.3651,-90.0863,1,2,0.5
Rasmussen,2011,Bombus ternarius,44.3651,-90.0863,1,2,0.5
rezin.1.2017,2017,Bombus fervidus,44.12305556,-90.45555556,2,6,0.3333333333333333
rezin.1.2017,2017,Bombus impatiens,44.12305556,-90.45555556,1,6,0.16666666666666666
rezin.1.2017,2017,Bombus vagans,44.12305556,-90.45555556,3,6,0.5
RezinW,2011,Bombus fervidus,44.1326,-90.4439,1,2,0.5
RezinW,2011,Bombus impatiens,44.1326,-90.4439,1,2,0.5
salz.1.2017,2017,Bombus impatiens,44.08527778,-90.47555556,3,3,1
salz.1.2018,2018,Bombus bimaculatus,44.05848,-90.42163,4,7,0.5714285714285714
salz.1.2018,2018,Bombus impatiens,44.05848,-90.42163,2,7,0.2857142857142857
salz.1.2018,2018,unknown,44.05848,-90.42163,1,7,0.14285714285714285
salz.2.2018,2018,Bombus impatiens,44.08808,-90.47573,7,8,0.875
salz.2.2018,2018,Bombus vagans,44.08808,-90.47573,1,8,0.125
searl.1.2017,2017,Bombus,44.265,-90.08138889,1,28,0.03571428571428571
searl.1.2017,2017,Bombus bimaculatus,44.265,-90.08138889,11,28,0.39285714285714285
searl.1.2017,2017,Bombus griseocollis,44.265,-90.08138889,1,28,0.03571428571428571
searl.1.2017,2017,Bombus impatiens,44.265,-90.08138889,4,28,0.14285714285714285
searl.1.2017,2017,Bombus ternarius,44.265,-90.08138889,1,28,0.03571428571428571
searl.1.2017,2017,Bombus vagans,44.265,-90.08138889,9,28,0.32142857142857145
searl.1.2017,2017,Diptera,44.265,-90.08138889,1,28,0.03571428571428571
Searles,2010,Bombus bimaculatus,44.2656,-90.079,1,7,0.14285714285714285
Searles,2010,Bombus griseocollis,44.2656,-90.079,1,7,0.14285714285714285
Searles,2010,Bombus impatiens,44.2656,-90.079,2,7,0.2857142857142857
Searles,2010,Bombus ternarius,44.2656,-90.079,2,7,0.2857142857142857
Searles,2010,Bombus terricola,44.2656,-90.079,1,7,0.14285714285714285
Searles,2011,Bombus griseocollis,44.2669,-90.0757,2,3,0.6666666666666666
Searles,2011,Bombus ternarius,44.2669,-90.0757,1,3,0.3333333333333333
SenecaRed,2010,Bombus bimaculatus,44.3729,-89.9127,1,9,0.1111111111111111
SenecaRed,2010,Bombus impatiens,44.3729,-89.9127,6,9,0.6666666666666666
SenecaRed,2010,Bombus ternarius,44.3729,-89.9127,1,9,0.1111111111111111
SenecaRed,2010,Bombus terricola,44.3729,-89.9127,1,9,0.1111111111111111
SwenEast,2011,Bombus bimaculatus,44.1904,-90.3673,3,24,0.125
SwenEast,2011,Bombus griseocollis,44.1904,-90.3673,1,24,0.041666666666666664
SwenEast,2011,Bombus ternarius,44.1904,-90.3673,19,24,0.7916666666666666
SwenEast,2011,Bombus terricola,44.1904,-90.3673,1,24,0.041666666666666664
SwenNekoosa,2008,Bombus bimaculatus,44.325,-89.9107,1,2,0.5
SwenNekoosa,2008,Bombus borealis,44.325,-89.9107,1,2,0.5
SwenNekoosa,2011,Bombus bimaculatus,44.3251,-89.9103,1,9,0.1111111111111111
SwenNekoosa,2011,Bombus borealis,44.3251,-89.9103,4,9,0.4444444444444444
SwenNekoosa,2011,Bombus griseocollis,44.3251,-89.9103,3,9,0.3333333333333333
SwenNekoosa,2011,Bombus impatiens,44.3251,-89.9103,1,9,0.1111111111111111
Urban,2010,Bombus bimaculatus,44.3999,-89.751,3,22,0.13636363636363635
Urban,2010,Bombus borealis,44.3999,-89.751,1,22,0.045454545454545456
Urban,2010,Bombus griseocollis,44.3999,-89.751,4,22,0.18181818181818182
Urban,2010,Bombus impatiens,44.3999,-89.751,12,22,0.5454545454545454
Urban,2010,Bombus sandersoni,44.3999,-89.751,1,22,0.045454545454545456
Urban,2010,Bombus terricola,44.3999,-89.751,1,22,0.045454545454545456
Vanatta,2010,Bombus griseocollis,44.2404,-90.1473,1,7,0.14285714285714285
Vanatta,2010,Bombus impatiens,44.2404,-90.1473,4,7,0.5714285714285714
Vanatta,2010,Bombus rufocinctus,44.2404,-90.1473,1,7,0.14285714285714285
Vanatta,2010,Bombus vagans,44.2404,-90.1473,1,7,0.14285714285714285
Wandler,2008,Bombus impatiens,44.4136,-90.0453,1,2,0.5
Wandler,2008,Bombus ternarius,44.4136,-90.0453,1,2,0.5
Wandler,2010,Bombus bimaculatus,44.4146,-90.0464,1,7,0.14285714285714285
Wandler,2010,Bombus impatiens,44.4146,-90.0464,4,7,0.5714285714285714
Wandler,2010,Bombus ternarius,44.4146,-90.0464,1,7,0.14285714285714285
Wandler,2010,Bombus terricola,44.4146,-90.0464,1,7,0.14285714285714285
wood.5.2018,2018,Bombus impatiens,44.24912,-90.10085,2,4,0.5
wood.5.2018,2018,Bombus vagans,44.24912,-90.10085,2,4,0.5
