specimen.id,sci.name,order,family,genus,species,country,state,county,site.name,sample.round,trap.start.date,trap.end.date,lat,long,determination,gender,host.plant,project.name,primary.investigator,notes
,Bombus vagans,Hymenoptera,Apidae,Bombus,vagans,USA,WI,,15,1,,,,,A. Frappa,worker,,,,
,Bombus griseocollis,Hymenoptera,Apidae,Bombus,griseocollis,USA,WI,,15,1,,,,,A. Frappa,male ,,,,
,Bombus griseocollis,Hymenoptera,Apidae,Bombus,griseocollis,USA,WI,,15,1,,,,,A. Frappa,male,,,,
,Bombus griseocollis,Hymenoptera,Apidae,Bombus,griseocollis,USA,WI,,15,1,,,,,A. Frappa,male ,,,,
,Bombus griseocollis,Hymenoptera,Apidae,Bombus,griseocollis,USA,WI,,15,1,,,,,A. Frappa,worker,,,,
,Bombus rufocinctus,Hymenoptera,Apidae,Bombus,rufocinctus,USA,WI,,15,1,,,,,A. Frappa,worker,,,,
,Bombus impatiens,Hymenoptera,Apidae,Bombus,impatiens,USA,WI,,4,1,,,,,A. Frappa,worker,,,,
,Bombus impatiens,Hymenoptera,Apidae,Bombus,impatiens,USA,WI,,4,1,,,,,A. Frappa,male ,,,,
,Bombus impatiens,Hymenoptera,Apidae,Bombus,impatiens,USA,WI,,4,1,,,,,A. Frappa,male,,,,
,Bombus impatiens,Hymenoptera,Apidae,Bombus,impatiens,USA,WI,,4,1,,,,,A. Frappa,male,,,,
,Bombus impatiens,Hymenoptera,Apidae,Bombus,impatiens,USA,WI,,4,1,,,,,A. Frappa,male,,,,
,Bombus impatiens,Hymenoptera,Apidae,Bombus,impatiens,USA,WI,,4,1,,,,,A. Frappa,male,,,,
,Bombus impatiens,Hymenoptera,Apidae,Bombus,impatiens,USA,WI,,4,1,,,,,A. Frappa,male,,,,
,Bombus vagans,Hymenoptera,Apidae,Bombus,vagans,USA,WI,,4,1,,,,,A. Frappa,worker,,,,
,Bombus impatiens,Hymenoptera,Apidae,Bombus,impatiens,USA,WI,,17,1,,,,,A. Frappa,queen,,,,
,Bombus impatiens,Hymenoptera,Apidae,Bombus,impatiens,USA,WI,,17,1,,,,,A. Frappa,queen,,,,
,Bombus bimaculatus,Hymenoptera,Apidae,Bombus,bimaculatus,USA,WI,,17,1,,,,,A. Frappa,worker,,,,
,Bombus bimaculatus,Hymenoptera,Apidae,Bombus,bimaculatus,USA,WI,,17,1,,,,,A. Frappa,worker,,,,
,Bombus impatiens,Hymenoptera,Apidae,Bombus,impatiens,USA,WI,,3,1,,,,,A. Frappa,worker,,,,
,Bombus impatiens,Hymenoptera,Apidae,Bombus,impatiens,USA,WI,,3,1,,,,,A. Frappa,worker,,,,
,Bombus bimaculatus,Hymenoptera,Apidae,Bombus,bimaculatus,USA,WI,,3,1,,,,,A. Frappa,worker,,,,
,Bombus bimaculatus,Hymenoptera,Apidae,Bombus,bimaculatus,USA,WI,,3,1,,,,,A. Frappa,male,,,,
,Bombus bimaculatus,Hymenoptera,Apidae,Bombus,bimaculatus,USA,WI,,3,1,,,,,A. Frappa,male,,,,
,Bombus bimaculatus,Hymenoptera,Apidae,Bombus,bimaculatus,USA,WI,,3,1,,,,,A. Frappa,male,,,,
,unknown,Hymenoptera,Apidae,Bombus,unknown,USA,WI,,3,1,,,,,A. Frappa,worker,,,,
,unknown,Hymenoptera,Apidae,Bombus,unknown,USA,WI,,14,1,,,,,A. Frappa,queen,,,,
,Bombus impatiens,Hymenoptera,Apidae,Bombus,impatiens,USA,WI,,36,1,,,,,A. Frappa,queen,,,,
,Bombus impatiens,Hymenoptera,Apidae,Bombus,impatiens,USA,WI,,36,1,,,,,A. Frappa,queen,,,,
,Bombus vagans,Hymenoptera,Apidae,Bombus,vagans,USA,WI,,36,1,,,,,A. Frappa,queen,,,,
,Bombus vagans,Hymenoptera,Apidae,Bombus,vagans,USA,WI,,36,1,,,,,A. Frappa,queen,,,,
,Bombus bimaculatus,Hymenoptera,Apidae,Bombus,bimaculatus,USA,WI,,19,1,,,,,A. Frappa,worker,,,,
,Bombus impatiens,Hymenoptera,Apidae,Bombus,impatiens,USA,WI,,31,1,,,,,A. Frappa,worker,,,,
,Bombus impatiens,Hymenoptera,Apidae,Bombus,impatiens,USA,WI,,31,1,,,,,A. Frappa,worker,,,,
,Bombus bimaculatus,Hymenoptera,Apidae,Bombus,bimaculatus,USA,WI,,31,1,,,,,A. Frappa,worker,,,,
,Bombus vagans,Hymenoptera,Apidae,Bombus,vagans,USA,WI,,31,1,,,,,A. Frappa,worker,,,,
,Bombus vagans,Hymenoptera,Apidae,Bombus,vagans,USA,WI,,31,1,,,,,A. Frappa,worker,,,,
,Bombus vagans,Hymenoptera,Apidae,Bombus,vagans,USA,WI,,31,1,,,,,A. Frappa,worker,,,,
,unknown,Hymenoptera,Apidae,Bombus,,USA,WI,,5,1,,,,,A. Frappa,,,,,
,Bombus bimaculatus,Hymenoptera,Apidae,Bombus,bimaculatus,USA,WI,,24,1,,,,,A. Frappa,worker,,,,
,Bombus vagans,Hymenoptera,Apidae,Bombus,vagans,USA,WI,,35,1,,,,,A. Frappa,worker,,,,
,Bombus vagans,Hymenoptera,Apidae,Bombus,vagans,USA,WI,,10,1,,,,,A. Frappa,queen,,,,
,Bombus vagans,Hymenoptera,Apidae,Bombus,vagans,USA,WI,,8,1,,,,,A. Frappa,queen,,,,
,Bombus bimaculatus,Hymenoptera,Apidae,Bombus,bimaculatus,USA,WI,,21,1,,,,,A. Frappa,worker,,,,
,Bombus ternarius,Hymenoptera,Apidae,Bombus,ternarius,USA,WI,,21,1,,,,,A. Frappa,worker,,,,
,Bombus impatiens,Hymenoptera,Apidae,Bombus,impatiens,USA,WI,,39,1,,,,,A. Frappa,queen,,,,
,Bombus vagans,Hymenoptera,Apidae,Bombus,vagans,USA,WI,,39,1,,,,,A. Frappa,worker,,,,
,Bombus fervidus,Hymenoptera,Apidae,Bombus,fervidus,USA,WI,,39,1,,,,,A. Frappa,worker,,,,
,Bombus impatiens,Hymenoptera,Apidae,Bombus,impatiens,USA,WI,,34,1,,,,,A. Frappa,queen,,,,
,Bombus vagans,Hymenoptera,Apidae,Bombus,vagans,USA,WI,,12,1,,,,,A. Frappa,worker,,,,
,Bombus ternarius,Hymenoptera,Apidae,Bombus,ternarius,USA,WI,,12,1,,,,,A. Frappa,worker,,,,
,Bombus bimaculatus,Hymenoptera,Apidae,Bombus,bimaculatus,USA,WI,,25,1,,,,,A. Frappa,male,,,,
,Bombus bimaculatus,Hymenoptera,Apidae,Bombus,bimaculatus,USA,WI,,25,1,,,,,A. Frappa,worker,,,,
,Bombus bimaculatus,Hymenoptera,Apidae,Bombus,bimaculatus,USA,WI,,2,1,,,,,A. Frappa,worker,,,,
,Bombus vagans,Hymenoptera,Apidae,Bombus,vagans,USA,WI,,2,1,,,,,A. Frappa,worker,,,,
,Bombus borealis,Hymenoptera,Apidae,Bombus,borealis,USA,WI,,2,1,,,,,A. Frappa,worker,,,,
,Bombus impatiens,Hymenoptera,Apidae,Bombus,impatiens,USA,WI,,37,1,,,,,A. Frappa,queen,,,,
,Bombus fervidus,Hymenoptera,Apidae,Bombus,fervidus,USA,WI,,37,1,,,,,A. Frappa,worker,,,,
,Bombus impatiens,Hymenoptera,Apidae,Bombus,impatiens,USA,WI,,7,1,,,,,A. Frappa,queen,,,,
,Bombus vagans,Hymenoptera,Apidae,Bombus,vagans,USA,WI,,7,1,,,,,A. Frappa,worker,,,,
,Bombus impatiens,Hymenoptera,Apidae,Bombus,impatiens,USA,WI,,32,1,,,,,A. Frappa,worker,,,,
,Bombus vagans,Hymenoptera,Apidae,Bombus,vagans,USA,WI,,32,1,,,,,A. Frappa,worker,,,,
,Bombus bimaculatus,Hymenoptera,Apidae,Bombus,bimaculatus,USA,WI,,32,1,,,,,A. Frappa,worker,,,,
,Bombus terricola,Hymenoptera,Apidae,Bombus,terricola,USA,WI,,32,1,,,,,A. Frappa,worker,,,,
,Bombus bimaculatus,Hymenoptera,Apidae,Bombus,bimaculatus,USA,WI,,13,1,,,,,A. Frappa,male,,,,
,Bombus bimaculatus,Hymenoptera,Apidae,Bombus,bimaculatus,USA,WI,,13,1,,,,,A. Frappa,male,,,,
,Bombus vagans,Hymenoptera,Apidae,Bombus,vagans,USA,WI,,13,1,,,,,A. Frappa,worker,,,,
,Bombus griseocollis,Hymenoptera,Apidae,Bombus,griseocollis,USA,WI,,13,1,,,,,A. Frappa,male,,,,
,Bombus bimaculatus,Hymenoptera,Apidae,Bombus,bimaculatus,USA,WI,,20,1,,,,,A. Frappa,worker,,,,
,Bombus vagans,Hymenoptera,Apidae,Bombus,vagans,USA,WI,,20,1,,,,,A. Frappa,worker,,,,
,unknown,Hymenoptera,Apidae,Bombus,unknown,USA,WI,,20,1,,,,,A. Frappa,worker,,,,