code,land.cover
1,corn
4,sorghum
5,soybeans
6,sunflower
11,tobacco
12,sweet.corn
13,popcorn
21,barley
23,sp.wht
24,wt.wht
26,wht.soy
27,rye
28,oats
29,millet
30,speltz
31,canola
36,alfalfa
37,hay
38,camelina
39,buckwheat
41,sugarbeets
42,dry.beans
43,potatoes
44,other.crop
46,swt.pot
47,misc.veg
49,onions
50,cukes
53,peas
57,herbs
58,wildflower
59,sod
60,switch
61,fallow
66,cherries
68,apples
70,christmas
71,other.tree
111,water
121,dev.open
122,dev.low
123,dev.med
124,dev.hi
131,barren
141,d.forest
142,e.forest
143,m.forest
152,shrub
176,grass
190,w.wet
195,h.wet
200,ag.edge
201,road.edge
205,triticale
206,carrots
216,peppers
219,greens
221,strawb
222,squash
224,vetch
225,wht.corn
226,oats.corn
229,pumpkins
237,bar.corn
240,soybeans/oats
242,blueberries
243,cabbage
244,cauli
246,radish
250,cran
254,bar.soy