Genus ,species,author,family,common,urban_noturban,urban_tree,shape,size of flower width (mm),size of flower length (mm),inflorescence length (mm),inflorescence width (mm),area.per.flower.mm2,notes,data source
Abutilon ,theophrasti,Medik,Malvaceae,velvetleaf,noturban,,circle,19,,,,283.528737,,
Acer,negundo,L.,Sapindaceae,box elder maple,noturban,,circle,5,,,,19.63495408,,
Acer,pensylvanicum,L.,Sapindaceae,striped maple,noturban,,circle,8,,,,50.26548246,,
Acer,platanoides,L.,Sapindaceae,Norway maple,noturban,,circle,8,,,,50.26548246,,
Acer,rubrum,L.,Sapindaceae,red maple,noturban,,circle,8,,,,50.26548246,"in 2022 (yellow rite in rain book) I recorded 1/4""-3/8"" flower size. This is larger than the 3mm, but if I change rubrum, I should also change other Acers. Update: I changed all accordingly",
Acer,saccharinum,L.,Sapindaceae,Silver maple,noturban,,circle,8,,,,50.26548246,,
Acer,saccharum,Marsh,Sapindaceae,sugar maple,noturban,,circle,8,,,,50.26548246,,
Achillea ,millefolium,L.,Asteraceae,yarrow,noturban,,circle,6,,,76,4536.459792,,
Actaea,pachypoda,Ell.,Ranunculaceae,white baneberry,noturban,,circle,6,,57,18.4,28.27433388,,
Actaea,rubra,(Ait.) Willd.,Ranunculaceae,red baneberry,noturban,,circle,6,,38,26.6,28.27433388,,
Adiantum,pedatum,L.,Pteridaceae,maidenhair fern,noturban,,,,,,,,,
Ageratina ,altissima,(L.) King & H.E. Robins.,Asteraceae,white snake-root,noturban,,circle,13,,,38,1134.114948,,
Agrimonia,gryposepala,Wallr.,Rosaceae,agrimony,noturban,,circle,6,,,,28.27433388,,
Agrimonia,striata,Michx.,Rosaceae,Woodland agrimony,noturban,,circle,10,,,,78.53981634,,
Agrostis,stolonifera,L.,Poaceae,creeping bentgrass,noturban,,,,,,,,,
Ailanthus ,altissima,(P. Mill.) Swingle,Simaroubaceae,tree of heaven,noturban,,circle,8,,,,50.26548246,,
Alisma,triviale,Pursh,Alismataceae,northern water plantain,noturban,,circle,6,,,,28.27433388,,
Alliaria,petiolata,(Bieb.) Cavara & Grande,Brassicaceae,garlic mustard,noturban,,circle,6,,,,28.27433388,,
Allium,ampeloprasum ,,Alliaceae,leek,noturban,,,,,,,,,
Allium,canadense,L.,Alliaceae,meadow garlic,noturban,,dome,13,,,19,567.057474,,
Allium,cepa,L.,Alliaceae,onion,noturban,,,,,,,,,
Allium,oleraceum,L.,Alliaceae,field garlic,noturban,,circle,5,,,,19.63495408,These values are for A. vineale (this is what entry should be),
Allium,schoenoprasum,L.,Alliaceae,chives,noturban,,dome,,,,32,1608.495439,,
Allium,tricoccum,Ait.,Alliaceae,wild leek,noturban,,dome,6,,,,56.54866776,,
Alnus ,incana,(L.) Moench,Betulaceae,speckled alder,noturban,,cylinder,,,55,6,1064.99991,,measured (from Sandbank plants)
Amaranthus ,albus,L.,Amaranthaceae,tumble pigweed,noturban,,circle,4.2,,,,13.8544236,,
Amaranthus ,powellii,S. Wats.,Amaranthaceae,Powell's amaranth,noturban,,cylinder,,,46,7,1050.077344,,
Amaranthus ,retroflexus,L.,Amaranthaceae,redroot pigweed,noturban,,cone,,,30,18,885.5781362,,
Ambrosia,artemesiifolia,L.,Asteraceae,common ragweed,noturban,,cylinder,,,70,4,892.2123136,,
Amelanchier,arborea,(Michx. f.) Fern.,Rosaceae,serviceberry,noturban,,circle,25,,,,490.8738521,,
Amphicarpaea,bracteata,(L.) Fern.,Fabaceae,hog peanut,noturban,,rectangle,11,13,,,143,,
Anemone ,acutiloba,(DC.) G. Lawson,Ranunculaceae,sharp-lobed hepatica,noturban,,circle,25,,,,490.8738521,,
Anemone ,virginiana,L.,Ranunculaceae,tall thimble weed,noturban,,circle,127,,,,12667.68698,,
Anethum ,graveolens,L.,Apiaceae,dill,noturban,,circle,,,,13,132.7322896,,
Angelica ,atropurpurea,L.,Apiaceae,purple-stemmed Angelica,noturban,,dome/sphere,6,,,152,36291.67833,,
Anthemis,arvensis,L.,Asteraceae,corn chamomile,noturban,,circle,25,,,,490.8738521,,
Anthoxanthum ,odoratum,L.,Poaceae,sweet vernal grass,noturban,,,,,,,,,
Apium ,graveolens,L.,Apiaceae,celery,noturban,,circle,2.5,,,,4.908738521,,
Apocynum ,androsaemifolium,L.,Apocynaceae,spreading dogbane,noturban,,circle,8.5,,,51,2042.820623,,
Aralia,nudicaulis,L.,Apiaceae,sarsaparilla,noturban,,sphere,3,,,44,28.27433388,,
Arctium ,minus,Bernh.,Asteraceae,common burdock,noturban,,circle,22,,,,380.1327111,,
Arenaria,serpyllifolia,L.,Caryophyllaceae,thyme-leaved sandwort,noturban,,circle,4,,,,12.56637061,,
Arisaema ,triphyllum,(L.) Schott,Araceae,jack-in-the-pulpit,noturban,,circle,51,,,,2042.820623,,
Aronia,melanocarpa,(Michx.) Ell.,Rosaceae,black chokeberry,noturban,,circle,13,,,,132.7322896,,
Artemesia,vulgaris,L.,Asteraceae,common wormwood,noturban,,circle,3,,,,7.068583471,,
Asarum,canadense,L.,Aristolochiaceae,wild ginger,noturban,,circle,13,,,,132.7322896,,
Asclepias ,incarnata,L.,Apocynaceae,swamp milkweed,noturban,,circle,6,,,,28.27433388,,
Asclepias ,syriaca,L.,Apocynaceae,common milkweed,noturban,,dome,6,,,83,10821.2159,,
Athyrium,filix-femina,,Woodsiaceae,lady fern,noturban,,,,,,,,,
Avena,sativa,L.,Poaceae,oats,noturban,,,,,,,,,
Azolla,caroliniana,Willd,Azollaceae,Carolina Mosquito Fern,noturban,,,,,,,,,
Barbarea ,vulgaris,Ait. f.,Brassicaceae,yellow-rocket,noturban,,circle,8,,18.4,15.4,50.26548246,,
Berberis,thunbergii,DC.,Berberidaceae,Japanese barberry,noturban,,circle,6,,,,28.27433388,,
Berteroa ,incana,(Vent.) DC.,Brassicaceae,hoary alyssum,noturban,,circle,6,,,38,1134.114948,,
Beta,vulgaris,L.,Amaranthaceae,beets,noturban,,,4,,,,12.56637061,,
Betula,alleghaniensis,Britt.,Betulaceae,yellow birch,noturban,,cylinder,,,83,13,3522.510763,,
Betula,lenta,L.,Betulaceae,black birch,noturban,,cylinder,,,88,13,3726.714285,,
Bidens,bipinnata,L.,Asteraceae,spanish needles,noturban,,circle,10,,,,78.53981634,,
Bidens,cernua,L.,Asteraceae,nodding bur-marigold,noturban,,circle,25,,,,490.8738521,,
Bidens,connata,Muhl. ex Willd.,Asteraceae,purplestem beggarticks,noturban,,circle,22,,,,380.1327111,,
Bidens,tripartita,L.,Asteraceae,threelobe beggar's ticks,noturban,,circle,16,,,,201.0619298,,
Blephilia ,hirsuta,(Pursh) Benth.,Lamiaceae,hairy wood mint,noturban,,circle,13,,,18.4,132.7322896,"changed from inflorescence to individual Nov 3, 2022",
Boehmeria ,cylindrica,(L.) Sw.,Urticaceae,false nettle,noturban,,dome,,,,3,14.13716694,,
Bolboschoenus,fluviatilis,(Torr.) Soj‡k,Cyperaceae,river tuber-bulrush,noturban,,,,,,,,,
Borago ,officinalis,L.,Boraginaceae,star flower,noturban,,circle,28,,,,615.7521601,,
Brachyelytrum ,erectum,(Schreb.) Beauv.,Poaceae,husk grass,noturban,,,,,,,,,
Brassica ,nigra,(L.) W.D.J. Koch,Brassicaceae,black mustard,noturban,,circle,8,,32,18,50.26548246,,
Brassica ,oleracea var. capitata,,Brassicaceae,cabbage,noturban,,,,,,,,,
Brassica ,oleracea var. italica,,Brassicaceae,broccoli,noturban,,,,,,,,,
Brassica ,oleracea var. sabellica,,Brassicaceae,kale,noturban,,,,,,,,,
Brassica ,rapa subsp. chinensis,,Brassicaceae,bok choy,noturban,,,,,,,,,
Brassica ,rapa subsp. pekinensis,,Brassicaceae,nappa cabbage,noturban,,,,,,,,,
Brassica ,rapa subsp. rapa,,Brassicaceae,turnip,noturban,,circle,17,,,,226.9800692,,
Bromus ,inermis,Leyss.,Poaceae,smooth brome,noturban,,,,,,,,,
Bromus ,pubescens,Muhl. ex Willd.,Poaceae,hairy wood brome,noturban,,,,,,,,,
Calamagrostis,canadensis,(Michx.) Beauv.,Poaceae,blue joint grass,noturban,,,,,,,,,
Calystegia ,sepium,(L.) R. Br.,Convulvulacea,hedge bindweed,noturban,,circle,38,,,,1134.114948,,
Campsis ,radicans,(L.) Seem. ex Bureau,Bignoniaceae,trumpet vine,noturban,,triangle,44,66,,,1452,,
Capsella,bursa-pastoris,(L.) Medik.,Brassicaceae,Shepard's purse,noturban,,circle,3,,,10.4,84.94866535,,
Capsicum ,annuum ,,Solanaceae,jalapeno,noturban,,circle,22,,,,380.1327111,,
Cardamine,diphylla,(Michx.) Wood,Brassicaceae,two-leaved toothwort,noturban,,circle,19,,,,283.528737,,
Cardamine,hirsuta,L.,Brassicaceae,hairy bittercress,noturban,,circle,6,,,,28.27433388,,
Cardamine ,concatenata,(Michx.) Sw.,Brassicaceae,cutleaf toothwort,noturban,,circle,13,,,,132.7322896,,
Cardamine ,pensylvanica,Muhl. ex Willd.,Brassicaceae,pennsylvania bittercress,noturban,,circle,3,,,,7.068583471,,
Carex,albursina,Sheldon,Cyperaceae,White bear sedge,noturban,,,,,,,,,
Carex,arctata,Boott in hook,Cyperaceae,dropping wood sedge,noturban,,,,,,,,,
Carex,blanda,Dewey,Cyperaceae,eastern woodland sedge,noturban,,,,,,,,,
Carex,bromoides,Schkuhr ex Willd.,Cyperaceae,brome hummock sedge,noturban,,,,,,,,,
Carex ,canescens,L.,Cyperaceae,hoary sedge,noturban,,,,,,,,,
Carex,communis,Bailey,Cyperaceae,fibrousroot sedge,noturban,,,,,,,,,
Carex,comosa,Boott,Cyperaceae,longhair sedge,noturban,,,,,,,,,
Carex,crinita,Lam .,Cyperaceae,fringed sedge,noturban,,,,,,,,,
Carex,cristatella,Britt.,Cyperaceae,crested sedge,noturban,,,,,,,,,
Carex,debilis,Michx.,Cyperaceae,white edge sedge,noturban,,,,,,,,,
Carex,declinata,,Cyperaceae,sedge,noturban,,,,,,,,,
Carex,deweyana,Schwein.,Cyperaceae,dewey sedge,noturban,,,,,,,,,
Carex,digitalis,Willd.,Cyperaceae,slender woodland sedge,noturban,,,,,,,,,
Carex,echinata,Murr.,Cyperaceae,star sedge,noturban,,,,,,,,,
Carex,flava,L.,Cyperaceae,yellow sedge,noturban,,,,,,,,,
Carex,formosa,Dewey,Cyperaceae,handsome  sedge,noturban,,,,,,,,,
Carex,gracillima,Schwein.,Cyperaceae,graceful sedge,noturban,,,,,,,,,
Carex,grayii,,Cyperaceae,sedge,noturban,,,,,,,,,
Carex,grisea,Wahlenb.,Cyperaceae,inflated narrow-leaf sedge,noturban,,,,,,,,,
Carex,hirsutella,Mackenzie,Cyperaceae,fuzzy wuzzy sedge,noturban,,,,,,,,,
Carex,hirtifolia,Mackenzie,Cyperaceae,hairy wood sedge,noturban,,,,,,,,,
Carex,hitchcockonia,Dewey,Cyperaceae,Hitchcock's sedge,noturban,,,,,,,,,
Carex,intumescens,Rudge,Cyperaceae,greater bladder sedge,noturban,,,,,,,,,
Carex,laxiculmis,Schwein.,Cyperaceae,spreading sedge,noturban,,,,,,,,,
Carex,laxiflora,Lam.,Cyperaceae,broad loose-flowered sedge,noturban,,,,,,,,,
Carex,leptalea,Wahlenb.,Cyperaceae,bristlystalked sedge,noturban,,,,,,,,,
Carex,lupulina,Muhl. ex Willd.,Cyperaceae,hop sedge,noturban,,,,,,,,,
Carex,lurida,Wahlenb.,Cyperaceae,shallow sedge,noturban,,,,,,,,,
Carex,pallescens,L.,Cyperaceae,Pale sedge,noturban,,,,,,,,,
Carex,pallida,,Cyperaceae,sedge,noturban,,,,,,,,,
Carex,pedunculata,Muhl. ex Willd.,Cyperaceae,longstalk sedge,noturban,,,,,,,,,
Carex,pensylvanica,Lam .,Cyperaceae,pennsylvania sedge,noturban,,,,,,,,,
Carex,prasina,Wahlenb.,Cyperaceae,drooping sedge,noturban,,,,,,,,,
Carex,projecta,Mackenzie,Cyperaceae,necklace sedge,noturban,,,,,,,,,
Carex,radiata,(Wahlenb.) Small,Cyperaceae,eastern star sedge,noturban,,,,,,,,,
Carex,retrorsa,Schwein.,Cyperaceae,knotsheath sedge,noturban,,,,,,,,,
Carex,rosea,Schkuhr ex Willd.,Cyperaceae,rosy sedge,noturban,,,,,,,,,
Carex,scabrata,Schwein.,Cyperaceae,eastern rough sedge,noturban,,,,,,,,,
Carex,scoparia,Schkuhr ex Willd.,Cyperaceae,broom sedge,noturban,,,,,,,,,
Carex,sparganioides,Muhl. ex Willd.,Cyperaceae,bur-reed sedge,noturban,,,,,,,,,
Carex,stellulata,,Cyperaceae,sedge,noturban,,,,,,,,,
Carex,stipata,Muhl. ex Willd.,Cyperaceae,awlfruit sedge,noturban,,,,,,,,,
Carex,stricta,Lam .,Cyperaceae,upright sedge,noturban,,,,,,,,,
Carex,swanii,(Fern.) Mackenzie,Cyperaceae,Swan's sedge,noturban,,,,,,,,,
Carex,tenera,Dewey,Cyperaceae,quill sedge,noturban,,,,,,,,,
Carex,tribuloides,Wahlenb.,Cyperaceae,blunt broom sedge,noturban,,,,,,,,,
Carex,trichocarpa,Muhl. ex Willd.,Cyperaceae,hairy-fruited sedge,noturban,,,,,,,,,
Carex,trisperma,Dewey,Cyperaceae,three-seeded sedge,noturban,,,,,,,,,
Carex,utriculata,Boott,Cyperaceae,northwest territory sedge,noturban,,,,,,,,,
Carex,vulpinoidea,Michx.,Cyperaceae,fox sedge,noturban,,,,,,,,,
Carex,woodii,,Cyperaceae,sedge,noturban,,,,,,,,,
Carpinus,caroliniana,Walt.,Betulaceae,blue beech,noturban,,cylinder,,,38,8,1005.309649,,
Carya,cordiformis,(Wangenh.) K. Koch,Juglandaceae,bitternut hickory,noturban,,cylinder,,,101,6,1932.079482,,
Carya,glabra,(P. Mill.) Sweet,Juglandaceae,pignut hickory,noturban,,cylinder,,,89,6,1705.884811,,
Carya,ovata,(P. Mill.) K. Koch,Juglandaceae,shagbark hickory,noturban,,cylinder,,,114,6,2177.123709,,
Castilleja,coccinea,(L.) Spreng.,Orobanchaceae,indian paintbrush,noturban,,rectangle,3,19,,,57,,
Catalpa,speciosa,(Warder) Warder ex Engelm.,Bignoniaceae,catalpa,noturban,,triangle,44,57,,,1254,,
Caulophyllum ,thalictroides,(L.) Michx.,Berberidaceae,blue cohosh,noturban,,circle,8,,,51,50.26548246,,
Celastrus,orbiculatus,Thunb.,Celastraceae,oriental bittersweet,noturban,,circle,8,,,,50.26548246,,
Celastrus,scandens,L.,Celastraceae,American bittersweet,noturban,,circle,6,,,,28.27433388,,
Centaurea ,cyanus,L.,Asteraceae,cornflower,noturban,,circle,38,,,,1134.114948,,
Centaurea ,jacea,L.,Asteraceae,brown knapweed,noturban,,circle,29,,,,660.5198554,,
Centaurea ,nigra,L.,Asteraceae,common knapweed,noturban,,circle,32,,,,804.2477193,,
Centaurea ,stoebe,L.,Asteraceae,spotted knapweed,noturban,,circle,25,,,,490.8738521,,
Centaurium,erythraea,Raf.,Gentianaceae,common centaury,noturban,,circle,10,,,,78.53981634,,
Cerastium,fontanum,Baumg.,Caryophyllaceae,mouse-eared chickweed,noturban,,circle,6,,,,28.27433388,,
Chelidonium ,majus,L.,Papaveraceae,greater celandine,noturban,,circle,16,,,,201.0619298,,
Chelone,glabra,L. ,Plantaginaceae,white turtlehead,noturban,,rectangle,24,32,,,768,,
Chenopodium ,album,L.,Amaranthaceae,lamb's quarters,noturban,,sphere,,,,3,28.27433388,,
Chenopodium ,glaucum,L.,Amaranthaceae,oak-leaved goosefoot,noturban,,sphere,,,,1.5,7.068583471,,
Chenopodium ,urbicum,L.,Amaranthaceae,city goosefoot,noturban,,sphere,,,,1,3.141592654,,
Cichorium,intybus,L.,Asteraceae,chicory,noturban,,circle,29,,,,660.5198554,,
Cicuta,bulbifera,L.,Apiaceae,bulb-bearing water hemlock,noturban,,circle,3,,,76,4536.459792,,
Cicuta,maculata,L.,Apiaceae,water hemlock,noturban,,circle,3,,,152,18145.83917,,
Circaea,canadensis,(L.) Hill,Onagaraceae,Enchanter's nightshade,noturban,,circle,5,,,,19.63495408,,
Cirsium ,altissima,(L.) Spreng.,Asteraceae,tall thistle,noturban,,circle,51,,,,2042.820623,,
Cirsium ,arvense,(L.) Scop.,Asteraceae,canada thistle,noturban,,circle,16,,,,201.0619298,,
Cirsium ,discolor,(Muhl. ex Willd.) Spreng.,Asteraceae,field thistle,noturban,,circle,51,,,,2042.820623,,
Cirsium ,vulgare,(Savi) Ten.,Asteraceae,bull thistle,noturban,,circle,44,,,,1520.530844,,
Claytonia,virginica,L.,Portulacaceae,spring beauty,noturban,,circle,8,,,,50.26548246,,
Clematis,virginiana,L.,Ranunculaceae,virgins bower,noturban,,circle,22,,,,380.1327111,,
Clinopodium,vulgare,L.,Lamiaceae,wild basil,noturban,,triangle,17,13,,,110.5,,
Clintonia ,borealis,(Ait.) Raf.,Liliaceae,bluebead,noturban,,circle,22,,,,380.1327111,,
Collinsonia,canadensis,L.,Lamiaceae,horse balm,noturban,,triangle,4.6,13,172,56.2,29.9,,
Conopholis ,americana,(L.) Wallr. f.,Orobanchaceae,squawroot,noturban,,rectangle,6,13,,,78,,
Convolvulus ,arvensis,L.,Convulvulacea,field bindweed,noturban,,circle,25,,,,490.8738521,,
Coptis,trifolia,(L.) Salisb.,Ranunculaceae,gold thread,noturban,,circle,11,,,,95.03317777,,
Coreopsis,lanceolata,L.,Asteraceae,Lanceleaf coreopsis,noturban,,circle,64,,,,3216.990877,,
Coriandrum ,sativum,L.,Apiaceae,cilantro,noturban,,circle,,,,14,153.93804,,
Cornus,alternifolia,(L. f.) Small,Cornaceae,alternate-leaved dogwood,noturban,,circle,6,,,70,3848.451001,,
Cornus,amomum,(P. Mill.) Small,Cornaceae,silky dogwood,noturban,,circle,6,,,64,3216.990877,,
Cornus,racemosa,(Lam.) Moldenke,Cornaceae,Gray dogwood,noturban,,circle,6,,,51,2042.820623,,
Cornus,rugosa,(Lam.) Rydb.,Cornaceae,round-leaved dogwood,noturban,,circle,48,,,48,1809.557368,,
Cornus,sericea,(L.) Holub,Cornaceae,red oiser dogwood,noturban,,circle,6,,,64,3216.990877,,
Corylus,avellana,,Betulaceae,hazelnut,noturban,,cylinder,,,64,8,1658.760921,,
Corylus,sp.,,Betulaceae,ornamental hazelnut,noturban,,cylinder,,,64,8,1658.760921,used C. avellana,
Crataegus,sp.,,Rosaceae,hawthorn,noturban,,circle,14.42857143,,,,163.5070748,,
Cryptotaenia,canadensis,(L.) DC.,Apiaceae,honewort,noturban,,circle,3,,,57,2551.758633,,
Cucumis ,sativus,L.,Cucurbitaceae,cucumber,noturban,,circle,14.4,,,,162.8601632,,
Cucurbita,maxima,Duchesne,Cucurbitaceae,domestic squash,noturban,,circle,55.8,,,,2445.447137,,
Cucurbita,pepo,L.,Cucurbitaceae,pumpkin,noturban,,circle,76,,,,4536.459792,,
Cucurbita,pepo var. cylindrica,,Cucurbitaceae,zucchini,noturban,,circle,124.8,,,,12232.60781,,
Cuscuta,sp.,,,dodder,noturban,,circle,3,,,,7.068583471,,
Cynanchum ,rossicum,(Kleopov) Borhidi,Apocynaceae,pale swallowort,noturban,,circle,6,,,,28.27433388,,
Cyperus ,esculentus,L.,Cyperaceae,yellow nutsedge,noturban,,,,,,,,,
Cyperus ,strigosus,L.,Cyperaceae,straw-colored flatsedge,noturban,,,,,,,,,
Dactylis,glomerata,L.,Poaceae,orchardgrass,noturban,,,,,,,,,
Datura,stramonium,L.,Solanaceae,jimsonweed,noturban,,triangle,51,127,,,3238.5,,
Daucus ,carota,L.,Apiaceae,wild carrot,noturban,,circle,2.5,,,89,6221.138852,,
Daucus ,carota subsp. sativus,,Apiaceae,carrot,noturban,,,,,,,,,
Dennstaedtia ,punctilobula,(Michx.) T. Moore,Dennstaedtiaceae,eastern hay-scented fern,noturban,,,,,,,,,
Desmodium ,canadense,(L.) DC.,Fabaceae,showy-tick trefoil,noturban,,circle,13,,76.8,20,132.7322896,,
Dianthus,armeria,L.,Caryophyllaceae,deptford pink,noturban,,circle,8,,,,50.26548246,,
Dianthus ,barbatus,L.,Caryophyllaceae,sweet william,noturban,,circle,16,,,,201.0619298,,
Dicanthelium,acuminatum,(Sw.) Gould & C.A. Clark,Poaceae,hairy rosette-panicgrass,noturban,,,,,,,,,
Dicentra,canadensis,(Goldie) Walp.,Papaveraceae,squirrel corn,noturban,,rectangle,13,19,,,247,,
Digitaria,ischaemum,(Schreb.) Muhl.,Poaceae,smooth crabrass,noturban,,,,,,,,,
Digitaria,sanguinalis,(L.) Scop.,Poaceae,large crabgrass,noturban,,,,,,,,,
Diplotaxis,muralis,(L.) DC.,Brassicaceae,annual wallrocket,noturban,,circle,12.5,,,,122.718463,,
Dipsacus,fullonum,L.,Caprifoliaceae,wild teasal,noturban,,cylinder,,13,102,38,6655.464037,this value is original divided by 2 because only about half of head is flowering at any given time,
Doellingeria ,umbellata,(P. Mill.) Nees,Asteraceae,flat-topped aster,noturban,,circle,13,,,,132.7322896,,
Dryopteris,carthusiana,(Vill.) H.P. Fuchs,Dryopteridaceae,spinulose wood fern,noturban,,,,,,,,,
Dryopteris,clintoniana,(D.C. Eat.) Dowell,Dryopteridaceae,Clinton's wood fern,noturban,,,,,,,,,
Dryopteris ,cristata,(L.) Gray,Dryopteridaceae,crested wood fern,noturban,,,,,,,,,
Duchesnea,indica,,,Indian strawberry,noturban,,circle,19,,,,283.528737,,
Echinochloa ,crus-galli,(L.) Beauv.,Poaceae,barnyard grass,noturban,,,,,,,,,
Echinocystis,lobata,(L.) Beauv.,Cucurbitaceae,Wild cucumber,noturban,,circle,12.2,,,,116.8986626,,
Elaeagnus,umbellata,Thunb.,Elaeaganus,autumn olive,noturban,,circle,13,,,,132.7322896,,
Eleocharis,acicularis,(L.) Roemer & J.A. Schultes,Cyperaceae,needle spikerush,noturban,,,,,,,,,
Eleocharis,erythropoda,Steud.,Cyperaceae,bald spikerush,noturban,,,,,,,,,
Eleocharis,intermedia,J.A. Schultes,Cyperaceae,matted spikerush,noturban,,,,,,,,,
Eleocharis,obtusa, J.A Schultes,Cyperaceae,blunt spikerush,noturban,,,,,,,,,
Eleusine ,indica,(L.) Gaertn.,Poaceae,goose grass,noturban,,,,,,,,,
Elymus ,repens,(L.) Gould,Poaceae,quackgrass,noturban,,,,,,,,,
Elymus ,riparius,Wieg,Poaceae,riverbank wild ryegrass,noturban,,,,,,,,,
Elymus,villosus,Muhl. ex Willd.,Poaceae,downy wild-rye,noturban,,,,,,,,,
Epifagus,virginiana,(L.) W. Bart.,Orobanchaceae,beechdrops,noturban,,circle,8,,,,50.26548246,,
Epilobium,ciliatum ,Raf.,Onagaraceae,fringed willowherb,noturban,,circle,13,,,,132.7322896,,
Epilobium,coloratum,Buehler,Onagaraceae,purpleleaf willowherb,noturban,,circle,8,,,,50.26548246,,
Epilobium,hirsutum,L.,Onagaraceae,hairy willowherb,noturban,,circle,25,,,,490.8738521,,
Epilobium,parviflorum,Schreb.,Onagaraceae,hoary willowherb,noturban,,circle,13,,,,132.7322896,,
Epipactis,helleborine,(L.) Crantz,Orchidaceae,broad-leaf helleborine,noturban,,circle,16,,15.2,,201.0619298,,
Equisetum,arvense,L.,Equisetaceae,Field horsetail,noturban,,,,,,,,,
Equisetum,hyemale,L.,Equisetaceae,puzzlegrass,noturban,,,,,,,,,
Equisetum,sylvaticum,L.,Equisetaceae,woodland horsetail,noturban,,,,,,,,,
Erigeron,annuus,(L.) Pers.,Asteraceae,Daisy fleabane,noturban,,circle,16,,,,201.0619298,,
Erigeron,canadensis ,L. ,Asteraceae,horseweed,noturban,,circle,2.5,,,,4.908738521,,
Erigeron,philadelphicus,L.,Asteraceae,common fleabane,noturban,,circle,16,,,,201.0619298,,
Erigeron ,strigosus,Muhl. ex Willd.,Asteraceae,lesser daisy fleabane,noturban,,circle,13,,,,132.7322896,,
Erysimum,repandum,L.,Brassicaceae,spreading wallflower,noturban,,circle,6,,,,28.27433388,,
Erythronium,americanum,Ker-Gawl.,Liliaceae,trout lily,noturban,,circle,25,,,,490.8738521,,
Euonymus,alatus,(Thunb.) Sieb.,Celastraceae,winged wahoo,noturban,,circle,8,,,,50.26548246,,
Eupatorium,perfoliatum,L.,Asteraceae,common boneset,noturban,,circle,4,,,37,1075.210086,,
Euphorbia,maculata,L.,Euphorbiaceae,spotted spurge,noturban,,circle,3,,,,7.068583471,,
Eurybia ,divaricata,(L.) Nesom,Asteraceae,white wood aster,noturban,,circle,22,,,,380.1327111,,
Eurybia ,macrophylla,(L.) Cass.,Asteraceae,large-leaved aster,noturban,,circle,22,,,,380.1327111,,
Eurybia ,schreberi,(Nees) Nees,Asteraceae,Schreber's aster,noturban,,circle,25,,,,490.8738521,,
Euthamia,graminifolia,(L.) Nutt.,Asteraceae,grass-leaved goldenrod,noturban,,circle,3,,,103.2,7.068583471,,
Eutrochium,maculatum,(L.) E.E. Lamont,Asteraceae,spotted joe pye weed,noturban,,circle,8,,,38,1134.114948,,
Eutrochium ,purpureum,(L.) E.E. Lamont,Asteraceae,sweet joe pyeweed,noturban,,circle,7,,,38,1134.114948,,
Fagus ,grandifolium,Ehrh. ,Fagaceae,american beech,noturban,,dome,,,,23,830.9512569,,
Fallopia ,convolvulus,(L.) A. Lšve,Polygonaceae,black bindweed,noturban,,circle,4,6,38,,12.56637061,,
Fallopia ,japonica,(Houtt.) R. Decr.,Polygonaceae,japanese knotweed,noturban,,cylinder,8,,76,10.6,2619.114379,,
Festuca,subverticillata,(Pers.) Alexeev,Poaceae,nodding fescue,noturban,,,,,,,,,
Festuca,ovina,L.,Poaceae,sheep fescue,noturban,,,,,,,,,
Foeniculum ,vulgare,P. Mill.,Apiaceae,fennel,noturban,,circle,3,,,,7.068583471,,
Fragaria ,vesca,L.,Rosaceae,woodland strawberry,noturban,,circle,13,,,,132.7322896,,
Fragaria ,virginiana,Duchesne,Rosaceae,common strawberry,noturban,,circle,16,,,,201.0619298,,
Fragaria ,x ananassa,,Rosaceae,domestic strawberry,noturban,,circle,32,,,,804.2477193,,
Frangula,alnus,P. Mill.,Rhamnaceae,glossy buckthorn,noturban,,circle,6,,,,28.27433388,,
Fraxinus,nigra,Marsh.,Oleaceae,black ash,noturban,,dome,,,,25,981.7477042,"dioecious or monoecious. I measured F. americana, F. nigra, F. penn and recorded size of individual inflorescences (not whole terminal tips which is what we measured for counts--which was ~25 mm each). F. amer(20mm, 18mm, 15mm, 11mm); F.penn (25, 20, 13), F. nigra (20, 25, 18)",
Fraxinus ,americana,L.,Oleaceae,white ash,noturban,,dome,,,,25,981.7477042,dioecious,
Fraxinus ,pennsylvanica,Marsh.,Oleaceae,red ash,noturban,,dome,,,,25,981.7477042,dioecious,
Galinsoga,quadriradiata,Ruiz & Pav—n,Asteraceae,hairy galinsoga,noturban,,circle,6,,,,28.27433388,,
Galium,aparine,L.,Rubiaceae,cleavers,noturban,,circle,3,,,,7.068583471,,
Galium,asprellum,Michx.,Rubiaceae,rough bedstraw,noturban,,circle,3,,,,7.068583471,,
Galium,boreale,L.,Rubiaceae,northern bedstraw,noturban,,circle,5,,,,19.63495408,,
Galium,circaezans,Michx.,Rubiaceae,wild licorice,noturban,,circle,3,,,,7.068583471,,
Galium,concinnum,,Rubiaceae,shining bedstraw,noturban,,circle,3,,,,7.068583471,,
Galium,mollugo,L.,Rubiaceae,wild madder,noturban,,circle,6,,,,28.27433388,,
Galium,palustre,L.,Rubiaceae,marsh bedstraw,noturban,,circle,4,,,,12.56637061,,
Galium,pilosum,Ait.,Rubiaceae,hairy bedstraw,noturban,,circle,3,,,,7.068583471,,
Galium,tinctorium,(L.) Scop.,Rubiaceae,clayton's bedstraw,noturban,,circle,3,,,,7.068583471,,
Galium,trifidum,L.,Rubiaceae,threepetal bedstraw,noturban,,circle,2,,,,3.141592654,,
Galium,triflorum,Michx.,Rubiaceae,fragrant bedstraw,noturban,,circle,4.5,,,,15.90431281,,
Gaultheria,procumbens,L.,Ericaceae,wintergreen,noturban,,rectangle,7,7.4,,,51.8,,
Gentiana,clausa,Raf.,Gentianaceae,bottle gentian,noturban,,circle,29,,,,660.5198554,,
Geranium,maculatum,L.,Geraniaceae,wild geranium,noturban,,circle,29,,,,660.5198554,,
Geranium,robertianum,L.,Geraniaceae,herb Robert,noturban,,circle,13,,,,132.7322896,,
Geum,aleppicum,Jacq.,Rosaceae,yellow avens,noturban,,circle,13,,,,132.7322896,,
Geum,canadense,Jacq.,Rosaceae,white avens,noturban,,circle,13,,,,132.7322896,,
Geum,fragarioides,(Michx.) Smedmark,Rosaceae,barren strawberry,noturban,,circle,13,,,,132.7322896,,
Geum,laciniatum,Murr.,Rosaceae,rough avens,noturban,,circle,13,,,,132.7322896,,
Geum,macrophylum,Willd.,Rosaceae,large-leaved avens,noturban,,circle,13,,,,132.7322896,,
Glechoma,hederacea,L.,Lamiaceae,ground ivy,noturban,,triangle,5.6,13,,,36.4,,
Gleditsia ,triacanthos,L.,Fabaceae,honey locust,noturban,,circle,4,,76,11.6,12.56637061,,
Glyceria,grandis,S. Wats.,Poaceae,american mannagrass,noturban,,,,,,,,,
Glyceria,melicaria,(Michx.) F.T. Hubbard,Poaceae,northeastern manna grass,noturban,,,,,,,,,
Glyceria,striata,(Lam.) A.S. Hitchc.,Poaceae,fowl mannagrass,noturban,,,,,,,,,
Glycine,maxima,(L.) Merr.,Fabaceae,soybean,noturban,,circle,6,,,,28.27433388,should be Glycine max,
Hackelia ,virginiana,(L.) I.M. Johnston,Boraginaceae,virginia stickseed,noturban,,circle,3,,,,7.068583471,,
Hamamelis ,virginiana,L.,Hamamelidaceae,witch hazel,noturban,,circle,32,,,,804.2477193,,
Helianthus ,annuus,L.,Asteraceae,Sunflower,noturban,,circle,105,,,,8659.014751,,
Helianthus ,decapetalus,L.,Asteraceae,thin-leaved sunflower,noturban,,circle,70,,,,3848.451001,,
Heliopsis ,helianthoides,(L.) Sweet,Asteraceae,false sunflower,noturban,,circle,57,,,,2551.758633,,
Hemerocallis,fulva,(L.)L.,Hemercallidaceae,daylily,noturban,,circle,89,,,,6221.138852,,
Hesperis,matronalis,L.,Brassicaceae,dame's rocket,noturban,,circle,22,,,,380.1327111,,
Hibiscus,syriacus,L.,Malvaceae,rose of Sharon,noturban,,circle,89,,,,6221.138852,,
Hieracium,aurantiacum,L.,Asteraceae,orange hawkweed,noturban,,circle,22,,,,380.1327111,,
Hieracium,caespitosum,Dumort.,Asteraceae,king devil hawkweed,noturban,,circle,16,,,,201.0619298,,
Hieracium,gronovii,L.,Asteraceae,queendevil hawkweed,noturban,,circle,16,,,,201.0619298,,
Hieracium,paniculatum,L.,Asteraceae,panicled hawkweed,noturban,,circle,10,,,,78.53981634,,
Hieracium,pilosella,L.,Asteraceae,mouse-eared hawkweed,noturban,,circle,22,,,,380.1327111,,
Hieracium,sp.,,Asteraceae,hawkweed,noturban,,,16,,,,201.0619298,,
Holcus ,lanatus,L.,Poaceae,common velvet grass,noturban,,,,,,,,,
Hordeum,vulgare,L. ,Poaceae,barley,noturban,,,,,,,,,
Hosta ,sp.,,Hostaceae,plantain lilly,noturban,,triangle,49,45,,,1102.5,,
Hydrocotyle ,americana,,Apiaceae,water pennywort,noturban,,circle,5,,,,19.63495408,,
Hydrophyllum,macrophyllum,L.,Boraginaceae,large-leaved waterleaf,noturban,,circle,10,,,32.8,78.53981634,"original value was 19 for width of flower, but since this species is probably H. virginianum, I changed to match those numbers. I think I changed the original entries anyway.",
Hydrophyllum ,canadense,L.,Boraginaceae,broadleaf waterleaf,noturban,,circle,13,,,28.6,132.7322896,,
Hydrophyllum ,virginianum,,Boraginaceae,virginia waterleaf,noturban,,circle,10,,,,78.53981634,,
Hylotelephium,telephium,(L.) H. Ohba,Crassulaceae,witch's moneybags,noturban,,circle,8,,,70,3848.451001,,
Hypericum ,perforatum,L.,Hypericaceae,St. John's wort,noturban,,circle,19,,,,283.528737,,
Hypericum ,punctatum,Lam.,Hypericaceae,spotted St. John's wort,noturban,,circle,13,,,,132.7322896,,
Ilex ,verticillata,(L.) Gray,Aquifoliaceae,winterberry,noturban,,circle,6,,,,28.27433388,,
Impatiens,capensis,,Balsaminaceae,jewelweed,noturban,,triangle,16,25,,,200,,
Ipomoea ,purpurea,(L.) Roth,Convulvulacea,small red morning glory,noturban,,circle,70,,,,3848.451001,,
Iris ,versicolor,L.,Iridaceae,large blue flag iris,noturban,,circle,89,,,,6221.138852,,
Juglans ,cinerea,L.,Juglandaceae,butternut,noturban,,cylinder,,,101,8,2588.672347,,
Juglans ,nigra,L.,Juglandaceae,black walnut,noturban,,cylinder,,,114,6,2177.123709,,
Juncus,acuminatus,Michx.,Juncaceae,tapertip rush,noturban,,,,,,,,,
Juncus,brachycephalus,(Engelm.) Buch.,Juncaceae,smallhead rush,noturban,,,,,,,,,
Juncus,effusus,L.,Juncaceae,soft rush,noturban,,,,,,,,,
Juncus,marginatus,Rostk.,Juncaceae,grass-leaved rush,noturban,,,,,,,,,
Juncus,pylaei,Laharpe,Juncaceae,pylaei soft rush,noturban,,,,,,,,,
Juncus,tenuis,Willd.,Juncaceae,path rush,noturban,,,,,,,,,
Juniperus ,virginiana,L.,Cupressaceae,red cedar,noturban,,,,,,,,,
Lactuca,canadensis,L.,Asteraceae,canada wild lettuce,noturban,,circle,8,,,,50.26548246,,
Lactuca,sativa,L.,Asteraceae,lettuce,noturban,,circle,13,,,,132.7322896,,
Lamium,album,L.,Lamiaceae,white dead-nettle,noturban,,rectangle,5.6,25,,,140,,
Lamium,amplexicaule,L.,Lamiaceae,henbit,noturban,,rectngle,4.2,13,,,54.6,,
Lamium,purpureum,L.,Lamiaceae,purple dead nettle,noturban,,rectangle,6,13,,,78,,
Lapsana,communis,L.,Asteraceae,common nipplewort,noturban,,circle,13,,,,132.7322896,,
Leersia ,oryzoides,(L.) Sw.,Poaceae,rice cutgrass,noturban,,,,,,,,,
Lemna,minor,L.,Araceae,duckweed,noturban,,,,,,,,,
Leonurus ,cardiaca,L.,Lamiaceae,motherwort,noturban,,rectangle,4,8,,,32,,
Leucantheum ,vulgare,Lam.,Asteraceae,oxeye daisy,noturban,,circle,38,,,,1134.114948,,
Ligustrum,vulgare,L.,Oleaceae,privet,noturban,,cone,6,,33.8,30,1742.590217,,
Lilium ,canadense,L.,Liliaceae,Canada Lily,noturban,,circle,76,,,,4536.459792,,
Linaria, vulgaris,P. Mill.,Plantaginaceae,butter-and-eggs,noturban,,circle,25,,,,490.8738521,,
Lindera,benzoin,(L.) Blume,Lauraceae,spicebush,noturban,,dome,6,,,11.2,197.0406912,,
Lindernia,dubia,(L.) Pennell,Linderniaceae,false pimpernel,noturban,,triangle,2.2,8,,,8.8,,
Liriodendron,tulipifera,L.,Magnoliaceae,tulip poplar,noturban,,circle,62.5,,,,3067.961576,,
Lithospermum,latifolium,,Boraginaceae,American Gromwell,noturban,,circle,6,,,,28.27433388,,
Lobelia,erinus,,Campanulaceae,garden lobelia,noturban,,circle,13,,,,132.7322896,,
Lobelia,inflata,L.,Campanulaceae,Indian tobacco,noturban,,triangle,3.6,8,,,14.4,,
Lobelia,siphilitica,L.,Campanulaceae,great blue lobelia,noturban,,triangle,14.6,25,381,,182.5,,
Lolium, multiflorum,Lam.,Poaceae,itlaian ryegrass,noturban,,,,,,,,,
Lolium ,perenne,L.,Poaceae,perennial rye-grass,noturban,,,,,,,,,
Lonicera ,morrowii,Gray,Caprifoliaceae,Morrow's honeysuckle,noturban,,circle,22,,,,380.1327111,,
Lonicera ,tatarica,L.,Caprifoliaceae,tartarian honeysuckle,noturban,,circle,22,,,,380.1327111,,
Lotus,corniculatus,L. ,Fabaceae,birds-foot trefoil,noturban,,circle,10,13,,,78.53981634,,
Ludwigia ,palustris,(L.) Ell.,Onagraceae,marsh seedbox,noturban,,circle,3,,,,7.068583471,,
Luzula,acuminata,Raf.,Juncaceae,hairy woodrush,noturban,,,,,,,,,
Lycopodium,sp. ,,,club moss,noturban,,,,,,,,,
Lycopus,americanus,Muhl. ex W. Bart.,Lamiaceae,water horehound,noturban,,circle,3,,,7.2,7.068583471,,
Lycopus,uniflorus,Michx.,Lamiaceae,northern bugleweed,noturban,,circle,3,,,9.4,7.068583471,,
Lysimachia,ciliata,L.,Myrsinaceae,yellow fringed-loosestrife,noturban,,circle,19,,,,283.528737,,
Lysimachia,nummularia,L.,Myrsinaceae,moneywort,noturban,,circle,8,,,,50.26548246,,
Lysimachia,punctata,L.,Myrsinaceae,large yellow loosestrife,noturban,,circle,13,,,,132.7322896,,
Lysimachia,terrestris,(L.) B.S.P.,Myrsinaceae,swamp loosestrife,noturban,,circle,16,,203,,201.0619298,,
Lythrum ,salicaria,L.,Lythraceae,purple-loosestrife,noturban,,circle,19,,381,23.2,283.528737,,
Maclura ,pomifera,(Raf.) Schneid,Moraceae,osage-orange,noturban,,cylinder,,,13,10,486.9468613,"male inflorescence only, since wind-pollinated and likely no nectar",
Magnolia ,acuminata,L.,Magnoliaceae,cucumber tree,noturban,,circle,67,,,,3525.652355,,
Maianthemum ,canadensis,Desf.,Ruscaceae,Canada mayflower,noturban,,circle,6,,38,12.8,28.27433388,,
Maianthemum ,racemosum,(L.) Link,Ruscaceae,false solomon seal,noturban,,circle,4,,102,52,12.56637061,,
Malus ,baccata,(L.) Borkh.,Rosaceae,crabapple,noturban,,circle,33,,,,855.2985999,,
Malus ,pumila,P. Mill.,Rosaceae,apple,noturban,,circle,38,,,,1134.114948,,
Malva,moschata,L.,Malvaceae,musk mallow,noturban,,circle,44,,,,1520.530844,,
Malva,neglecta,Wallr.,Malvaceae,common mallow,noturban,,circle,10,,,,78.53981634,,
Matteuccia ,struthiopteris,(L.) Todaro,Onoclearceae,ostrich fern,noturban,,,,,,,,,
Medeola,virginiana,L.,Liliaceae,indian cucumber root,noturban,,circle,16,,,,201.0619298,,
Medicago,lupulina,L.,Fabaceae,black medic,noturban,,dome,3,,,6,56.54866776,,
Medicago,sativa,L.,Fabaceae,alfalfa,noturban,,circle,8,,,32,50.26548246,,
Melilotus ,albus,Medik.,Fabaceae,white sweet clover,noturban,,triangle,3,8,102,9.4,12,,
Melilotus ,officinalis,(L.) Lam,Fabaceae,yellow sweet clover,noturban,,triangle,3,8,52,11.8,12,,
Menispermum ,canadense,L.,Menispermaceae,moonseed,noturban,,circle,4,,,,12.56637061,,
Mentha ,arvensis,L.,Lamiaceae,wild mint,noturban,,triangle,3,4.4,,14.6,6.6,,
Mentha ,spicata,L.,Lamiaceae,spearmint,noturban,,triangle,3,3,,,4.5,,
Mimulus ,ringens,L.,Phrymaceae,square-stem monkey flower,noturban,,circle,13.8,25,,,149.5712262,,
Mitchella ,repens,L.,Rubiaceae,partridge berry,noturban,,circle,13,,,,132.7322896,,
Mitella,diphylla,L.,Saxifragaceae,two-leaf miterwort,noturban,,circle,6,,,,28.27433388,,
Monarda,fistulosa,L.,Lamiaceae,wild bergamot,noturban,,circle,,,,51,2042.820623,,
Monotropa,uniflora,L.,Ericaceae,Indian pipe,noturban,,rectangle,13.8,16,,,220.8,,
Morus,alba,L.,Moraceae,white mulberry,noturban,,cylinder,6,,24,13.8,1190.066713,,
Myosotis ,scirpioides,L.,Boraginaceae,smaller forget-me-not,noturban,,circle,7,,152,6.8,38.48451001,,
Nabalus,albus,(L.) Hook.,Asteraceae,white lettuce,noturban,,triangle,13,16,,,104,,
Nasturtium ,officinale,Ait. f.,Brassicaceae,watercress,noturban,,circle,6,,,,28.27433388,,
Nepeta ,cataria,L. ,Lamiaceae,catnip,noturban,,circle,8,,,,50.26548246,,
Ocimum ,basilicum,L. ,Lamiaceae,basil,noturban,,triangle,5,10,,,25,,
Oenothera ,biennis,L.,Onagraceae,Common evening-primrose,noturban,,circle,25,,,,490.8738521,,
Oenothera ,perennis,L.,Onagraceae,small sundrops,noturban,,circle,16,,,,201.0619298,,
Onoclea ,sensibilis,L.,Onoclearceae,sensitive fern,noturban,,,,,,,,,
Ornithogalum,nutans,L.,Hyacinthaceae,nodding star-of-Bethlehem,noturban,,circle,40,,,,1256.637061,,
Osmorhiza,longistylis,(L.) Scop.,Apiaceae,sweet cicely,noturban,,circle,3,,,57,2551.758633,,
Osmunda,claytoniana,L.,Osmundaceae,interupted fern,noturban,,,,,,,,,
Osmunda ,regalis,L.,Osmundaceae,royal fern,noturban,,,,,,,,,
Osmundastrum ,cinnamomeum,(L.) C. Presl,Osmundaceae,cinnamon fern,noturban,,,,,,,,,
Ostrya ,virginiana,(P. Mill) K. Koch,Betulaceae,american hophornbeam,noturban,,cylinder,,,35,4,452.3893421,,"measured, Saddlemire trail"
Oxalis,dillenii,Jacq.,Oxalidaceae,slender yellow wood sorrel,noturban,,circle,10,,,,78.53981634,,
Oxalis,stricta,L.,Oxalidaceae,yellow wood sorrel,noturban,,circle,10,,,,78.53981634,,
Packera,aurea,(L.) A. & D. Lšve,Asteraceae,golden ragwort,noturban,,circle,16,,,,201.0619298,,
Panicum ,capillare,L. ,Poaceae,witch grass,noturban,,,,,,,,,
Panicum ,dichotomiflorum,Michx.,Poaceae,fall panicum,noturban,,,,,,,,,
Parthenocissus,quinquifolia,(L.) Planch.,Vitaceae,virginia creeper,noturban,,circle,6,,,,28.27433388,,
Pastinaca,sativa,L.,Apiaceae,wild parsnip,noturban,,circle,3,,,100,7853.981634,adjusted to be smaller then mid-range in illinois wildflowers,
Penstemon ,digitalis,Nutt. ex Sims,Plantaginaceae,foxglove beardtongue,noturban,,triangle,7,25,,,87.5,,
Penthorum,sedioides,L.,Penthoraceae,ditch stonecrop,noturban,,circle,6,,,51,2042.820623,,
Persicaria,arifolium,(L.) Haroldson,Polygonaceae,halberdleaf tearthumb,noturban,,dome,,,,8,100.5309649,,
Persicaria,coccinea,(Muhl. ex Willd.) Greene,Polygonaceae,scarlet smarteweed,noturban,,cylinder,4,,64,10.6,2219.503794,,
Persicaria,hydropiper,(L.) Opiz,Polygonaceae,water pepper,noturban,,circle,3,,,,7.068583471,,
Persicaria,hydropiperoides,(Michx.) Small,Polygonaceae,mild water pepper,noturban,,circle,3,,152,4.8,7.068583471,,
Persicaria,lapathifolia,(L.) S.F. Gray,Polygonaceae,curlytop knotweed,noturban,,cylinder,3,,152,6.6,3185.857694,,
Persicaria,maculosa,S.F. Gray,Polygonaceae,spotted lady's thumb,noturban,,cylinder,3,,19,8,527.7875658,,
Persicaria,pensylvanica,(L.) G. Maza,Polygonaceae,Pennsylvania Smartweed,noturban,,cylinder,4,,38,9,1138.041939,,
Persicaria,punctata,(Ell.) Small,Polygonaceae,dotted smartweed,noturban,,circle,3,,402,,7.068583471,,
Persicaria,sagittata,(L.) H. Gross,Polygonaceae,arrowleaf tearthumb,noturban,,dome,3,,,8,100.5309649,,
Persicaria,virginiana,(L.) Gaertn.,Polygonaceae,virginia knotweed,noturban,,circle,3,,,,7.068583471,,
Petroselinum,crispum,(P. Mill.) Nyman ex A.W. Hill,Apiaceae,parsley,noturban,,,,,,,,,
Phalaris ,arundinacea,L.,Poaceae,reed canary grass,noturban,,,,,,,,,
Phaseolus ,vulgaris,L.,Fabaceae,green bean,noturban,,rectangle,10,11.2,,,112,,
Phleum,pratense,L.,Fabaceae,timothy-grass,noturban,,,,,,,,,
Phragmites,australis subsp. australis,(Cav.) Trin. ex Steud.,Poaceae,common reed,noturban,,,,,,,,,
Physalis,longifolia,Nutt.,Solanaceae,long-leaved ground cherry,noturban,,circle,19,,,,283.528737,,
Physalis ,philadelphica,Lam.,Solanaceae,tomatillo,noturban,,circle,27,,,,572.5552611,,
Phytolacca ,americana,L.,Phytolaccaceae,american pokeweed,noturban,,cylinder,6,,114,15.6,5778.142872,,
Picea ,abies,(L.) Karst.,Pinaceae,norway spruce,noturban,,,,,,,,,
Picea ,glauca,(Moench) Voss,Pinaceae,white spruce,noturban,,,,,,,,,
Pilea ,pumila,(L.) Gray,Urticaceae,clearweed,noturban,,rectangle,12.83333333,16,,,205.3333333,,
Pinus,resinosa,Ait.,Pinaceae,red pine,noturban,,,,,,,,,
Pinus,strobus,L.,Pinaceae,white pine,noturban,,,,,,,,,
Pinus,sylvestris,L.,Pinaceae,Scotch Pine,noturban,,,,,,,,,
Pisum,sativum,L.,Fabaceae,field pea,noturban,,rectangle,19,19.8,,,376.2,,
Plantago,lanceolata,L.,Plantaginaceae,narrow-leaved plantain,noturban,,circle,3,,,,7.068583471,,
Plantago,major,L.,Plantaginaceae,wide-leaf plantain,noturban,,circle,3,,,,7.068583471,,
Platanus ,occidentalis,L.,Platanaceae,American sycamore,noturban,,sphere,,,,6,113.0973355,male flowers,
Poa,alsodes,Gray.,Poaceae,grove bluegrass,noturban,,,,,,,,,
Poa,annua,L.,Poaceae,annual bluegrass,noturban,,,,,,,,,
Poa,compressa,L.,Poaceae,canada bluegrass,noturban,,,,,,,,,
Poa,palustris,L.,Poaceae,fowl bluegrass,noturban,,,,,,,,,
Poa,pratensis,L.,Poaceae,Kentucky bluegrass,noturban,,,,,,,,,
Poa,pratensis subsp. angustifolia,,Poaceae,Kentucky bluegrass,noturban,,,,,,,,,
Poa,trivialis,L.,Poaceae,rough bluegrass,noturban,,,,,,,,,
Podophyllum,peltata,L.,Berberidaceae,mayapple,noturban,,circle,38,,,,1134.114948,,
Polygala,paucifolia,Willd.,Polygalaceae,gaywings,noturban,,circle,19,,,,283.528737,,
Polygonatum,biflorum,(Walt.) Ell.,Ruscaceae,smooth solomon seal,noturban,,rectangle,5,19,,,95,,
Polygonatum,pubescens,(Willd.) Pursh,Ruscaceae,hairy solomon's seal,noturban,,rectangle,3,11.6,,,34.8,,
Polygonum,aviculare,L.,Polygonaceae,Prostrate knotweed,noturban,,circle,2.5,,,,4.908738521,,
Polystichum ,acrostichoides,(Michx.) Schott,Dryopteridaceae,Christmas fern,noturban,,,,,,,,,
Populus,deltoides,Bartr. ex Marsh.,Salicaceae,cottonwood,noturban,,cylinder,,,95,10,3063.052837,,
Populus,grandidentata,Michx.,Salicaceae,big tooth aspen,noturban,,cylinder,,,76,6,1460.840584,,ALI Measured
Populus,tremuloides,Michx.,Salicaceae,quaking aspen,noturban,,cylinder,,,51,3,487.7322595,,
Portulaca ,oleracea,L.,Portulacaceae,purslane,noturban,,circle,6,,,,28.27433388,,
Potentilla,indica,(Andr.) T. Wolf,Rosaceae,mock strawberry,noturban,,circle,19,,,,283.528737,,
Potentilla,norvegica,L.,Rosaceae,rough cinquefoil,noturban,,circle,13,,,,132.7322896,,
Potentilla,recta,L.,Rosaceae,sulphur cinquefoil,noturban,,circle,19,,,,283.528737,,
Potentilla,simplex,Michx.,Rosaceae,common cinquefoil,noturban,,circle,13,,,,132.7322896,,
Prunella ,vulgaris,L.,Lamiaceae,common selfheal,noturban,,triangle,2.2,13,21,13.4,14.3,,
Prunus ,avium,(L.) L.,Rosaceae,Sweet cherry,noturban,,circle,25,,,,490.8738521,,
Prunus ,pensylvanica,L. f.,Rosaceae,pin cherry,noturban,,circle,13,,,,132.7322896,,
Prunus ,serotina,Ehrh.,Rosaceae,black cherry,noturban,,circle,13,,127,,132.7322896,,
Prunus ,virginiana,L.,Rosaceae,choke cherry,noturban,,circle,13,,114,,132.7322896,,
Potamogeton,natans,L.,Potamogetonaceae,floating pondweed,noturban,,circle,1,,,,0.785398163,,
Pteridium,aquilinum,(L.),Pteridum,bracken fern,noturban,,,,,,,,,
Pycnanthemum,tenuifolium,Schrad.,Lamiaceae,narrow-leaved mountain mint,noturban,,circle,6,,,,28.27433388,,
Pyrola,americana,Sweet,Ericaceae,american wintergreeen,noturban,,circle,16,,,,201.0619298,,
Pyrus,communis,L.,Rosaceae,common pear,noturban,,circle,16,,,,201.0619298,,
Quercus,alba,L.,Fagaceae,white oak,noturban,,cylinder,,,69,6,1328.893692,,
Quercus,imbricaria ,Michx.,Fagaceae,shingle oak,noturban,,cylinder,,,76,6,1460.840584,,
Quercus,macrocarpa,Michx.,Fagaceae,Bur oak,noturban,,cylinder,,,89,6,1705.884811,,
Quercus,montana,Willd.,Fagaceae,Chestnut oak,noturban,,cylinder,,,35,3,336.9358121,,
Quercus,rubra,L.,Fagaceae,Red Oak,noturban,,cylinder,,,76,6,1460.840584,,
Quercus,velutina,Lam.,Fagaceae,black oak,noturban,,cylinder,,,127,6,2422.167936,,
Ranunculus,abortivus,L.,Ranunculaceae,small-flowered crowfoot/kidney-leaved buttercup,noturban,,circle,8,,,,50.26548246,,
Ranunculus,acris,L.,Ranunculaceae,meadow buttercup,noturban,,circle,25,,,,490.8738521,,
Ranunculus,bulbosus,L.,Ranunculaceae,bulbous crowfoot,noturban,,circle,18,,,,254.4690049,,
Ranunculus,caricetorum,Greene,Ranunculaceae,swamp buttercup,noturban,,circle,19,,,,283.528737,,
Ranunculus,pensylvanicus,L. f.,Ranunculaceae,bristly crowfoot,noturban,,circle,6,,,,28.27433388,,
Ranunculus,recurvatus,Poir.,Ranunculaceae,hooked buttercup,noturban,,circle,8,,,,50.26548246,,
Ranunculus,repens,L.,Ranunculaceae,creeping buttercup,noturban,,circle,19,,,,283.528737,,
Ranunculus,sceleratus,L.,Ranunculaceae,cursed crowfoot,noturban,,circle,8,,,,50.26548246,,
Raphanus ,sativus,L.,Brassicaceae,radish,noturban,,circle,10,,,,78.53981634,,
Rhamnus ,cathartica,L.,Rhamnaceae,European buckthorn,noturban,,circle,6,,,32,28.27433388,,
Rhododendron,periclymnoides,(Michx.) Shinners,Ericaceae,pink azalea,noturban,,circle,35,,,,962.1127502,,
Rhus ,hirta,(L.) Sudworth,Anacardiaceae,staghorn sumac,noturban,,cone,,,126.6,51,10345.69246,,
Ribes ,americanum,P. Mill.,Grossulariaceae,wild black currant,noturban,,circle,8,,51,,50.26548246,,
Ribes ,cynosbati,L.,Grossulariaceae,prickly gooseberry,noturban,,rectangle,5,8,,,40,,
Robinia, pseudoacacia,L.,Fabaceae,black locust,noturban,,cirlce,22,,,,380.1327111,,
Rorippa,palustris,(L.) Bess.,Brassicaceae,common yellow-cress,noturban,,circle,3,,,6.6,34.211944,,
Rorippa,sylvestris,(L.) Bess.,Brassicaceae,creeping yellowcress,noturban,,circle,3,,,6.6,34.211944,,
Rosa,carolina,L.,Rosaceae,carolina rose,noturban,,circle,70,,,,3848.451001,,
Rosa,multiflora,Thunb. ex Murr.,Rosaceae,multiflora rose,noturban,,circle,25,,,,490.8738521,,
Rosa ,palustris,Marsh.,Rosaceae,swamp rose,noturban,,circle,57,,,,2551.758633,,
Rubus,allegheniensis,Porter,Rosaceae,common blackberry,noturban,,circle,25,,,,490.8738521,,
Rubus,hispidus,L.,Rosaceae,common dewberry,noturban,,circe,11,,,,95.03317777,,
Rubus,idaeus,L.,Rosaceae,red raspberry,noturban,,circle,11,,,,95.03317777,,
Rubus,occidentalis,L.,Rosaceae,black raspberry,noturban,,circle ,13,,,,132.7322896,,
Rubus,odoratus,L.,Rosaceae,purple-flowering raspberry,noturban,,circle,34,,,,907.9202769,,
Rubus,phoenicolasius,Maxim.,Rosaceae,wineberry,noturban,,circle,13,,,,132.7322896,,
Rubus,pubescens,raf.,Rosaceae,dwarf raspberry,noturban,,circle,11,,,,95.03317777,,
Rudbeckia,hirta,L.,Asteraceae,black-eyed susan,noturban,,circle,64,,,,3216.990877,,
Rudbeckia,laciniata,L.,Asteraceae,green-headed coneflower,noturban,,circle,64,,,,3216.990877,,
Rudbeckia,triloba,L.,Asteraceae,brown-eyed susan,noturban,,circle,44,,,,1520.530844,,
Rumex,acetosella,L.,Polygonaceae,sheep sorrel,noturban,,cylinder,,,63,5,1009.23664,,
Rumex,britannica,L.,Polygonaceae,greater water dock,noturban,,cylinder,,,123,13,5156.138943,,
Rumex,crispus,L.,Polygonaceae,curly dock,noturban,,cylinder,,,123,13,5156.138943,,
Rumex,obtusifolius,L.,Polygonaceae,bitter dock,noturban,,cylinder,,,127,13,5319.501761,,
Sagittaria,latifolia,Willd.,Alismataceae,Broadleaf arrowhead,noturban,,circle,32,,,,804.2477193,,
Sagittaria,rigida,Pursh,Alismataceae,sessilefruit arrowhead,noturban,,circle,25,,,,490.8738521,,
Salix,eriocephala,Michx.,Salicaceae,Missouri River willow,noturban,,cylinder,,,37,7,852.1570073,,
Salix,exigua,Nutt.,Salicaceae,sandbar willow,noturban,,cylinder,,,51,7,1160.033087,,
Salix,fragilis,,Salicaceae,,noturban,,cylinder,,,40,6.6,863.5924045,,
Salix,myricoides,Muhl.,Salicaceae,bayberry willow,noturban,,cylinder,,,60,7,1357.953425,,
Salix,nigra,Marsh.,Salicaceae,black willow,noturban,,cylinder,,,50,7.8,1273.004759,,
Salix,sericea,Marsh.,Salicaceae,silky willow,noturban,,cylinder,,,25,5.2,429.6442113,,
Sambucus,canadensis,,Adoxaceae,Common elderberry,noturban,,circle,4,,,165,21382.465,,
Sambucus,racemosa,L.,Adoxaceae,red elderberry,noturban,,cone,5,,76,38,4676.075722,,
Sanguinaria,canadensis,L.,Papaveraceae,bloodroot,noturban,,circle,57,,,,2551.758633,,
Sanicula,canadensis,L.,Apiaceae,Canadian black snakeroot,noturban,,dome,,,,37,2150.420171,adjusted to be smaller than reported max in illinois wildflowers,
Sanicula,marilandica,L.,Apiaceae,black snakeroot,noturban,,dome,,,,13,265.4645792,,
Saponaria ,officinalis,L.,Caryophyllaceae,bouncing bet,noturban,,circle,22,,,,380.1327111,,
Saururus ,cernuus,L.,Saururuaceae,lizard's tail,noturban,,cylinder,,,140,13.6,6126.859657,,
Schedonorus,arundinaceus,(Schreb.) Dumort.,Poaceae,tall rye grass,noturban,,,,,,,,,
Schoenoplectus ,tabernaemontani,(K.C. Gmel.) Palla,Cyperaceae,softstem bullrush,noturban,,,,,,,,,
Scirpus,atrocinctus,Fern.,Cyperaceae,blackgirdle bulrush,noturban,,,,,,,,,
Scirpus,atrovirens,Willd.,Cyperaceae,green bullrush,noturban,,,,,,,,,
Scirpus,cyperinus,(L.) Kunth,Cyperaceae,woolgrass,noturban,,,,,,,,,
Scirpus,hattorianus,Makino,Cyperaceae,mosquito bullrush,noturban,,,,,,,,,
Scirpus,pedicillatus,Fern.,Cyperaceae,stalked bullrush,noturban,,,,,,,,,
Scutellaria ,galericulata,L.,Lamiaceae,marsh skullcap,noturban,,triangle,4,7.4,,,14.8,,
Scutellaria,lateriflora,L.,Lamiaceae,maddog skullcap,noturban,,triangle,3.8,8,165,,15.2,,
Secale ,cereale,L.,Poaceae,cereal rye,noturban,,,,,,,,,
Securigera ,varia,L.,Fabaceae,crownvetch,noturban,,dome,13,,,,265.4645792,,
Selaginella,sp.,,Selaginellaceae,spike moss,noturban,,,,,,,,,
Senecio ,vulgaris,L.,Asteraceae,old-man-in-the-spring,noturban,,circle,8,,,,50.26548246,,
Setaria ,faberi,Herrm.,Poaceae,giant foxtail,noturban,,,,,,,,,
Setaria ,pumila,(Poir.) Roemer & J.A. Schultes,Poaceae,yellow foxtail,noturban,,,,,,,,,
Setaria ,viridis,(L.) Beauv.,Poaceae,green fox tail,noturban,,,,,,,,,
Silene ,latifolia,Poir.,Caryophyllaceae,white campion,noturban,,circle,22,,,,380.1327111,,
Silene ,vulgaris,(Moench) Garcke,Caryophyllaceae,bladder campion,noturban,,circle,16,,,,201.0619298,,
Sisyrinchium ,angustifolium,P. Mill.,Iridaceae,blue-eyed grass,noturban,,circle,6,,,,28.27433388,,
Sisyrinchium ,montanum,Greene,Iridaceae,strict blue eyed grass,noturban,,circle,17,,,,226.9800692,,
Smilax,herbacea,L.,Smilacaceae,carrion-flower,noturban,,dome,6,,,57,5103.517266,,
Solanum,carolinense,L.,Solanaceae,horse nettle,noturban,,circle,19,,,,283.528737,,
Solanum,dulcamara,L.,Solanaceae,bittersweet nightshade,noturban,,circle,13,,,,132.7322896,,
Solanum,lycopersicon,L.,Solanaceae,tomato,noturban,,circle,13,,,,132.7322896,,
Solanum,melongena,L.,Solanaceae,eggplant,noturban,,circle,39,,,,1194.590607,,
Solanum,nigrum,L.,Solanaceae,black nightshade,noturban,,circle,7,,,,38.48451001,,
Solanum,physalifolium ,,Solanaceae,hairy nightshade,noturban,,circle,15,,,,176.7145868,,
Solanum,tuberosum,L.,Solanaceae,potato,noturban,,circle,19.2,,,,289.529179,,
Solidago,altissima,L.,Asteraceae,tall goldenrod,noturban,,cone,5,,131,95,20793.96667,this was 140x120. Took average between this and canadensis to get current values,
Solidago,caesia,L.,Asteraceae,blue-stemmed goldenrod,noturban,,circle,3,,,,7.068583471,,
Solidago,canadensis,L.,Asteraceae,canada goldenrod,noturban,,cone,5,,131,95,20793.96667,this was 122x70. took average of this and altissima to get current values (their sizes should differ much between species),
Solidago,flexicaulis,L.,Asteraceae,zig-zag goldenrod,noturban,,cylinder,5,,19.8,94,12786.91042,,
Solidago,gigantea,Ait.,Asteraceae,late goldenrod,noturban,,cone,5,,33,27.2,1524.988881,,
Solidago,juncea,Ait.,Asteraceae,early goldenrod,noturban,,cone,5,,123.4,161,37260.93589,,
Solidago,rugosa,Nutt.,Asteraceae,rough-stemmed goldenrod,noturban,,cone,3,,95.8,91.8,15318.02438,,
Solidago,uliginosa,P. Mill.,Asteraceae,bog goldenrod,noturban,,cone,6,,149,49.8,11817.25618,,
Sonchus,arvensis,L.,Asteraceae,field sow thistle,noturban,,circle,32,,,,804.2477193,,
Sonchus ,asper,(L.) Hill,Asteraceae,spiny sow thistle,noturban,,circle,16,,,,201.0619298,,
Sonchus ,oleraceus,L.,Asteraceae,common sow thistle,noturban,,circle,19,,,,283.528737,,
Sorghum ,halepense,(L.) Pers.,Poaceae,johnson grass,noturban,,,,,,,,,
Sparganium,americanum,Nutt.,Typhaceae,American bur-reed,noturban,,sphere,,,,19,1134.114948,,
Sparganium,emersum,Rehmann,Typhaceae,simple-stemmed bur-reed,noturban,,sphere,,,,19,1134.114948,,
Sparganium,eurycarpum,Engelm. ex Gray,Typhaceae,giant bur-reed,noturban,,sphere,,,,19,1134.114948,,
Spinacea,oleracea,L.,Amaranthaceae,spinach,noturban,,,,,,,,,
Spiraea,alba,Du Roi,Rosaceae,white meadowsweet,noturban,,cone,5,,102,79.8,13729.07185,,
Stachys,hispida,Pursh,Lamiaceae,smooth  hedge nettle,noturban,,triangle,4.6,16,152,20.8,36.8,,
Stellaria ,graminea,(Ledeb.) Bong.,Caryophyllaceae,lesser stitchwort,noturban,,circle,8,,,,50.26548246,,
Stellaria ,media,(L.) Vill.,Caryophyllaceae,common chickweed,noturban,,circle,6,,,,28.27433388,,
Styphnolobium, japonicum,,Fabaceae,pagoda tree,noturban,,circle,10,,,,78.53981634,,
Symphoricarpos,orbiculatus,Moench.,Caprifoliaceae,Red snowberry,noturban,,circle,6,,,,28.27433388,,
Symphyotrichum,cordifolium,(L.) Nesom,Asteraceae,heart-leaved aster,noturban,,circle,15,,,,176.7145868,,
Symphyotrichum,firmum,,Asteraceae,purple-stemmed aster(swamp aster),noturban,,circle,38,,,,1134.114948,,
Symphyotrichum,laeve,(L.) A. & D. Lšve,Asteraceae,smooth blue aster,noturban,,circle,19,,,,283.528737,,
Symphyotrichum,lanceolatum ssp. lanceolatum var. lanceolatum,(Willd.) Nesom,Asteraceae,panicled Aster,noturban,,circle,22,,,,380.1327111,,
Symphyotrichum,lanceolatum ssp. lanceolatum var. latifolium,,Asteraceae,smooth panicled aster,noturban,,circle,16,,,,201.0619298,,
Symphyotrichum,lateriflorum,(L.) A. & D. Lšve,Asteraceae,calico aster,noturban,,circle,8,,,,50.26548246,,
Symphyotrichum,lowrieanum,(Porter) Nesom,Asteraceae,lowrie's aster,noturban,,circle,16,,,,201.0619298,,
Symphyotrichum,novae-angliae,(L.) Nesom,Asteraceae,new england aster,noturban,,circle,38,,,,1134.114948,,
Symphyotrichum,pilosum,(Willd.) Nesom,Asteraceae,heath aster,noturban,,circle,32,,,,804.2477193,,
Symphyotrichum,prenanthoides,(Muhl. ex Willd.) Nesom,Asteraceae,crooked-stem aster,noturban,,circle,25,,,,490.8738521,,
Symphyotrichum,puniceum,(L.) A. & D. Lšve,Asteraceae,purple-stemmed aster,noturban,,circle,29,,,,660.5198554,,
Symphyotrichum,sagittifolium,,Asteraceae,arrow-leaved aster,noturban,,circle,16,,,,201.0619298,"this was 32 mm across before, but should be same as urophyllum",
Symphyotrichum,undulatum,(L.) Nesom,Asteraceae,wavy-leaved aster,noturban,,circle,19,,,,283.528737,,
Symphyotrichum,urophyllum,(Lindl.) Nesom,Asteraceae,white arrow-leaf aster,noturban,,circle,16,,,,201.0619298,,
Symplocarpus ,foetidus,(L.) Salisb. ex Nutt.,Aracaceae,skunk cabbage,noturban,,cylinder,6,,50,25,4417.864669,,
Syringa,vulgaris,L.,Oleaceae,common lilac,noturban,,cone,6,,53.2,92,10163.54693,,
Taraxacum,officinale,G.H. Weber ex Wiggers,Asteraceae,dandelion,noturban,,circle,38,,,,1134.114948,,
Taxus,canadensis,Marsh.,Taxaceae,yew,noturban,,,,,,,,,
Thalictrum ,dioicum,L.,Ranunculaceae,early meadow rue,noturban,,circle,13,,,,132.7322896,,
Thalictrum ,thalictroides,(L.) Eames & Boivin,Ranunculaceae,rue anemone,noturban,,circle,19,,,,283.528737,,
Thelypteris ,noveboracensis,,Thelypteridaceae,New York fern,noturban,,,,,,,,,
Thelypteris ,palustris,Schott,Thelypteridaceae,eastern marsh fern,noturban,,,,,,,,,
Thlaspi,arvense,L.,Brassicaceae,field pennycress,noturban,,circle,3,,,,7.068583471,,
Tiarella,cordifolia,L.,Saxifragaceae,foam flower,noturban,,circle,6,,,,28.27433388,,
Tilia,americana,L.,Malvaceae,basswood,noturban,,circle,19,,,,283.528737,,
Toxicodendron,radicans,(L.) Kuntze,Anacardiaceae,poison ivy,noturban,,cylinder,3,,178,10,5670.57474,,
Toxicodendron ,vernix,(L.) Kuntze,Anacardiaceae,poison sumac,noturban,,cylinder,3,,203,102,73221.09998,,
Tragopogon ,dubius,Scop.,Asteraceae,yellow goat's beard,noturban,,circle,51,,,,2042.820623,,
Tragopogon ,pratensis,L.,Asteraceae,meadow goat's beard,noturban,,circle,51,,,,2042.820623,,
Trifolium,campestre,Schreb.,Fabaceae,low hop clover,noturban,,sphere,4,,,10,314.1592654,,
Trifolium,dubium,Sibthorp,Fabaceae,lesser hop clover,noturban,,sphere,6,,,6,113.0973355,,
Trifolium,hybridum,L.,Fabaceae,alsike clover,noturban,,dome,6,,,20,628.3185307,,
Trifolium,pratense,L.,Fabaceae,red clover,noturban,,dome,,,,25,981.7477042,,
Trifolium,repens,L.,Fabaceae,white clover,noturban,,dome,,,,19,567.057474,,
Trillium,erectum,L.,Melanthiaceae,purple trillium,noturban,,circle,25,,,,490.8738521,,
Trillium,grandiflorum,(Michx.) Salisb.,Melanthiaceae,large-flowered trillium,noturban,,circle,89,,,,6221.138852,,
Triticum ,aestivum,L.,Poaceae,bread wheat,noturban,,,,,,,,,
Tsuga,canadensis,(L.) Carr.,Pinaceae,eastern hemlock,noturban,,,,,,,,,
Tussilago ,farfara,L.,Asteraceae,coltsfoot,noturban,,circle,25,,,,490.8738521,,
Typha,angustifolia,L.,Typhaceae,narrow-leaved cattail ,noturban,,cylinder,,,203,13,8423.395302,,
Typha ,latifolia,L.,Typhaceae,broad-leaf cattail,noturban,,cylinder,,,304,19,18429.3679,,
Ulmus,americana,L.,Ulmaceae,american elm,noturban,,circle,3,,,,7.068583471,,
Ulmus,pumila,L.,Ulmaceae,siberian elm,noturban,,circle,3,,,,7.068583471,24 flowers per cluster,
Ulmus,rubra,Muhl.,Ulmaceae,slippery elm,noturban,,circle,3,,,,7.068583471,,
Urtica,dioica,L.,Urticaceae,stinging nettle,noturban,,sphere,2,,,,12.56637061,,
Urtica,dioica ssp. gracilis,,Urticaceae,slender/tall nettle,noturban,,sphere,2,,,,12.56637061,,
Uvularia,perfoliata,L.,Colchiacaceae,perfoliate bellwort,noturban,,rectangle,8.8,27.6,,,242.88,,
Uvularia,sessilifolia ,L.,Colchiacaceae,wild oats,noturban,,rectangle,13,25,,,325,,
Vaccinium ,angustifolium,Ait.,Ericaceae,lowbush blueberry,noturban,,rectangle,6,6,,,36,,
Vaccinium ,corymbosum,L.,Ericaceae,highbush blueberry,noturban,,rectangle,8,5.6,,,44.8,,
Vaccinium ,pallidum,Ait.,Ericaceae,Blue Ridge blueberry,noturban,,rectangle,8,3.4,,,27.2,,
Valeriana,officinalis,L.,Caprifoliaceae,garden valerian,noturban,,circle,114,,,89,6221.138852,,
Valeriana,uliginosa,(Torr. & Gray) Rydb.,Caprifoliaceae,marsh valerian,noturban,,circle,4,,,,12.56637061,,
Verbascum,blattaria,L.,Scrophulariaceae,moth mullein,noturban,,circle,22,,,,380.1327111,,
Verbascum ,thapsus,L.,Scrophulariaceae,common mullein,noturban,,circle,19,,32,19.2,283.528737,,
Verbena,hastata,L.,Verbenaceae,blue vervain,noturban,,circle,6,,127,6,28.27433388,,
Verbena ,urticifolia,L.,Verbenaceae,white vervain,noturban,,circle,3,,,,7.068583471,,
Vernonia ,noveboracensis,(L.) Michx.,Asteraceae,new York ironweed,noturban,,circle,38,,,,1134.114948,,
Veronica,americana,Schwein. ex Benth.,Plantaginaceae,american brooklime,noturban,,circle,16,,,,201.0619298,,
Veronica,anagallis-aquatica,L.,Plantaginaceae,water speedwell,noturban,,circle,6,,,,28.27433388,,
Veronica,arvensis,L.,Plantaginaceae,corn speedwell,noturban,,circle,3,,,,7.068583471,,
Veronica,chamaedrys,L.,Plantaginaceae,Germander speedwell,noturban,,circle,13,,,,132.7322896,,
Veronica,filiformis,L.,Plantaginaceae,slender speedwell,noturban,,circle,8,,,,50.26548246,,
Veronica,officinalis,L.,Plantaginaceae,common speedwell,noturban,,circle,6,,,,28.27433388,,
Veronica,peregrina,L.,Plantaginaceae,purslane speedwell,noturban,,circle,3,,,,7.068583471,,
Veronica,persica,Poir.,Plantaginaceae,birdeye speedwell,noturban,,circle,8,,,,50.26548246,,
Veronica,serpyllifolia,L.,Plantaginaceae,thyme-leaved speedwell,noturban,,circle,5,,,,19.63495408,,
Viburnum,acerifolium,L.,Adoxaceae,maple-leaved viburnum,noturban,,circle,6,,,57,2551.758633,use inflorescence,
Viburnum,dentatum,L.,Adoxaceae,southern arrowwood,noturban,,circle,6,,,76,28.27433388,use individual flower,
Viburnum,lentago,L.,Adoxaceae,nanny berry,noturban,,circle,,,,89,6221.138852,use inflorescence,
Viburnum,nudum,L.,Adoxaceae,wild raisin,noturban,,circle,,,,64.8,3297.918304,use inflorescence,
Viburnum,opulus,L.,Adoxaceae,guelder-rose,noturban,,circle,6,,,89,6221.138852,use inflorescence,
Viburnum,rafinesquianum,J.A. Schultes,Adoxaceae,downy arrow-wood,noturban,,circle,6,,,57,2551.758633,use inflorescence,
Viburnum,trilobum,,Adoxaceae,American cranberrybush ,noturban,,circle,6,,,76,4536.459792,use inflorescence,
Vicia,americana,,Fabaceae,purple vetch,noturban,,rectangle,16,5.4,43.4,22,86.4,,
Vicia,cracca,L.,Fabaceae,cow vetch,noturban,,rectangle,13,3.2,30.6,13.8,41.6,,
Vicia,sativa subsp. nigra,L.,Fabaceae,spring vetch,noturban,,rectangle,4,19,,,76,,
Vicia,tetrasperma,(L.) Schreb.,Fabaceae,slender vetch,noturban,,rectangle,3.4,6,,,20.4,,
Vinca,minor,L.,Apocynaceae,common periwinkle,noturban,,circle,25,,,,490.8738521,,
Viola,arvensis,Murr.,Violaceae,field pansy,noturban,,circle,13,,,,132.7322896,,
Viola,blanda,Willd.,Violaceae,sweet white violet,noturban,,circle,13,,,,132.7322896,,
Viola,cucullata,Ait.,Violaceae,marsh blue violet,noturban,,circle,19,,,,283.528737,,
Viola,laboradorica,,Violaceae,dog violet,noturban,,circle,16,,,,201.0619298,,
Viola,odorata,L.,Violaceae,English violet,noturban,,circle,15,,,,176.7145868,,
Viola,pubescens,Ait.,Violaceae,downy yellow violet,noturban,,circle,19,,,,283.528737,,
Viola,rostrata,Pursh,Violaceae,long spurred violet,noturban,,circle,13,,,,132.7322896,,
Viola,sororia,Willd.,Violaceae,purple wood violet,noturban,,circle,19,,,,283.528737,,
Viola,sp.,,Violaceae,violet,noturban,,circle,16,,,,201.0619298,,
Viola,striata,Ait.,Violaceae,pale violet,noturban,,circle,19,,,,283.528737,,
Vitis,riparia,Michx.,Vitaceae,riverbank grape,noturban,,circle,3,,127,22,380.1327111,,
Xanthium ,strumarium,L.,Asteraceae,rough cocklebur,noturban,,circle,4,,,,12.56637061,,
Zanthoxylum ,americanum,P. Mill.,Rutaceae,prickly ash,noturban,,circle,,,,8.4,55.41769441,,
Zea ,mays,L.,Poaceae,corn,noturban,,head,,,NA,NA,48310.07166,this was calculated separately--number is per head,
Angelonia,sp.,,,,urban,,circle,18,,,,254.4690049,,
Asclepias,tuberosa,,,,urban,,circle,10,,,,78.53981634,,photo
Astilbe,sp.,,,,urban,,cone,,,19,6,181.2892238,this is number of small inflorescence branches on larger inflorescences,
Begonia,sp.,,,begonia,urban,,circle,34,,,,907.9202769,,
Buddleja,davidii,,,butterfly bush,urban,,cylinder,,,4,8,150.7964474,,
Callicarpa,dichotoma,,,,urban,,circle,,,12,,113.0973355,,
Calycanthus,floridus,,,,urban,,circle,90,,,,6361.725124,,https://www.mortonarb.org/trees-plants/tree-plant-descriptions/carolina-allspice
Chaenostoma,cordatum,,,bacopa,urban,,circle,15,,,,176.7145868,,
Chrysanthemum,sp.,,,,urban,,circle,50,,,,1963.495408,,
Clematis,sp.,,,,urban,,circle,20,,,,314.1592654,,
Convallaria,majalis,,,,urban,,circle,8,,,,50.26548246,,http://www.illinoiswildflowers.info/weeds/plants/lily_valley.htm
Cotinus,coggyria,,,smokebush,urban,,circle,4,,,,12.56637061,,
Cotoneaster,apiculatus,,,,urban,,circle,6,,,,28.27433388,,https://www.midwestgroundcovers.com/plant/Cotoneaster-apiculatus
Daphne,x_burkwoodii,,,,urban,,circle,8,,,,50.26548246,,http://www.missouribotanicalgarden.org/PlantFinder/PlantFinderDetails.aspx?kempercode=c420
Deutzia,gracilis,,,,urban,,circle,19,,,,283.528737,,http://www.missouribotanicalgarden.org/PlantFinder/PlantFinderDetails.aspx?kempercode=v560
Digitalis,sp.,,,,urban,,triangle,20.3,63.5,,,644.525,this should be digitalis purpurea I think,http://www.missouribotanicalgarden.org/PlantFinder/PlantFinderDetails.aspx?taxonid=286969
Echinacea,purpurea,,,,urban,,circle,100,,,,7853.981634,,
Euphorbia,sp.diamond_frost,,,Diamond Frost,urban,,rectangle,3,10,,,30,,
Eustoma,russellianum,,,Lisianthus,urban,,circle,60,,,,2827.433388,,http://w3.biosci.utexas.edu/prc/K12/pages/Eustoma%20russellianum.html
Forsythia,sp.,,,easter tree,urban,,circle,25,,,,490.8738521,,
Fragaria,sp.ornamental,,Rosaceae,ornamental strawberry,urban,,circle,32,,,,804.2477193,,
Gaillardia,sp.,,,,urban,,circle,48,,,,1809.557368,,
Geranium,sanguineum,,,canon miles,urban,,circle,40,,,,1256.637061,,
Geranium,wallichianum,,,,urban,,circle,40,,,,1256.637061,,
Gerbera,hybrida,,,gerbera daisy,urban,,circle,80,,,,5026.548246,,
Gladiolus,sp.,,,,urban,,circle,75,,,,4417.864669,,
Hedera,helix,,,,urban,,circle,3,,,,7.068583471,,https://landscapeplants.aub.edu.lb/Plants/GetPDF/2458275a-07f1-46b5-aed7-3c2209559bc4
Heuchera,sp.,,,coral bells,urban,,circle,8,,,,50.26548246,,
Hydrangea,macrophylla,,,,urban,,dome,,,,150,35342.91735,,
Ilex,sp.,,,,urban,,circle,6,,,,28.27433388,used I. verticillata,
Impatiens,sp.,,,,urban,,circle,30,,,,706.8583471,,
Ipomoea,sp.,,,morning glory,urban,,circle,45,,,,1590.431281,used I. purpurea,https://en.wikipedia.org/wiki/Ipomoea_purpurea#cite_note-5
Iris,sp.,,,,urban,,circle,89,,,,6221.138852,used I. versicolor,
Kalmia,latifolia,,,,urban,,circle,20,,,,314.1592654,,http://www.missouribotanicalgarden.org/PlantFinder/PlantFinderDetails.aspx?taxonid=279967
Kolkwitzia,amabilis,,,,urban,,circle,20,,,,314.1592654,,https://plants.ces.ncsu.edu/plants/kolkwitzia-amabilis/
Lamium,maculatum,,,,urban,,rectangle,5.6,25,,,140,used L. album,
Lamprocapnos,spectabilis,,,,urban,,circle,25,,,,490.8738521,,"Used 1"" circle since this covered most of the flat area of the flower. https://hort.extension.wisc.edu/articles/bleeding-heart-dicentra-spectabilis/"
Lavandula,sp.,,,lavender,urban,,rectangle,1,6,,,6,18x 80 for cluster,
Liatris,sp.,,,,urban,,circle,5,,,,19.63495408,,
Lilium,sp.,,,,urban,,circle,76,,,,4536.459792,used L. canadense,
Lobularia,maritima,,,sweet allyssum,urban,,circle,7,,,,38.48451001,,
Magnolia,stellata,,,,urban,,circle,75,,,,4417.864669,,"https://plants.ces.ncsu.edu/plants/magnolia-stellata/#:~:text=Flower%20Description%3A,appear%20late%20winter%20to%20spring. Took average size."
Melissa,officinalis,,,lemon balm,urban,,triangle,5,10,,,25,,
Miscanthus,sp.,,,,urban,,,,,,,NA,,
Nepeta,x_faassenii,,,catnip,urban,,triangle,7,12,,,42,,
Oenothera,lindheimeri,,,gaura,urban,,circle,37,,,,1075.210086,,
Pachysandra,terminalis,,,,urban,,sphere,,,38.1,,4560.367312,,https://www.missouribotanicalgarden.org/PlantFinder/PlantFinderDetails.aspx?kempercode=e430
Paeonia,sp.,,,,urban,,circle,101.6,,,,8107.319666,,used P. lactiflora. http://www.missouribotanicalgarden.org/PlantFinder/PlantFinderDetails.aspx?kempercode=q400
Pelargonium,sp.,,,geranium,urban,,circle,40,,,,1256.637061,,
Petunia,x_atkinsiana,,,petunia,urban,,circle,55,,,,2375.829444,,
Phlox,subulata,,,,urban,,circle,25,,,,490.8738521,,
Physocarpus,opulifolius,,,,urban,,dome,,,,38,2268.229896,,"illinois wildflowers (2-3"" across--took average of 2.5"")"
Plectranthis,scutellarioides,,,coleus,urban,,rectangle,4.5,8,,,36,,
Rhododendron,catawbiense,,,,urban,,circle,55,,,,2375.829444,,
Rhododendron,sp.ornamental_azalea,,use R. periclymeus,,urban,,circle,35,,,,962.1127502,used R. periclymeus,
Rosa,sp_climber,,,,urban,,,,,,,NA,,
Rosa,sp.,,,,urban,,,,,,,NA,,
Salvia,lyrata,,,,urban,,triangle,5,10,,,25,,
Salvia,sp.,,,salvia,urban,,circle,8,8,,,50.26548246,,
Spirea,japonica,,,,urban,,circle,,,45,,1590.431281,,
Spirea,nipponica,,,,urban,,circle,,,45,,1590.431281,,
Spirea,x_vanhouttei,,,,urban,,circle,,,45,,1590.431281,used S. nipponica,
Stachys,byzantina,,,lamb's ear,urban,,circle,7.5,,,,44.17864669,,
Tagetes,sp.,,,marigold,urban,,circle,45,,,,1590.431281,,
Tradescantia,sp.,,,spiderwort,urban,,circle,25,,,,490.8738521,,
Verbena,sp.ornamental,,,verbena,urban,,circle,12,,,,113.0973355,,
Viburnum,plicatum,,,,urban,,circle,8,,,,50.26548246,use individual flowers. this is for the smaller central ones---confirm that the large ones don't really have reproductive parts,
Viola,sp.pansy,,,pansy,urban,,circle,50,,,,1963.495408,,
Yucca,sp.,,,,urban,,circle,45,,,,1590.431281,,used yucca filamentosa. http://www.missouribotanicalgarden.org/PlantFinder/PlantFinderDetails.aspx?kempercode=c287
Abies,concolor,,,,urban,urban_tree,NA,NA,NA,NA,NA,NA,,
Acer,campestre,,,,urban,urban_tree,circle,8,,,,50.26548246,same as A. rubrum and A. saccharum,
Acer,nigrum,,,,urban,urban_tree,circle,8,,,,50.26548246,same as A. rubrum and A. saccharum,
Acer,palmatum,,,,urban,urban_tree,circle,6,,,,28.27433388,,from picture
Acer,pseudoplatanus,,,,urban,urban_tree,circle,4,,,,12.56637061,,
Amelanchier,laevis,,,,urban,urban_tree,circle,25,,,,490.8738521,used A. arborea,
Betula,papyrifera,,,,urban,urban_tree,,,,75,13,3195.785127,,"Illionois wildflowers (average of 2-4 in long), used same width as B. lenta and allegh."
Carpinus,betulus,,,,urban,urban_tree,cylinder,,,38,8,1005.309649,Used C. caroliniana for width and MOBOT for length,https://www.missouribotanicalgarden.org/PlantFinder/PlantFinderDetails.aspx?taxonid=277824&isprofile=0&
Celtis,occidentalis,,,,urban,urban_tree,circle,3,,,,7.068583471,,
Cornus,florida,,,,urban,urban_tree,circle,,,20,,314.1592654,"this is for the inner flowers, not the bract",
Ginkgo,biloba,,,,urban,urban_tree,cylinder,NA,NA,30,8,804.2477193,,multiple websites
Liquidambar,styraciflua,,,,urban,urban_tree,sphere,20,,,,1256.637061,,"illinois wildflowers (reports female flowers as 3/4"" diam, male about same size as female flowers (personal obs))"
Malus,prunifolia,,use Malus pumila,,urban,urban_tree,circle,33,,,,855.2985999,used M. baccata,
Picea,pungens,,,,urban,urban_tree,NA,NA,NA,NA,NA,NA,,
Prunus,cerasifera,,use P. avium,,urban,urban_tree,circle,25,,,,490.8738521,used P. avium,
Pyrus,calleryana,,use P. communis,,urban,urban_tree,circle,15,,,,176.7145868,,illinois wildflowers
Salix,babylonica,,,,urban,urban_tree,cylinder,,,38,8,1005.309649,used golden weeping willow.,ALI measured
Syringa,reticulata,,,,urban,urban_tree,circle,5,,,,19.63495408,,
Thuja,occidentalis,,,,urban,urban_tree,NA,NA,NA,NA,NA,NA,,
Tilia,tomentosa,,use T. americana,,urban,urban_tree,circle,19,,,,283.528737,used T. americana,
Zelkova,serrata,,,,urban,urban_tree,circle,3,,,,7.068583471,the male flowers are 3mm and female 1.5mm. I used just male flowers since that's the only sex we are including in counts.,https://naturewalk.yale.edu/trees/ulmaceae/zelkova-serrata/japanese-zelkova-35