Floral_resources_landcover,Group,Code
Alfalfa,Agriculture,101
Apples,Agriculture,102
Cherries,Agriculture,103
Corn,Agriculture,104
Grass_hay,Agriculture,105
Pasture,Agriculture,106
Peaches,Agriculture,107
Perennial,Agriculture,108
Plums,Agriculture,109
Non_resource_crop,Agriculture,110
Non_resource_crop_wintercover,Agriculture,111
Soybeans,Agriculture,112
Strawberries,Agriculture,113
Insect_pollinated_crop,Agriculture,114
Apricots,Agriculture,115
Developed_low_intensity,Developed,201
Developed_med_intensity,Developed,202
Lawn,Developed,203
Urban tree,Developed,204
Conifer_mixed_forest,Forest,301
Dry_oak_forest,Forest,302
Mesic_upland_forest,Forest,303
NA,Other,401
No_resource,Other,402
Old_field,Succesional,501
Shrubland,Succesional,502
Floodplain,Wetland,601
Swamp,Wetland,602
Wet_emergent,Wetland,603
Wet_shrub,Wetland,604
Ditch,Ditch,701
Water,Water,801