,binomial,cover_area_sum,avg_cov_urb,num_trees
1,Achillea millefolium,0.36,0.000388912,NA
2,Alliaria petiolata,4,0.004321241,NA
3,Angelonia sp.,0.18,0.000194456,NA
4,Artemesia vulgaris,2,0.002160621,NA
5,Asclepias tuberosa,0.25,0.000270078,NA
6,Astilbe sp.,2.61,0.00281961,NA
7,Athyrium filix-femina,0.98,0.001058704,NA
8,Begonia sp.,1.56,0.001685284,NA
9,Berberis thunbergii,29,0.031328998,NA
10,Buddleja davidii,5,0.005401551,NA
11,Callicarpa dichotoma,3.2,0.003456993,NA
12,Calycanthus floridus,8.74,0.009441912,NA
13,Campsis radicans,13.75,0.014854266,NA
14,Celastrus orbiculatus,4,0.004321241,NA
15,Centaurea cyanus,0.09,9.72E-05,NA
16,Chaenostoma cordatum,0.78,0.000842642,NA
17,Chelidonium majus,6.98,0.007540566,NA
18,Chrysanthemum sp.,5.09,0.005498779,NA
19,Cirsium arvense,0.5,0.000540155,NA
20,Clematis sp.,4,0.004321241,NA
21,Convallaria majalis,5.65,0.006103753,NA
22,Coreopsis lanceolata,2.888,0.003119936,NA
23,Cotinus coggyria,0.77,0.000831839,NA
24,Cotoneaster apiculatus,1,0.00108031,NA
25,Cynanchum rossicum,2,0.002160621,NA
26,Daphne x_burkwoodii,2.89,0.003122097,NA
27,Deutzia gracilis,2.8,0.003024869,NA
28,Digitalis sp.,0.16,0.00017285,NA
29,Echinacea purpurea,1.1125,0.001201845,NA
30,Euonymus alatus,30.25,0.032679386,NA
31,Euphorbia sp.diamond_frost,0.1,0.000108031,NA
32,Eustoma russellianum,4.5,0.004861396,NA
33,Forsythia sp.,23.05,0.024901152,NA
34,Fragaria sp.ornamental,3,0.003240931,NA
35,Gaillardia sp.,0.023,2.48E-05,NA
36,Galium aparine,0.32,0.000345699,NA
37,Gerbera hybrida,0.2,0.000216062,NA
38,Gladiolus sp.,0.018,1.94E-05,NA
39,Glechoma hederacea,24.51,0.026478405,NA
40,Hedera helix,15.83,0.017101311,NA
41,Helianthus annuus,0.055,5.94E-05,NA
42,Hemerocallis fulva,16.21,0.017511829,NA
43,Heuchera sp.,0.61,0.000658989,NA
44,Hibiscus syriacus,12.9,0.013936002,NA
45,Hosta sp.,15.99,0.017274161,NA
46,Hydrangea macrophylla,15.24,0.016463928,NA
47,Ilex sp.,7.66,0.008275177,NA
48,Impatiens sp.,1.5,0.001620465,NA
49,Ipomoea sp.,1.78,0.001922952,NA
50,Iris sp.,6,0.006481862,NA
51,Kalmia latifolia,0.5,0.000540155,NA
52,Kolkwitzia amabilis,24.5,0.026467601,NA
53,Lamium maculatum,9,0.009722792,NA
54,Lamprocapnos spectabilis,0.05,5.40E-05,NA
55,Lavandula sp.,0.0625,6.75E-05,NA
56,Leonurus cardiaca,1.5,0.001620465,NA
57,Liatris sp.,0.25,0.000270078,NA
58,Ligustrum vulgare,2,0.002160621,NA
59,Lilium sp.,0.09,9.72E-05,NA
60,Lobelia erinus,0.7225,0.000780524,NA
61,Lobularia maritima,0.32,0.000345699,NA
62,Lonicera morrowii,2,0.002160621,NA
63,Magnolia stellata,3.54,0.003824298,NA
64,Matteucia struthiopteris,0.18,0.000194456,NA
65,Melissa officinalis,3.6,0.003889117,NA
66,Mentha spicata,1.35,0.001458419,NA
67,Miscanthus sp.,3.77,0.00407277,NA
68,Myosotis scirpioides,0.48,0.000518549,NA
69,Nepeta cataria,11.6,0.012531599,NA
70,Oenothera biennis,1,0.00108031,NA
71,Oenothera lindheimeri,0.375,0.000405116,NA
72,Onoclea sensibilis,1,0.00108031,NA
73,Oxalis stricta,0.25,0.000270078,NA
74,Pachysandra terminalis,12.8,0.013827971,NA
75,Paeonia sp.,12.79,0.013817168,NA
76,Pelargonium sp.,1.4025,0.001515135,NA
77,Petunia x_atkinsiana,1.846,0.001994253,NA
78,Phlox subulata,5.9,0.006373831,NA
79,Physalis longifolia,0.25,0.000270078,NA
80,Physocarpus opulifolius,3.24,0.003500205,NA
81,Phytolacca americana,2.61,0.00281961,NA
82,Plectranthis scutellarioides,0.14,0.000151243,NA
83,Polygonatum biflorum,0.29,0.00031329,NA
84,Polystichum acrostichoides,0.16,0.00017285,NA
85,Prunella vulgaris,0.09,9.72E-05,NA
86,Rhamnus cathartica,2.49,0.002689973,NA
87,Rhododendron catawbiense,1,0.00108031,NA
88,Rhododendron sp.ornamental_azalea,3.68,0.003975542,NA
89,Rosa multiflora,0.9,0.000972279,NA
90,Rosa sp_climber,2,0.002160621,NA
91,Rosa sp.,2.2,0.002376683,NA
92,Rudbeckia hirta,3.04,0.003284143,NA
93,Salvia lyrata,0.06,6.48E-05,NA
94,Salvia sp.,0.18,0.000194456,NA
95,Solanum dulcamara,0.25,0.000270078,NA
96,Solanum lycopersicon,0.08,8.64E-05,NA
97,Spirea japonica,6.55,0.007076032,NA
98,Spirea nipponica,32.39,0.034991249,NA
99,Spirea x_vanhouttei,14,0.015124344,NA
100,Stachys byzantina,25,0.027007757,NA
101,Symphyotrichum lanceolatum ssp. lanceolatum var. lanceolatum,4,0.004321241,NA
102,Syringa vulgaris,23.98,0.02590584,NA
103,Tagetes sp.,0.12,0.000129637,NA
104,Taraxacum officinale,0.25,0.000270078,NA
105,Taxus sp.,127.44,0.13767474,NA
106,Thuja occidentalis,38.48,0.041570339,NA
107,Tilia americana,1.44,0.001555647,NA
108,Tradescantia sp.,0.62,0.000669792,NA
109,Urtica dioica,1,0.00108031,NA
110,Verbena sp.ornamental,1.46,0.001577253,NA
111,Viburnum dentatum,2.25,0.002430698,NA
112,Viburnum plicatum,14.53,0.015696908,NA
113,Viola sp.,0.06,6.48E-05,NA
114,Vitis riparia,1.5,0.001620465,NA
115,Yucca sp.,1.2,0.001296372,NA
116,Abies concolor,NA,NA,1
117,Acer campestre,NA,NA,11
118,Acer negundo,NA,NA,1
119,Acer nigrum,NA,NA,26
120,Acer palmatum,NA,NA,3
121,Acer platanoides,NA,NA,17
122,Acer pseudoplatanus,NA,NA,6
123,Acer rubrum,NA,NA,2
124,Acer saccharinum,NA,NA,14
125,Acer saccharum,NA,NA,6
126,Amelanchier arborea,NA,NA,2
127,Betula papyrifera,NA,NA,7
128,Carpinus betulus,NA,NA,14
129,Carya ovata,NA,NA,1
130,Catalpa speciosa,NA,NA,6
131,Celtis occidentalis,NA,NA,4
132,Cornus florida,NA,NA,44
133,Cotinus coggyria,NA,NA,1
134,Fraxinus americana,NA,NA,2
135,Fraxinus pennsylvanica,NA,NA,5
136,Ginkgo biloba,NA,NA,1
137,Gleditsia triacanthos,NA,NA,47
138,Juglans nigra,NA,NA,5
139,Juniperus virginiana,NA,NA,10
140,Liriodendron tulipifera,NA,NA,1
141,Liquidambar styraciflua,NA,NA,4
142,Malus prunifolia,NA,NA,8
143,Malus pumila,NA,NA,14
144,Morus alba,NA,NA,8
145,Picea abies,NA,NA,9
146,Picea glauca,NA,NA,9
147,Picea pungens,NA,NA,86
148,Pinus resinosa,NA,NA,8
149,Pinus strobus,NA,NA,4
150,Platanus occidentalis,NA,NA,5
151,Populus deltoides,NA,NA,3
152,Prunus avium,NA,NA,3
153,Prunus serotina,NA,NA,4
154,Prunus cerasifera,NA,NA,1
155,Pyrus calleryana,NA,NA,1
156,Quercus alba,NA,NA,1
157,Quercus macrocarpa,NA,NA,1
158,Quercus rubra,NA,NA,6
159,Robinia pseudoacacia,NA,NA,2
160,Salix fragilis,NA,NA,1
161,Salix babylonica,NA,NA,1
162,Styphnolobium japonicum,NA,NA,1
163,Syringa reticulata,NA,NA,2
164,Thuja occidentalis,NA,NA,9
165,Tilia tomentosa,NA,NA,4
166,Tsuga canadensis,NA,NA,5
167,Ulmus americana,NA,NA,2
168,Ulmus pumila,NA,NA,1
169,Zelkova serrata,NA,NA,1