round,landcover,family,code,mean.prop.quads
1,cranberry,Ericaceae,9,0.0025
1,field.edge,Asteraceae,10,0.02790364583333333
1,field.edge,Fabaceae,10,0.04178571428571429
1,field.edge,Rosaceae,10,0.07121875
1,grassland,Asteraceae,2,0.03361111111111111
1,grassland,Fabaceae,2,0.02125
1,grassland,Rosaceae,2,0.09693750000000001
1,road.edge,Asteraceae,11,0.018750000000000003
1,road.edge,Fabaceae,11,0.05763888888888889
1,road.edge,Rosaceae,11,0.024583333333333336
1,woodland,Asteraceae,3,0.00125
2,cranberry,Ericaceae,9,0.75
2,field.edge,Asteraceae,10,0.03645220588235294
2,field.edge,Brassicaceae,10,0.00125
2,field.edge,Fabaceae,10,0.1258613445378151
2,field.edge,Lamiaceae,10,0.028124999999999997
2,field.edge,Rosaceae,10,0.10760416666666667
2,grassland,Asteraceae,2,0.03410714285714286
2,grassland,Fabaceae,2,0.08474999999999999
2,grassland,Lamiaceae,2,0.028749999999999998
2,grassland,Rosaceae,2,0.12583333333333332
2,road.edge,Asteraceae,11,0.07333653846153847
2,road.edge,Brassicaceae,11,0.015000000000000001
2,road.edge,Fabaceae,11,0.015916666666666666
2,road.edge,Lamiaceae,11,0.018125000000000002
2,road.edge,Rosaceae,11,0.09662946428571428
3,cranberry,Ericaceae,9,0.9325
3,field.edge,Asteraceae,10,0.10242187500000001
3,field.edge,Brassicaceae,10,0.025520833333333333
3,field.edge,Fabaceae,10,0.017986111111111112
3,field.edge,Lamiaceae,10,0.026666666666666665
3,field.edge,Rosaceae,10,0.134375
3,grassland,Asteraceae,2,0.035890151515151514
3,grassland,Fabaceae,2,0.06098214285714286
3,grassland,Lamiaceae,2,0.12
3,grassland,Rosaceae,2,0.13374999999999998
3,road.edge,Asteraceae,11,0.027991071428571428
3,road.edge,Fabaceae,11,0.0403125
3,road.edge,Lamiaceae,11,0.0475
3,road.edge,Rosaceae,11,0.0419375
4,cranberry,Ericaceae,9,0.04375
4,cranberry,Fabaceae,9,0.011875
4,cranberry,Rosaceae,9,0.0025
4,field.edge,Asteraceae,10,0.05019861111111111
4,field.edge,Brassicaceae,10,0.024166666666666666
4,field.edge,Fabaceae,10,0.07330780632411066
4,field.edge,Lamiaceae,10,0.0375
4,field.edge,Rosaceae,10,0.0235
4,grassland,Asteraceae,2,0.04917361111111111
4,grassland,Brassicaceae,2,0.00125
4,grassland,Fabaceae,2,0.06458333333333333
4,grassland,Lamiaceae,2,0.00125
4,grassland,Rosaceae,2,0.04083333333333333
4,road.edge,Asteraceae,11,0.04810267857142857
4,road.edge,Fabaceae,11,0.0645
4,road.edge,Lamiaceae,11,0.014624999999999999
4,road.edge,Rosaceae,11,0.06640625
5,cranberry,Ericaceae,9,0
5,cranberry,Fabaceae,9,0.005625000000000001
5,cranberry,Rosaceae,9,0.01025
5,field.edge,Asteraceae,10,0.024278846153846154
5,field.edge,Brassicaceae,10,0.01225
5,field.edge,Fabaceae,10,0.023333333333333334
5,field.edge,Lamiaceae,10,0.012708333333333334
5,field.edge,Rosaceae,10,0.0016666666666666668
5,grassland,Asteraceae,2,0.020546875
5,grassland,Fabaceae,2,0.010416666666666666
5,grassland,Lamiaceae,2,0.00125
5,grassland,Rosaceae,2,0.005
5,road.edge,Asteraceae,11,0.010048076923076923
5,road.edge,Fabaceae,11,0.05275
5,road.edge,Lamiaceae,11,0.044375
5,road.edge,Rosaceae,11,0.037250000000000005
6,cranberry,Asteraceae,9,0.011607142857142858
6,cranberry,Brassicaceae,9,0.01375
6,cranberry,Ericaceae,9,0
6,cranberry,Fabaceae,9,0.009375000000000001
6,cranberry,Lamiaceae,9,0.011875
6,cranberry,Rosaceae,9,0.00375
6,field.edge,Asteraceae,10,0.013083333333333334
6,field.edge,Brassicaceae,10,0.0125
6,field.edge,Fabaceae,10,0.01673076923076923
6,field.edge,Lamiaceae,10,0.0046875
6,field.edge,Rosaceae,10,0.010416666666666666
6,grassland,Asteraceae,2,0.018653846153846153
6,grassland,Brassicaceae,2,0.00375
6,grassland,Fabaceae,2,0.003125
6,grassland,Lamiaceae,2,0.014374999999999999
6,grassland,Rosaceae,2,0.010833333333333334
6,road.edge,Asteraceae,11,0.009338235294117647
6,road.edge,Fabaceae,11,0.03397058823529412
6,road.edge,Lamiaceae,11,0.007678571428571429
6,road.edge,Rosaceae,11,0.015833333333333335
