landcover,round,mean.prop.quads,code
cranberry,1,0.0025,9
cranberry,2,0.75,9
cranberry,3,0.9325,9
cranberry,4,0.019375,9
cranberry,5,0.005291666666666667,9
cranberry,6,0.008392857142857143,9
field.edge,1,0.04696937003968254,10
field.edge,2,0.05985854341736695,10
field.edge,3,0.06139409722222222,10
field.edge,4,0.041734616820377685,10
field.edge,5,0.014847435897435897,10
field.edge,6,0.011483653846153847,10
grassland,1,0.05059953703703704,2
grassland,2,0.06836011904761904,2
grassland,3,0.08765557359307359,2
grassland,4,0.03141805555555555,2
grassland,5,0.009303385416666666,2
grassland,6,0.010147435897435896,2
road.edge,1,0.033657407407407414,11
road.edge,2,0.043801533882783884,11
road.edge,3,0.03943526785714286,11
road.edge,4,0.048408482142857145,11
road.edge,5,0.03610576923076923,11
road.edge,6,0.016705182072829134,11
woodland,1,0.00125,3
