"datePeriod","transect","crop.shandiv","area_crop","area_natural","pct.natural","total.flowers","crop.rich"
1,1.1,0.438097771711152,462193.175075766,389186.259731613,22.0234371625715,9209774.81699329,5
1,1.2,0.47120939936226,439251.625617915,287665.247815527,16.2785230739897,8720617.41154093,5
1,1.3,0.47169838745279,438652.859576264,289159.711807857,16.363092436355,8724043.83293225,5
1,1.4,0.438737734072075,482301.28788867,239845.880026752,13.5725004040829,8995023.45550263,5
1,2.1,0.0894461644917915,109258.169418153,685842.501108926,38.8107463943091,7160914.66161988,6
1,2.2,0.120349215162092,76685.3578158063,659024.450930703,37.2931551943266,6389267.71078782,6
1,2.3,0.0740422830071026,136613.365003116,682241.312346114,38.6069607969371,7606205.39422453,6
1,2.4,0.111778990487577,83782.5167351275,657853.585631982,37.2268977721093,6488046.31487743,6
1,2.5,0.0889404534069323,109995.363239858,691838.91967922,39.1500742721083,7237639.26072341,6
1,2.6,0.0900549534067518,108382.515940071,691043.28585495,39.1050506077443,7202412.82901795,6
1,3.1,0,780123.878297419,520267.58841572,29.4411229962174,16258952.1746416,1
1,3.2,0,683256.766686629,341037.710087301,19.2987866101812,13517415.8478693,1
1,3.3,0,683256.766686629,341037.710087301,19.2987866101812,13517415.8478693,1
1,3.4,0,823011.961904135,587735.787566523,33.2590420704783,17494703.8775011,1
1,3.5,0,725033.115839758,450699.207579857,25.5043579498433,15049464.3675934,1
1,3.6,0,725033.115839758,450699.207579857,25.5043579498433,15049464.3675934,1
1,4.1,0.445368151590065,236939.49136397,299835.804908726,16.9672357216572,7148990.59412447,4
1,4.2,0.401275239315287,273596.42764241,307931.197742661,17.4253412454942,7812991.73439693,4
1,4.3,0.486181457781446,209475.568433902,184661.893401392,10.4497255593032,5812169.14831339,4
1,4.4,0.470406162612831,219469.731216014,285358.120239605,16.1479663600159,6746384.58565459,4
1,4.5,0.371764175377426,303532.26577002,303759.127432894,17.1892503609692,8262351.85986105,4
1,5.1,0.0947003937364444,471660.311334204,702589.342143342,39.7584237389496,11332990.2031713,4
1,5.2,0.0906411108127437,497250.094927593,930408.76617473,52.6503659494186,13937585.1577352,4
1,5.3,0.0905634968620287,497763.557272719,909549.179018798,51.4699547825838,13717759.2521431,4
1,5.4,0.0906368780693866,497278.072542037,939895.116227707,53.1871835504253,14037447.6846975,4
1,6.1,0.780470400188721,103361.882823737,215400.82506973,12.1891932643272,3333715.55064751,3
1,6.2,0.667474364600756,139048.979690456,203754.261846122,11.5301326040358,3836609.27612081,3
1,6.3,0.510336334215633,214884.35542752,264662.66017731,14.9768428867802,5553406.15861985,3
1,6.4,0.66111500314577,141392.619475811,336768.008282988,19.0571709132266,4940466.02874263,3
1,7.1,0,526464.34782159,181320.272152583,10.2606284785249,9531185.98410983,1
1,7.2,0,406263.417684388,322350.343750152,18.2412979965185,8454237.50261518,1
1,7.3,0,437613.511884491,243058.988346426,13.7543251407108,8430713.75753785,1
1,7.4,0,386735.327159437,476271.179882473,26.9514355664017,9254622.70202997,1
1,8.1,0,580489.824570962,187712.780677543,10.6223704627043,10387376.6721512,1
1,9.1,0,32675.189309979,1062686.51972438,60.135755580892,6863947.01548676,1
1,9.2,0,32675.189309979,1289715.0047175,72.9829397975386,8262729.35059067,1
1,9.3,0,32675.189309979,1221141.16108168,69.1024540441335,8079394.84364708,1
1,9.4,0,32675.189309979,1221141.16108168,69.1024540441335,8079394.84364708,1
1,10.1,0,37138.6710213001,1193693.77583242,67.5492497641808,8558410.83044787,1
1,10.2,0,37138.6710213001,1193693.77583242,67.5492497641808,8558410.83044787,1
1,10.3,0,29283.9341342999,1407657.5812786,79.657124352452,10544105.6544809,1
1,10.4,0,29283.9341342999,1402631.696936,79.3727174772399,10464888.2139306,1
1,11.1,0,107225.910227271,1488469.20882986,84.2301270134593,12912986.3098125,1
1,11.2,0,86664.0496442377,1509532.47838692,85.4220642464137,12881032.0287447,1
1,11.3,0,108551.811839725,1486435.86627691,84.1150633625081,13044553.6111513,1
1,11.4,0,79872.1437284136,1517999.48157477,85.901198614599,12725576.4562466,1
1,12.1,0,221499.20205718,204071.696479258,11.5480957297148,4838890.85742617,1
1,12.2,0,225265.545177089,166223.596674934,9.40633140242821,4575556.38807579,1
1,12.3,0,216903.208667375,188491.953487256,10.6664626241936,4633219.10219376,1
1,13.1,0,275057.651530205,1275915.13637058,72.2020269934748,14724285.0130605,1
1,13.2,0,222482.999775039,1377816.14191633,77.9684443227694,14864380.4816933,1
1,13.3,0,184005.187291588,1400167.31825131,79.2332621708155,14414676.665571,1
1,14.1,0.947095380734502,229248.85119949,259852.011828746,14.7046158773044,5840337.1120494,4
1,14.2,0.485282427434393,250636.612749679,631577.507884168,35.7399759379292,9334102.4346135,4
1,14.3,1.10265460401418,163449.245987096,255897.737082235,14.4808497005041,4373680.03649682,4
1,14.4,0.908771410336958,168158.143195423,601836.523888734,34.0569805191593,7649598.64729989,4
1,15.1,0.0181568382717203,153984.890672501,1547034.13904914,87.5442241285635,15002652.8706917,2
1,15.2,0.0238342108596666,111905.930590553,1566532.00034113,88.6475773745513,14271030.5755433,2
1,15.3,0.0197787500173026,139317.667644331,1528817.28807703,86.5133612379752,14471722.7995125,2
1,15.4,0.0224482977331222,120081.396504019,1565912.00708537,88.6124929331865,14512784.4722433,2
1,15.5,0.0151239901372886,190540.008771896,1490055.79457934,84.3199094008973,15042936.3567859,2
1,15.6,0.0170567521658431,165640.414954563,1524607.32899515,86.275126287541,15030849.663339,2
1,15.7,0.0170567521658431,165640.414954563,1524607.32899515,86.275126287541,15030849.663339,2
1,16.1,0,0,1670280.75844221,94.5185561092826,13501097.8847296,0
1,17.1,0.616044766484758,337489.921013851,441286.241622736,24.9716930391833,8956312.34540842,8
1,17.2,1.07462157200136,147451.009000863,381278.363318991,21.5759417657618,5360074.84132911,8
1,17.3,1.16381096944673,128327.627568758,373377.37735342,21.1288374202612,4948701.13352835,8
1,17.4,1.12988072469731,135279.017940882,273516.340430269,15.4778587007584,4191767.23151058,8
1,17.5,0.976290542912534,172420.180113777,403818.106526749,22.851430315997,6035377.8481731,8
1,17.6,0.933394060259985,184991.604525934,384263.509521624,21.7448664854066,6116057.75942949,8
1,18.1,0,231583.915107981,951254.131734683,53.8299723385471,10757718.6217768,1
1,18.2,0,165074.316645522,1174225.98574704,66.4475982003896,11460789.4697171,1
1,19.1,0,58926.9147243797,763590.14341086,43.2103629582534,5385162.0944687,1
1,19.2,0,58926.9147243797,763590.14341086,43.2103629582534,5385162.0944687,1
1,19.3,0,58926.9147243797,857469.218757232,48.5228318984388,5457708.62605081,1
1,20.1,0.00763568842004108,383162.609594001,1145295.10236326,64.8104450986847,15202391.7751729,5
1,20.2,0.00838064636918595,345229.114393694,992218.992054931,56.1481092320712,13261959.6131523,5
1,20.3,0.00795220677292378,366131.108971929,1046232.1966712,59.2046313678628,14041814.0195071,5
1,20.4,0.00837793405487269,345354.364943033,994229.155467242,56.2618612119794,13283744.3925852,5
1,21.1,0.0141281625197141,1048056.55238316,488086.549315594,27.6200487040864,20311726.7580983,3
1,21.2,0.0170553741520723,843848.77167201,656418.486976726,37.1456878006218,18495498.24758,3
1,21.3,0.0139622992248979,1062366.3116137,498955.876089908,28.2351267784733,20755633.4672598,3
1,21.4,0.0146705366575258,1003660.98430485,539994.745855666,30.5574517498955,20115018.4894525,3
1,21.5,0.0146705366575258,1003660.98430485,539994.745855666,30.5574517498955,20115018.4894525,3
1,22.1,0.0601528307960702,245533.538375891,385049.111818354,21.7893224814347,6412051.61399554,2
1,22.2,0.0601528307960702,245533.538375891,385049.111818354,21.7893224814347,6412051.61399554,2
1,22.3,0.114208773147849,110412.568298259,1131440.0009968,64.0264067450809,10048149.7750411,2
1,22.4,0.0827187654292956,165734.168709512,793897.636372984,44.9254162267493,8355681.48559787,2
1,22.5,0.00771989822625053,281383.227974117,313082.315723422,17.7168348949476,6476884.28481342,2
1,22.6,0.0816973070228488,168317.751868605,802766.514548448,45.4272920672133,8463239.51505906,2
1,23.1,0,436143.917486226,1181634.15900879,66.8668150515497,14977601.8493251,1
1,23.2,0,428287.271162664,1177592.41371974,66.6380990545821,15013050.1052581,1
1,24.1,0,453775.999385343,670326.301294154,37.9327090970567,12775094.3718145,1
1,24.2,0,558174.815803742,793052.936591431,44.8776159971803,15414860.7674827,1
1,24.3,0,449954.255512924,562543.988117842,31.8334778366517,11791431.9472742,1
1,24.4,0,522183.807203648,772666.221001241,43.7239638871049,14701200.2236415,1
1,25.1,0.0540678279855994,641368.346841386,607073.151745517,34.3533130377512,14145963.9500314,6
1,25.2,0.0540678279855994,641368.346841386,607073.151745517,34.3533130377512,14145963.9500314,6
1,25.3,0.0537996773879238,645166.881726972,623754.488774725,35.2972836139576,14187402.5110423,6
1,25.4,0.0569489223793432,602977.521910818,792664.88447729,44.8556567395296,15323885.9512163,6
1,25.5,0.0569489223793432,602977.521910818,792664.88447729,44.8556567395296,15323885.9512163,6
1,25.6,0.0581022839295137,588754.815094197,805375.768231725,45.5749456215153,15183331.2971694,6
1,25.7,0.0581022839295137,588754.815094197,805375.768231725,45.5749456215153,15183331.2971694,6
1,26.1,0.487099352069988,442747.756975768,723902.522685649,40.9645030407516,16533386.2862597,3
1,26.2,0.491204375587204,436643.538382431,896731.671492066,50.7446322293404,17867599.0074087,3
1,26.3,0.49866397363938,425822.199100934,964835.680227361,54.5985307660856,18225314.0457113,3
1,26.4,0.479357490193836,454561.685086818,955848.784285981,54.0899764862196,18618983.1840035,3
1,26.5,0.486342411543457,443885.242776833,959983.57647335,54.3239578605405,18481284.2668591,3
1,26.6,0.479312307087093,454631.823838586,940042.134244224,53.1955030683105,18486875.5652834,3
1,27.1,0,353014.837620028,734627.19790967,41.5713955118478,10060355.4385244,1
1,27.2,0,377274.699252994,769492.735581934,43.5443813479714,10620593.1449853,1
1,27.3,0,356164.916787128,824752.29796503,46.67143290579,10718687.9045673,1
1,27.4,0,356164.916787128,824752.29796503,46.67143290579,10718687.9045673,1
2,1.1,0.438097771711152,462193.175075766,389186.259731613,22.0234371625715,36738303.5634782,5
2,1.2,0.47120939936226,439251.625617915,287665.247815527,16.2785230739897,29263049.2093846,5
2,1.3,0.47169838745279,438652.859576264,289159.711807857,16.363092436355,29239743.0418047,5
2,1.4,0.438737734072075,482301.28788867,239845.880026752,13.5725004040829,31252923.1661803,5
2,2.1,0.0894461644917915,109258.169418153,685842.501108926,38.8107463943091,14029107.6472097,6
2,2.2,0.120349215162092,76685.3578158063,659024.450930703,37.2931551943266,12297784.9879622,6
2,2.3,0.0740422830071026,136613.365003116,682241.312346114,38.6069607969371,15150223.8142828,6
2,2.4,0.111778990487577,83782.5167351275,657853.585631982,37.2268977721093,12700289.1699501,6
2,2.5,0.0889404534069323,109995.363239858,691838.91967922,39.1500742721083,14002960.8146072,6
2,2.6,0.0900549534067518,108382.515940071,691043.28585495,39.1050506077443,13932851.820982,6
2,3.1,0,780123.878297419,520267.58841572,29.4411229962174,49712293.4380525,1
2,3.2,0,683256.766686629,341037.710087301,19.2987866101812,40795189.4983674,1
2,3.3,0,683256.766686629,341037.710087301,19.2987866101812,40795189.4983674,1
2,3.4,0,823011.961904135,587735.787566523,33.2590420704783,52631099.4187361,1
2,3.5,0,725033.115839758,450699.207579857,25.5043579498433,44296039.6293078,1
2,3.6,0,725033.115839758,450699.207579857,25.5043579498433,44296039.6293078,1
2,4.1,0.445368151590065,236939.49136397,299835.804908726,16.9672357216572,14448064.711952,4
2,4.2,0.401275239315287,273596.42764241,307931.197742661,17.4253412454942,16368652.0781519,4
2,4.3,0.486181457781446,209475.568433902,184661.893401392,10.4497255593032,11561298.866614,4
2,4.4,0.470406162612831,219469.731216014,285358.120239605,16.1479663600159,13426178.3232063,4
2,4.5,0.371764175377426,303532.26577002,303759.127432894,17.1892503609692,17870452.430716,4
2,5.1,0.0947003937364444,471660.311334204,702589.342143342,39.7584237389496,45264116.2265711,4
2,5.2,0.0906411108127437,497250.094927593,930408.76617473,52.6503659494186,46231986.1976537,4
2,5.3,0.0905634968620287,497763.557272719,909549.179018798,51.4699547825838,46501709.9210095,4
2,5.4,0.0906368780693866,497278.072542037,939895.116227707,53.1871835504253,46156085.7950491,4
2,6.1,0.780470400188721,103361.882823737,215400.82506973,12.1891932643272,9223641.41271064,3
2,6.2,0.667474364600756,139048.979690456,203754.261846122,11.5301326040358,10782922.4454656,3
2,6.3,0.510336334215633,214884.35542752,264662.66017731,14.9768428867802,15316033.9399774,3
2,6.4,0.66111500314577,141392.619475811,336768.008282988,19.0571709132266,12339861.4704149,3
2,7.1,0,526464.34782159,181320.272152583,10.2606284785249,32333451.8656025,1
2,7.2,0,406263.417684388,322350.343750152,18.2412979965185,29710379.8892548,1
2,7.3,0,437613.511884491,243058.988346426,13.7543251407108,29656696.0716925,1
2,7.4,0,386735.327159437,476271.179882473,26.9514355664017,31272243.4168961,1
2,8.1,0,580489.824570962,187712.780677543,10.6223704627043,35704140.278085,1
2,9.1,0,32675.189309979,1062686.51972438,60.135755580892,29919466.2941512,1
2,9.2,0,32675.189309979,1289715.0047175,72.9829397975386,35604900.1753779,1
2,9.3,0,32675.189309979,1221141.16108168,69.1024540441335,32048992.9819518,1
2,9.4,0,32675.189309979,1221141.16108168,69.1024540441335,32048992.9819518,1
2,10.1,0,37138.6710213001,1193693.77583242,67.5492497641808,27163119.8057807,1
2,10.2,0,37138.6710213001,1193693.77583242,67.5492497641808,27163119.8057807,1
2,10.3,0,29283.9341342999,1407657.5812786,79.657124352452,26010874.4047928,1
2,10.4,0,29283.9341342999,1402631.696936,79.3727174772399,26255952.2693615,1
2,11.1,0,107225.910227271,1488469.20882986,84.2301270134593,27342209.6798607,1
2,11.2,0,86664.0496442377,1509532.47838692,85.4220642464137,25501207.9817217,1
2,11.3,0,108551.811839725,1486435.86627691,84.1150633625081,26416441.9606875,1
2,11.4,0,79872.1437284136,1517999.48157477,85.901198614599,26116334.781169,1
2,12.1,0,221499.20205718,204071.696479258,11.5480957297148,16484538.0635576,1
2,12.2,0,225265.545177089,166223.596674934,9.40633140242821,16430017.4915003,1
2,12.3,0,216903.208667375,188491.953487256,10.6664626241936,16130249.2220187,1
2,13.1,0,275057.651530205,1275915.13637058,72.2020269934748,27507574.3129036,1
2,13.2,0,222482.999775039,1377816.14191633,77.9684443227694,24574009.4660703,1
2,13.3,0,184005.187291588,1400167.31825131,79.2332621708155,22890721.9600192,1
2,14.1,0.947095380734502,229248.85119949,259852.011828746,14.7046158773044,14163272.5668849,4
2,14.2,0.485282427434393,250636.612749679,631577.507884168,35.7399759379292,17807875.5851901,4
2,14.3,1.10265460401418,163449.245987096,255897.737082235,14.4808497005041,13736652.8192776,4
2,14.4,0.908771410336958,168158.143195423,601836.523888734,34.0569805191593,13835074.083928,4
2,15.1,0.0181568382717203,153984.890672501,1547034.13904914,87.5442241285635,23733527.9106543,2
2,15.2,0.0238342108596666,111905.930590553,1566532.00034113,88.6475773745513,23378356.1397092,2
2,15.3,0.0197787500173026,139317.667644331,1528817.28807703,86.5133612379752,23919683.0697914,2
2,15.4,0.0224482977331222,120081.396504019,1565912.00708537,88.6124929331865,22911019.3971559,2
2,15.5,0.0151239901372886,190540.008771896,1490055.79457934,84.3199094008973,25719257.1209628,2
2,15.6,0.0170567521658431,165640.414954563,1524607.32899515,86.275126287541,23940235.0944121,2
2,15.7,0.0170567521658431,165640.414954563,1524607.32899515,86.275126287541,23940235.0944121,2
2,16.1,0,0,1670280.75844221,94.5185561092826,17150844.8035352,0
2,17.1,0.616044766484758,337489.921013851,441286.241622736,24.9716930391833,21774637.4431785,8
2,17.2,1.07462157200136,147451.009000863,381278.363318991,21.5759417657618,11694646.2723208,8
2,17.3,1.16381096944673,128327.627568758,373377.37735342,21.1288374202612,10925901.8657032,8
2,17.4,1.12988072469731,135279.017940882,273516.340430269,15.4778587007584,10735207.9538958,8
2,17.5,0.976290542912534,172420.180113777,403818.106526749,22.851430315997,12521216.5273475,8
2,17.6,0.933394060259985,184991.604525934,384263.509521624,21.7448664854066,12693308.6143137,8
2,18.1,0,231583.915107981,951254.131734683,53.8299723385471,26856470.9275837,1
2,18.2,0,165074.316645522,1174225.98574704,66.4475982003896,25913742.8713966,1
2,19.1,0,58926.9147243797,763590.14341086,43.2103629582534,24242017.1048494,1
2,19.2,0,58926.9147243797,763590.14341086,43.2103629582534,24242017.1048494,1
2,19.3,0,58926.9147243797,857469.218757232,48.5228318984388,30481927.7675764,1
2,20.1,0.00763568842004108,383162.609594001,1145295.10236326,64.8104450986847,33309753.876202,5
2,20.2,0.00838064636918595,345229.114393694,992218.992054931,56.1481092320712,30479843.8269291,5
2,20.3,0.00795220677292378,366131.108971929,1046232.1966712,59.2046313678628,32067178.6236144,5
2,20.4,0.00837793405487269,345354.364943033,994229.155467242,56.2618612119794,30479924.1827045,5
2,21.1,0.0141281625197141,1048056.55238316,488086.549315594,27.6200487040864,62953860.392727,3
2,21.2,0.0170553741520723,843848.77167201,656418.486976726,37.1456878006218,53234686.3632719,3
2,21.3,0.0139622992248979,1062366.3116137,498955.876089908,28.2351267784733,62841895.5668223,3
2,21.4,0.0146705366575258,1003660.98430485,539994.745855666,30.5574517498955,60426324.5359952,3
2,21.5,0.0146705366575258,1003660.98430485,539994.745855666,30.5574517498955,60426324.5359952,3
2,22.1,0.0601528307960702,245533.538375891,385049.111818354,21.7893224814347,21246067.7725812,2
2,22.2,0.0601528307960702,245533.538375891,385049.111818354,21.7893224814347,21246067.7725812,2
2,22.3,0.114208773147849,110412.568298259,1131440.0009968,64.0264067450809,23603228.0894139,2
2,22.4,0.0827187654292956,165734.168709512,793897.636372984,44.9254162267493,21890978.066634,2
2,22.5,0.00771989822625053,281383.227974117,313082.315723422,17.7168348949476,22256424.0886428,2
2,22.6,0.0816973070228488,168317.751868605,802766.514548448,45.4272920672133,22160114.2869707,2
2,23.1,0,436143.917486226,1181634.15900879,66.8668150515497,47029176.0625744,1
2,23.2,0,428287.271162664,1177592.41371974,66.6380990545821,45083942.6766109,1
2,24.1,0,453775.999385343,670326.301294154,37.9327090970567,30035475.0069116,1
2,24.2,0,558174.815803742,793052.936591431,44.8776159971803,36966632.816083,1
2,24.3,0,449954.255512924,562543.988117842,31.8334778366517,29121854.6813251,1
2,24.4,0,522183.807203648,772666.221001241,43.7239638871049,34654788.6683523,1
2,25.1,0.0540678279855994,641368.346841386,607073.151745517,34.3533130377512,46968258.2550436,6
2,25.2,0.0540678279855994,641368.346841386,607073.151745517,34.3533130377512,46968258.2550436,6
2,25.3,0.0537996773879238,645166.881726972,623754.488774725,35.2972836139576,48524795.4910028,6
2,25.4,0.0569489223793432,602977.521910818,792664.88447729,44.8556567395296,44607650.1989781,6
2,25.5,0.0569489223793432,602977.521910818,792664.88447729,44.8556567395296,44607650.1989781,6
2,25.6,0.0581022839295137,588754.815094197,805375.768231725,45.5749456215153,44110253.6501643,6
2,25.7,0.0581022839295137,588754.815094197,805375.768231725,45.5749456215153,44110253.6501643,6
2,26.1,0.487099352069988,442747.756975768,723902.522685649,40.9645030407516,25183307.7720957,3
2,26.2,0.491204375587204,436643.538382431,896731.671492066,50.7446322293404,26368407.4367068,3
2,26.3,0.49866397363938,425822.199100934,964835.680227361,54.5985307660856,26648893.4971913,3
2,26.4,0.479357490193836,454561.685086818,955848.784285981,54.0899764862196,28020045.6092893,3
2,26.5,0.486342411543457,443885.242776833,959983.57647335,54.3239578605405,27502637.0613947,3
2,26.6,0.479312307087093,454631.823838586,940042.134244224,53.1955030683105,27903426.7220535,3
2,27.1,0,353014.837620028,734627.19790967,41.5713955118478,37861990.8435036,1
2,27.2,0,377274.699252994,769492.735581934,43.5443813479714,40341034.2380785,1
2,27.3,0,356164.916787128,824752.29796503,46.67143290579,39880113.7132219,1
2,27.4,0,356164.916787128,824752.29796503,46.67143290579,39880113.7132219,1
3,1.1,0.438097771711152,462193.175075766,389186.259731613,22.0234371625715,29546401.0168552,5
3,1.2,0.47120939936226,439251.625617915,287665.247815527,16.2785230739897,24439802.4462564,5
3,1.3,0.47169838745279,438652.859576264,289159.711807857,16.363092436355,24404760.9112288,5
3,1.4,0.438737734072075,482301.28788867,239845.880026752,13.5725004040829,26879369.9022347,5
3,2.1,0.0894461644917915,109258.169418153,685842.501108926,38.8107463943091,8235760.1535302,6
3,2.2,0.120349215162092,76685.3578158063,659024.450930703,37.2931551943266,6545744.06170372,6
3,2.3,0.0740422830071026,136613.365003116,682241.312346114,38.6069607969371,9558684.14176857,6
3,2.4,0.111778990487577,83782.5167351275,657853.585631982,37.2268977721093,6965239.9707533,6
3,2.5,0.0889404534069323,109995.363239858,691838.91967922,39.1500742721083,8203726.81227042,6
3,2.6,0.0900549534067518,108382.515940071,691043.28585495,39.1050506077443,8127954.02360467,6
3,3.1,0,780123.878297419,520267.58841572,29.4411229962174,46621095.4679199,1
3,3.2,0,683256.766686629,341037.710087301,19.2987866101812,39545535.3422768,1
3,3.3,0,683256.766686629,341037.710087301,19.2987866101812,39545535.3422768,1
3,3.4,0,823011.961904135,587735.787566523,33.2590420704783,49119330.7805213,1
3,3.5,0,725033.115839758,450699.207579857,25.5043579498433,42206918.4597043,1
3,3.6,0,725033.115839758,450699.207579857,25.5043579498433,42206918.4597043,1
3,4.1,0.445368151590065,236939.49136397,299835.804908726,16.9672357216572,12200331.3923233,4
3,4.2,0.401275239315287,273596.42764241,307931.197742661,17.4253412454942,14191406.2778955,4
3,4.3,0.486181457781446,209475.568433902,184661.893401392,10.4497255593032,10267342.2609536,4
3,4.4,0.470406162612831,219469.731216014,285358.120239605,16.1479663600159,11231591.5974278,4
3,4.5,0.371764175377426,303532.26577002,303759.127432894,17.1892503609692,15825242.2245649,4
3,5.1,0.0947003937364444,471660.311334204,702589.342143342,39.7584237389496,36381336.5342979,4
3,5.2,0.0906411108127437,497250.094927593,930408.76617473,52.6503659494186,36435236.697475,4
3,5.3,0.0905634968620287,497763.557272719,909549.179018798,51.4699547825838,36728949.8124763,4
3,5.4,0.0906368780693866,497278.072542037,939895.116227707,53.1871835504253,36338395.2605481,4
3,6.1,0.780470400188721,103361.882823737,215400.82506973,12.1891932643272,5600252.16239948,3
3,6.2,0.667474364600756,139048.979690456,203754.261846122,11.5301326040358,7425114.54305731,3
3,6.3,0.510336334215633,214884.35542752,264662.66017731,14.9768428867802,11705204.558542,3
3,6.4,0.66111500314577,141392.619475811,336768.008282988,19.0571709132266,7870216.54380547,3
3,7.1,0,526464.34782159,181320.272152583,10.2606284785249,31474046.1167636,1
3,7.2,0,406263.417684388,322350.343750152,18.2412979965185,26599168.6264939,1
3,7.3,0,437613.511884491,243058.988346426,13.7543251407108,27581792.8756504,1
3,7.4,0,386735.327159437,476271.179882473,26.9514355664017,26504924.5456342,1
3,8.1,0,580489.824570962,187712.780677543,10.6223704627043,34798979.7136342,1
3,9.1,0,32675.189309979,1062686.51972438,60.135755580892,15598927.8535571,1
3,9.2,0,32675.189309979,1289715.0047175,72.9829397975386,18315484.6786574,1
3,9.3,0,32675.189309979,1221141.16108168,69.1024540441335,16257827.36485,1
3,9.4,0,32675.189309979,1221141.16108168,69.1024540441335,16257827.36485,1
3,10.1,0,37138.6710213001,1193693.77583242,67.5492497641808,13194324.6125828,1
3,10.2,0,37138.6710213001,1193693.77583242,67.5492497641808,13194324.6125828,1
3,10.3,0,29283.9341342999,1407657.5812786,79.657124352452,11215736.8636195,1
3,10.4,0,29283.9341342999,1402631.696936,79.3727174772399,11405186.5169233,1
3,11.1,0,107225.910227271,1488469.20882986,84.2301270134593,13286720.3788572,1
3,11.2,0,86664.0496442377,1509532.47838692,85.4220642464137,11530959.361898,1
3,11.3,0,108551.811839725,1486435.86627691,84.1150633625081,12700453.5402384,1
3,11.4,0,79872.1437284136,1517999.48157477,85.901198614599,11766689.791971,1
3,12.1,0,221499.20205718,204071.696479258,11.5480957297148,14556329.0004087,1
3,12.2,0,225265.545177089,166223.596674934,9.40633140242821,14780372.0459188,1
3,12.3,0,216903.208667375,188491.953487256,10.6664626241936,14301470.2240962,1
3,13.1,0,275057.651530205,1275915.13637058,72.2020269934748,17816657.1502342,1
3,13.2,0,222482.999775039,1377816.14191633,77.9684443227694,14286115.8807113,1
3,13.3,0,184005.187291588,1400167.31825131,79.2332621708155,12269319.124475,1
3,14.1,0.947095380734502,229248.85119949,259852.011828746,14.7046158773044,9204655.14461915,4
3,14.2,0.485282427434393,250636.612749679,631577.507884168,35.7399759379292,12596618.2262496,4
3,14.3,1.10265460401418,163449.245987096,255897.737082235,14.4808497005041,7502760.5373189,4
3,14.4,0.908771410336958,168158.143195423,601836.523888734,34.0569805191593,7439231.92512504,4
3,15.1,0.0181568382717203,153984.890672501,1547034.13904914,87.5442241285635,11457474.1667422,2
3,15.2,0.0238342108596666,111905.930590553,1566532.00034113,88.6475773745513,10275705.3851,2
3,15.3,0.0197787500173026,139317.667644331,1528817.28807703,86.5133612379752,11376280.1547336,2
3,15.4,0.0224482977331222,120081.396504019,1565912.00708537,88.6124929331865,10128955.5073461,2
3,15.5,0.0151239901372886,190540.008771896,1490055.79457934,84.3199094008973,13808175.782428,2
3,15.6,0.0170567521658431,165640.414954563,1524607.32899515,86.275126287541,11940865.0284581,2
3,15.7,0.0170567521658431,165640.414954563,1524607.32899515,86.275126287541,11940865.0284581,2
3,16.1,0,0,1670280.75844221,94.5185561092826,3381650.02675773,0
3,17.1,0.616044766484758,337489.921013851,441286.241622736,24.9716930391833,16972759.7751064,8
3,17.2,1.07462157200136,147451.009000863,381278.363318991,21.5759417657618,6655751.41711903,8
3,17.3,1.16381096944673,128327.627568758,373377.37735342,21.1288374202612,5791908.20972908,8
3,17.4,1.12988072469731,135279.017940882,273516.340430269,15.4778587007584,6291376.52324406,8
3,17.5,0.976290542912534,172420.180113777,403818.106526749,22.851430315997,7604747.20091491,8
3,17.6,0.933394060259985,184991.604525934,384263.509521624,21.7448664854066,8069266.23300571,8
3,18.1,0,231583.915107981,951254.131734683,53.8299723385471,18088689.0364412,1
3,18.2,0,165074.316645522,1174225.98574704,66.4475982003896,15025649.2528721,1
3,19.1,0,58926.9147243797,763590.14341086,43.2103629582534,13768515.2864901,1
3,19.2,0,58926.9147243797,763590.14341086,43.2103629582534,13768515.2864901,1
3,19.3,0,58926.9147243797,857469.218757232,48.5228318984388,17508509.1528632,1
3,20.1,0.00763568842004108,383162.609594001,1145295.10236326,64.8104450986847,24529337.6193226,5
3,20.2,0.00838064636918595,345229.114393694,992218.992054931,56.1481092320712,22608855.5518281,5
3,20.3,0.00795220677292378,366131.108971929,1046232.1966712,59.2046313678628,23834083.0464121,5
3,20.4,0.00837793405487269,345354.364943033,994229.155467242,56.2618612119794,22601613.9587457,5
3,21.1,0.0141281625197141,1048056.55238316,488086.549315594,27.6200487040864,61048701.2190356,3
3,21.2,0.0170553741520723,843848.77167201,656418.486976726,37.1456878006218,49573774.9119865,3
3,21.3,0.0139622992248979,1062366.3116137,498955.876089908,28.2351267784733,61208502.6281968,3
3,21.4,0.0146705366575258,1003660.98430485,539994.745855666,30.5574517498955,58200286.0013748,3
3,21.5,0.0146705366575258,1003660.98430485,539994.745855666,30.5574517498955,58200286.0013748,3
3,22.1,0.0601528307960702,245533.538375891,385049.111818354,21.7893224814347,17310666.239373,2
3,22.2,0.0601528307960702,245533.538375891,385049.111818354,21.7893224814347,17310666.239373,2
3,22.3,0.114208773147849,110412.568298259,1131440.0009968,64.0264067450809,12529399.7375224,2
3,22.4,0.0827187654292956,165734.168709512,793897.636372984,44.9254162267493,14140292.006778,2
3,22.5,0.00771989822625053,281383.227974117,313082.315723422,17.7168348949476,19108619.8675375,2
3,22.6,0.0816973070228488,168317.751868605,802766.514548448,45.4272920672133,14330100.2578973,2
3,23.1,0,436143.917486226,1181634.15900879,66.8668150515497,34656919.076728,1
3,23.2,0,428287.271162664,1177592.41371974,66.6380990545821,33209557.3375958,1
3,24.1,0,453775.999385343,670326.301294154,37.9327090970567,26075252.0962877,1
3,24.2,0,558174.815803742,793052.936591431,44.8776159971803,32242252.6510433,1
3,24.3,0,449954.255512924,562543.988117842,31.8334778366517,25909995.8712782,1
3,24.4,0,522183.807203648,772666.221001241,43.7239638871049,30061368.7478921,1
3,25.1,0.0540678279855994,641368.346841386,607073.151745517,34.3533130377512,41479490.8313245,6
3,25.2,0.0540678279855994,641368.346841386,607073.151745517,34.3533130377512,41479490.8313245,6
3,25.3,0.0537996773879238,645166.881726972,623754.488774725,35.2972836139576,42521842.028087,6
3,25.4,0.0569489223793432,602977.521910818,792664.88447729,44.8556567395296,38211375.9833468,6
3,25.5,0.0569489223793432,602977.521910818,792664.88447729,44.8556567395296,38211375.9833468,6
3,25.6,0.0581022839295137,588754.815094197,805375.768231725,45.5749456215153,37528142.4604241,6
3,25.7,0.0581022839295137,588754.815094197,805375.768231725,45.5749456215153,37528142.4604241,6
3,26.1,0.487099352069988,442747.756975768,723902.522685649,40.9645030407516,20726772.4921556,3
3,26.2,0.491204375587204,436643.538382431,896731.671492066,50.7446322293404,20557049.9561716,3
3,26.3,0.49866397363938,425822.199100934,964835.680227361,54.5985307660856,20195164.2094705,3
3,26.4,0.479357490193836,454561.685086818,955848.784285981,54.0899764862196,21740513.8296678,3
3,26.5,0.486342411543457,443885.242776833,959983.57647335,54.3239578605405,21157133.2462444,3
3,26.6,0.479312307087093,454631.823838586,940042.134244224,53.1955030683105,21740665.427611,3
3,27.1,0,353014.837620028,734627.19790967,41.5713955118478,28997735.5673423,1
3,27.2,0,377274.699252994,769492.735581934,43.5443813479714,30984110.4009317,1
3,27.3,0,356164.916787128,824752.29796503,46.67143290579,29978875.1216733,1
3,27.4,0,356164.916787128,824752.29796503,46.67143290579,29978875.1216733,1
4,1.1,0.438097771711152,462193.175075766,389186.259731613,22.0234371625715,24022142.3151923,5
4,1.2,0.47120939936226,439251.625617915,287665.247815527,16.2785230739897,20195036.4093937,5
4,1.3,0.47169838745279,438652.859576264,289159.711807857,16.363092436355,20165808.8961424,5
4,1.4,0.438737734072075,482301.28788867,239845.880026752,13.5725004040829,22239336.28995,5
4,2.1,0.0894461644917915,109258.169418153,685842.501108926,38.8107463943091,6640802.13410102,6
4,2.2,0.120349215162092,76685.3578158063,659024.450930703,37.2931551943266,5205453.52442647,6
4,2.3,0.0740422830071026,136613.365003116,682241.312346114,38.6069607969371,7777314.29560259,6
4,2.4,0.111778990487577,83782.5167351275,657853.585631982,37.2268977721093,5554853.64145878,6
4,2.5,0.0889404534069323,109995.363239858,691838.91967922,39.1500742721083,6623031.07385446,6
4,2.6,0.0900549534067518,108382.515940071,691043.28585495,39.1050506077443,6557614.73094936,6
4,3.1,0,780123.878297419,520267.58841572,29.4411229962174,38770847.2755942,1
4,3.2,0,683256.766686629,341037.710087301,19.2987866101812,33036663.6737775,1
4,3.3,0,683256.766686629,341037.710087301,19.2987866101812,33036663.6737775,1
4,3.4,0,823011.961904135,587735.787566523,33.2590420704783,40855972.9264959,1
4,3.5,0,725033.115839758,450699.207579857,25.5043579498433,35230706.6997477,1
4,3.6,0,725033.115839758,450699.207579857,25.5043579498433,35230706.6997477,1
4,4.1,0.445368151590065,236939.49136397,299835.804908726,16.9672357216572,10179557.4777005,4
4,4.2,0.401275239315287,273596.42764241,307931.197742661,17.4253412454942,11858629.4082009,4
4,4.3,0.486181457781446,209475.568433902,184661.893401392,10.4497255593032,8606052.92126072,4
4,4.4,0.470406162612831,219469.731216014,285358.120239605,16.1479663600159,9365164.70831144,4
4,4.5,0.371764175377426,303532.26577002,303759.127432894,17.1892503609692,13235438.2720665,4
4,5.1,0.0947003937364444,471660.311334204,702589.342143342,39.7584237389496,29240211.6429593,4
4,5.2,0.0906411108127437,497250.094927593,930408.76617473,52.6503659494186,29456995.0118462,4
4,5.3,0.0905634968620287,497763.557272719,909549.179018798,51.4699547825838,29670594.8585072,4
4,5.4,0.0906368780693866,497278.072542037,939895.116227707,53.1871835504253,29387942.1470754,4
4,6.1,0.780470400188721,103361.882823737,215400.82506973,12.1891932643272,4483159.46914473,3
4,6.2,0.667474364600756,139048.979690456,203754.261846122,11.5301326040358,6036623.71655418,3
4,6.3,0.510336334215633,214884.35542752,264662.66017731,14.9768428867802,9625376.76049814,3
4,6.4,0.66111500314577,141392.619475811,336768.008282988,19.0571709132266,6371223.96364446,3
4,7.1,0,526464.34782159,181320.272152583,10.2606284785249,26172928.2322022,1
4,7.2,0,406263.417684388,322350.343750152,18.2412979965185,21849843.7748165,1
4,7.3,0,437613.511884491,243058.988346426,13.7543251407108,22770845.9468687,1
4,7.4,0,386735.327159437,476271.179882473,26.9514355664017,21646433.6667358,1
4,8.1,0,580489.824570962,187712.780677543,10.6223704627043,28926770.9678453,1
4,9.1,0,32675.189309979,1062686.51972438,60.135755580892,11381811.2750651,1
4,9.2,0,32675.189309979,1289715.0047175,72.9829397975386,13324320.8214365,1
4,9.3,0,32675.189309979,1221141.16108168,69.1024540441335,11852966.0026084,1
4,9.4,0,32675.189309979,1221141.16108168,69.1024540441335,11852966.0026084,1
4,10.1,0,37138.6710213001,1193693.77583242,67.5492497641808,9693457.85999238,1
4,10.2,0,37138.6710213001,1193693.77583242,67.5492497641808,9693457.85999238,1
4,10.3,0,29283.9341342999,1407657.5812786,79.657124352452,8223931.91532515,1
4,10.4,0,29283.9341342999,1402631.696936,79.3727174772399,8359400.37182831,1
4,11.1,0,107225.910227271,1488469.20882986,84.2301270134593,10247707.5875018,1
4,11.2,0,86664.0496442377,1509532.47838692,85.4220642464137,8849007.47518533,1
4,11.3,0,108551.811839725,1486435.86627691,84.1150633625081,9837725.14966747,1
4,11.4,0,79872.1437284136,1517999.48157477,85.901198614599,8970261.72447806,1
4,12.1,0,221499.20205718,204071.696479258,11.5480957297148,11951509.3373547,1
4,12.2,0,225265.545177089,166223.596674934,9.40633140242821,12137948.0842524,1
4,12.3,0,216903.208667375,188491.953487256,10.6664626241936,11737256.6084611,1
4,13.1,0,275057.651530205,1275915.13637058,72.2020269934748,14655902.1014549,1
4,13.2,0,222482.999775039,1377816.14191633,77.9684443227694,11765142.3843633,1
4,13.3,0,184005.187291588,1400167.31825131,79.2332621708155,10054994.6850805,1
4,14.1,0.947095380734502,229248.85119949,259852.011828746,14.7046158773044,7582669.74444413,4
4,14.2,0.485282427434393,250636.612749679,631577.507884168,35.7399759379292,10510946.8393981,4
4,14.3,1.10265460401418,163449.245987096,255897.737082235,14.4808497005041,5891880.56179103,4
4,14.4,0.908771410336958,168158.143195423,601836.523888734,34.0569805191593,6098463.03388698,4
4,15.1,0.0181568382717203,153984.890672501,1547034.13904914,87.5442241285635,9262569.09979514,2
4,15.2,0.0238342108596666,111905.930590553,1566532.00034113,88.6475773745513,8124435.90276155,2
4,15.3,0.0197787500173026,139317.667644331,1528817.28807703,86.5133612379752,9102348.17271659,2
4,15.4,0.0224482977331222,120081.396504019,1565912.00708537,88.6124929331865,8076445.31850895,2
4,15.5,0.0151239901372886,190540.008771896,1490055.79457934,84.3199094008973,11198087.6375265,2
4,15.6,0.0170567521658431,165640.414954563,1524607.32899515,86.275126287541,9689408.67015864,2
4,15.7,0.0170567521658431,165640.414954563,1524607.32899515,86.275126287541,9689408.67015864,2
4,16.1,0,0,1670280.75844221,94.5185561092826,2418093.15335098,0
4,17.1,0.616044766484758,337489.921013851,441286.241622736,24.9716930391833,14059495.1815604,8
4,17.2,1.07462157200136,147451.009000863,381278.363318991,21.5759417657618,5358498.98770255,8
4,17.3,1.16381096944673,128327.627568758,373377.37735342,21.1288374202612,4607595.87536287,8
4,17.4,1.12988072469731,135279.017940882,273516.340430269,15.4778587007584,5013165.98149853,8
4,17.5,0.976290542912534,172420.180113777,403818.106526749,22.851430315997,6211009.43414787,8
4,17.6,0.933394060259985,184991.604525934,384263.509521624,21.7448664854066,6630734.00443919,8
4,18.1,0,231583.915107981,951254.131734683,53.8299723385471,14547613.0367,1
4,18.2,0,165074.316645522,1174225.98574704,66.4475982003896,11894084.8446496,1
4,19.1,0,58926.9147243797,763590.14341086,43.2103629582534,10255802.7853951,1
4,19.2,0,58926.9147243797,763590.14341086,43.2103629582534,10255802.7853951,1
4,19.3,0,58926.9147243797,857469.218757232,48.5228318984388,12930134.3957902,1
4,20.1,0.00763568842004108,383162.609594001,1145295.10236326,64.8104450986847,20207533.578739,5
4,20.2,0.00838064636918595,345229.114393694,992218.992054931,56.1481092320712,18570048.3102807,5
4,20.3,0.00795220677292378,366131.108971929,1046232.1966712,59.2046313678628,19591752.6234716,5
4,20.4,0.00837793405487269,345354.364943033,994229.155467242,56.2618612119794,18565742.5259984,5
4,21.1,0.0141281625197141,1048056.55238316,488086.549315594,27.6200487040864,50942894.9961317,3
4,21.2,0.0170553741520723,843848.77167201,656418.486976726,37.1456878006218,41315223.521859,3
4,21.3,0.0139622992248979,1062366.3116137,498955.876089908,28.2351267784733,51156835.3181464,3
4,21.4,0.0146705366575258,1003660.98430485,539994.745855666,30.5574517498955,48596868.4859743,3
4,21.5,0.0146705366575258,1003660.98430485,539994.745855666,30.5574517498955,48596868.4859743,3
4,22.1,0.0601528307960702,245533.538375891,385049.111818354,21.7893224814347,14066656.7491744,2
4,22.2,0.0601528307960702,245533.538375891,385049.111818354,21.7893224814347,14066656.7491744,2
4,22.3,0.114208773147849,110412.568298259,1131440.0009968,64.0264067450809,9706587.01646702,2
4,22.4,0.0827187654292956,165734.168709512,793897.636372984,44.9254162267493,11243809.9780454,2
4,22.5,0.00771989822625053,281383.227974117,313082.315723422,17.7168348949476,15621570.8290556,2
4,22.6,0.0816973070228488,168317.751868605,802766.514548448,45.4272920672133,11397530.3703336,2
4,23.1,0,436143.917486226,1181634.15900879,66.8668150515497,27819771.4118916,1
4,23.2,0,428287.271162664,1177592.41371974,66.6380990545821,26730092.2850846,1
4,24.1,0,453775.999385343,670326.301294154,37.9327090970567,21806151.3252773,1
4,24.2,0,558174.815803742,793052.936591431,44.8776159971803,26943118.3314391,1
4,24.3,0,449954.255512924,562543.988117842,31.8334778366517,21661362.979861,1
4,24.4,0,522183.807203648,772666.221001241,43.7239638871049,25132959.3839968,1
4,25.1,0.0540678279855994,641368.346841386,607073.151745517,34.3533130377512,34038306.2441915,6
4,25.2,0.0540678279855994,641368.346841386,607073.151745517,34.3533130377512,34038306.2441915,6
4,25.3,0.0537996773879238,645166.881726972,623754.488774725,35.2972836139576,34810111.1813392,6
4,25.4,0.0569489223793432,602977.521910818,792664.88447729,44.8556567395296,31433993.0475924,6
4,25.5,0.0569489223793432,602977.521910818,792664.88447729,44.8556567395296,31433993.0475924,6
4,25.6,0.0581022839295137,588754.815094197,805375.768231725,45.5749456215153,30846372.0843536,6
4,25.7,0.0581022839295137,588754.815094197,805375.768231725,45.5749456215153,30846372.0843536,6
4,26.1,0.487099352069988,442747.756975768,723902.522685649,40.9645030407516,17366134.8993093,3
4,26.2,0.491204375587204,436643.538382431,896731.671492066,50.7446322293404,17202254.6643874,3
4,26.3,0.49866397363938,425822.199100934,964835.680227361,54.5985307660856,16868109.2941951,3
4,26.4,0.479357490193836,454561.685086818,955848.784285981,54.0899764862196,18173311.8606485,3
4,26.5,0.486342411543457,443885.242776833,959983.57647335,54.3239578605405,17681792.9613212,3
4,26.6,0.479312307087093,454631.823838586,940042.134244224,53.1955030683105,18173908.8024703,3
4,27.1,0,353014.837620028,734627.19790967,41.5713955118478,23194076.4238066,1
4,27.2,0,377274.699252994,769492.735581934,43.5443813479714,24783437.773751,1
4,27.3,0,356164.916787128,824752.29796503,46.67143290579,23917594.4644386,1
4,27.4,0,356164.916787128,824752.29796503,46.67143290579,23917594.4644386,1
