"period","month","SITE","crop.shandiv","area_crop","area_natural","pct.natural","total.flowers","crop.rich"
"APR",4,"BLI",1.15157270388954,1491077.48045781,60361.5674910048,3.41576598718879,17702545.5137836,5
"APR",4,"BORE",1.75652646723816,1700573.08986026,34240.8436770295,1.93763538731951,34502583.5635952,7
"APR",4,"BORW",1.47851246407791,1686331.86293147,959.997689533729,0.0543247564963881,58734033.8062282,7
"APR",4,"BUZ",0,0,1708599.46635761,96.6869514079961,26545188.1780241,0
"APR",4,"CCNP",1.39049802438358,477943.664452581,1144557.8873144,64.7687272607658,19424335.2443904,5
"APR",4,"CRPL",0,0,1766338.52329466,99.9543136554609,19903528.9984621,0
"APR",4,"DAV",1.71918448874995,1488347.59661948,153595.543941517,8.69172979739766,24852691.1893918,8
"APR",4,"EAT",1.19999555443261,1336108.25149741,577.467110323275,0.0326779538065572,6493521.65376744,5
"APR",4,"ECK",0.915762916975732,1595429.45001396,126769.561484168,7.17368972223904,57986581.2779352,4
"APR",4,"EH",1.45726554877145,1689784.48034113,0,0,8555811.64050973,5
"APR",4,"EVE",0.894657770629705,1522925.37169052,1669.09391192328,0.094451394334997,75920239.1529876,5
"APR",4,"FUL4",1.22608964766088,681357.527032319,876466.75487971,49.597872531491,37352189.1598436,4
"APR",4,"FUL45",1.32926078128586,677314.270989086,971440.545066455,54.9722896594529,40158454.0877244,4
"APR",4,"GOO",1.01485759332664,692400.095036737,738589.448440845,41.795613025734,26226737.5582824,3
"APR",4,"HAT1485",1.40044046796027,1766338.52337972,0,0,12335977.198333,5
"APR",4,"HATCAP",1.39673647558155,727316.170208753,978497.140021428,55.3716112482463,25551440.3249745,7
"APR",4,"HOLH",1.4217210693061,1114320.09414277,476747.91457359,26.9784132313385,15834682.5064385,5
"APR",4,"JOH",0.810140711333892,1376924.78891269,146572.66242223,8.29431599880446,64355526.6936337,4
"APR",4,"MCNE",1.03467871433175,1566516.50174766,160387.618658606,9.07608260275738,61039193.196022,3
"APR",4,"MCNW",1.50771625279869,1396537.08709588,133854.82462218,7.57463359833553,37874797.78469,6
"APR",4,"MEE",1.48257446868378,1236384.39374181,0,0,2972210.60651697,6
"APR",4,"MUR70",0,337.18682199289,1763931.67235774,99.8181137536314,32026548.0147897,1
"APR",4,"PAC",1.23314832129426,1611712.75727295,0,0,15034214.8200422,4
"APR",4,"PER",1.03019418128359,213171.370626087,1515727.24268043,85.7726161961385,34711603.435539,4
"APR",4,"PIL",0.711038158890263,983542.669815785,635640.246423387,35.9698799098426,20876371.5665194,3
"APR",4,"PUT2",0,959.997689533729,1743229.25499305,98.6465965776166,22883554.746976,1
"APR",4,"PUT5",0,9401.02418431519,1471858.87577953,83.2901744405308,25358289.7568912,1
"APR",4,"RIV63",1.03131556775399,635830.200522519,775533.218089742,43.8862027345591,32234877.4220708,3
"APR",4,"ROM",1.02023985409882,1633380.4930498,78696.1359771624,4.45329032639905,9114922.31774379,4
"APR",4,"SAG",1.36118731308083,1597757.42595341,0,0,2672833.18951872,5
"APR",4,"SET",0.981596215635448,1275691.32118205,329391.738512284,18.6397594303513,11986480.3209836,3
"APR",4,"TER",0.888526748292537,412446.201707599,890772.269243909,50.407399046881,31844737.3335244,3
"APR",4,"TER2",0.899952913339156,799097.81101209,482337.458469098,27.2947167124404,52363579.8782924,4
"APR",4,"TOM",1.11923947890961,322892.940357597,1385806.83996507,78.4206253336887,32464814.7027066,4
"APR",4,"WIN",1.03032463565655,659504.141716124,868305.399425707,49.1360342869276,41336858.8404107,3
"JUL",7,"BLI",1.15157270388954,1491077.48045781,60361.5674910048,3.41576598718879,1605448.99231104,5
"JUL",7,"BORE",1.75652646723816,1700573.08986026,34240.8436770295,1.93763538731951,3461509.09626993,7
"JUL",7,"BORW",1.47851246407791,1686331.86293147,959.997689533729,0.0543247564963881,5568284.52662777,7
"JUL",7,"BUZ",0,0,1708599.46635761,96.6869514079961,798785.712823264,0
"JUL",7,"CCNP",1.39049802438358,477943.664452581,1144557.8873144,64.7687272607658,4723926.28246487,5
"JUL",7,"CRPL",0,0,1766338.52329466,99.9543136554609,2581971.16137462,0
"JUL",7,"DAV",1.71918448874995,1488347.59661948,153595.543941517,8.69172979739766,5783127.23370138,8
"JUL",7,"EAT",1.19999555443261,1336108.25149741,577.467110323275,0.0326779538065572,1745376.69017584,5
"JUL",7,"ECK",0.915762916975732,1595429.45001396,126769.561484168,7.17368972223904,3619680.20952948,4
"JUL",7,"EH",1.45726554877145,1689784.48034113,0,0,4975467.42880828,5
"JUL",7,"EVE",0.894657770629705,1522925.37169052,1669.09391192328,0.094451394334997,7304263.45144444,5
"JUL",7,"FUL4",1.22608964766088,681357.527032319,876466.75487971,49.597872531491,5898055.60638397,4
"JUL",7,"FUL45",1.32926078128586,677314.270989086,971440.545066455,54.9722896594529,4849910.46310703,4
"JUL",7,"GOO",1.01485759332664,692400.095036737,738589.448440845,41.795613025734,5646640.30620921,3
"JUL",7,"HAT1485",1.40044046796027,1766338.52337972,0,0,7523494.43082839,5
"JUL",7,"HATCAP",1.39673647558155,727316.170208753,978497.140021428,55.3716112482463,3654136.46055049,7
"JUL",7,"HOLH",1.4217210693061,1114320.09414277,476747.91457359,26.9784132313385,4128477.74020877,5
"JUL",7,"JOH",0.810140711333892,1376924.78891269,146572.66242223,8.29431599880446,7328913.82742826,4
"JUL",7,"MCNE",1.03467871433175,1566516.50174766,160387.618658606,9.07608260275738,7283717.00036529,3
"JUL",7,"MCNW",1.50771625279869,1396537.08709588,133854.82462218,7.57463359833553,3593848.80574895,6
"JUL",7,"MEE",1.48257446868378,1236384.39374181,0,0,3021757.25967156,6
"JUL",7,"MUR70",0,337.18682199289,1763931.67235774,99.8181137536314,800488.190655446,1
"JUL",7,"PAC",1.23314832129426,1611712.75727295,0,0,3429324.34003861,4
"JUL",7,"PER",1.03019418128359,213171.370626087,1515727.24268043,85.7726161961385,1613163.06550264,4
"JUL",7,"PIL",0.711038158890263,983542.669815785,635640.246423387,35.9698799098426,4424839.21626776,3
"JUL",7,"PUT2",0,959.997689533729,1743229.25499305,98.6465965776166,1200240.4557236,1
"JUL",7,"PUT5",0,9401.02418431519,1471858.87577953,83.2901744405308,2362630.87146007,1
"JUL",7,"RIV63",1.03131556775399,635830.200522519,775533.218089742,43.8862027345591,6847727.5635628,3
"JUL",7,"ROM",1.02023985409882,1633380.4930498,78696.1359771624,4.45329032639905,1955302.97626335,4
"JUL",7,"SAG",1.36118731308083,1597757.42595341,0,0,2077484.9644368,5
"JUL",7,"SET",0.981596215635448,1275691.32118205,329391.738512284,18.6397594303513,4999939.72297302,3
"JUL",7,"TER",0.888526748292537,412446.201707599,890772.269243909,50.407399046881,4051561.50023591,3
"JUL",7,"TER2",0.899952913339156,799097.81101209,482337.458469098,27.2947167124404,5000560.88765521,4
"JUL",7,"TOM",1.11923947890961,322892.940357597,1385806.83996507,78.4206253336887,5486843.80312288,4
"JUL",7,"WIN",1.03032463565655,659504.141716124,868305.399425707,49.1360342869276,5392589.91339622,3
"JUN",6,"BLI",1.15157270388954,1491077.48045781,60361.5674910048,3.41576598718879,10360923.1154853,5
"JUN",6,"BORE",1.75652646723816,1700573.08986026,34240.8436770295,1.93763538731951,23796049.0465711,7
"JUN",6,"BORW",1.47851246407791,1686331.86293147,959.997689533729,0.0543247564963881,28702034.8955133,7
"JUN",6,"BUZ",0,0,1708599.46635761,96.6869514079961,2476692.05254074,0
"JUN",6,"CCNP",1.39049802438358,477943.664452581,1144557.8873144,64.7687272607658,6689800.6727834,5
"JUN",6,"CRPL",0,0,1766338.52329466,99.9543136554609,8552785.11898048,0
"JUN",6,"DAV",1.71918448874995,1488347.59661948,153595.543941517,8.69172979739766,18528724.1319411,8
"JUN",6,"EAT",1.19999555443261,1336108.25149741,577.467110323275,0.0326779538065572,3153844.75103506,5
"JUN",6,"ECK",0.915762916975732,1595429.45001396,126769.561484168,7.17368972223904,1855103.50487414,4
"JUN",6,"EH",1.45726554877145,1689784.48034113,0,0,6753251.69106692,5
"JUN",6,"EVE",0.894657770629705,1522925.37169052,1669.09391192328,0.094451394334997,96276059.4446577,5
"JUN",6,"FUL4",1.22608964766088,681357.527032319,876466.75487971,49.597872531491,79067827.7165643,4
"JUN",6,"FUL45",1.32926078128586,677314.270989086,971440.545066455,54.9722896594529,45341798.5838516,4
"JUN",6,"GOO",1.01485759332664,692400.095036737,738589.448440845,41.795613025734,100065920.723527,3
"JUN",6,"HAT1485",1.40044046796027,1766338.52337972,0,0,7258581.45611572,5
"JUN",6,"HATCAP",1.39673647558155,727316.170208753,978497.140021428,55.3716112482463,28159936.7710807,7
"JUN",6,"HOLH",1.4217210693061,1114320.09414277,476747.91457359,26.9784132313385,35449716.5121116,5
"JUN",6,"JOH",0.810140711333892,1376924.78891269,146572.66242223,8.29431599880446,158728054.554237,4
"JUN",6,"MCNE",1.03467871433175,1566516.50174766,160387.618658606,9.07608260275738,156239198.380731,3
"JUN",6,"MCNW",1.50771625279869,1396537.08709588,133854.82462218,7.57463359833553,33451585.6834927,6
"JUN",6,"MEE",1.48257446868378,1236384.39374181,0,0,19105949.3235006,6
"JUN",6,"MUR70",0,337.18682199289,1763931.67235774,99.8181137536314,1811688.30357124,1
"JUN",6,"PAC",1.23314832129426,1611712.75727295,0,0,8445810.7204729,4
"JUN",6,"PER",1.03019418128359,213171.370626087,1515727.24268043,85.7726161961385,37860713.7365663,4
"JUN",6,"PIL",0.711038158890263,983542.669815785,635640.246423387,35.9698799098426,3611781.8301362,3
"JUN",6,"PUT2",0,959.997689533729,1743229.25499305,98.6465965776166,3609978.50985542,1
"JUN",6,"PUT5",0,9401.02418431519,1471858.87577953,83.2901744405308,5910551.07595773,1
"JUN",6,"RIV63",1.03131556775399,635830.200522519,775533.218089742,43.8862027345591,53150439.3491092,3
"JUN",6,"ROM",1.02023985409882,1633380.4930498,78696.1359771624,4.45329032639905,3940072.97448708,4
"JUN",6,"SAG",1.36118731308083,1597757.42595341,0,0,4753818.27097926,5
"JUN",6,"SET",0.981596215635448,1275691.32118205,329391.738512284,18.6397594303513,7685340.95356589,3
"JUN",6,"TER",0.888526748292537,412446.201707599,890772.269243909,50.407399046881,48923908.1124721,3
"JUN",6,"TER2",0.899952913339156,799097.81101209,482337.458469098,27.2947167124404,22027767.2182895,4
"JUN",6,"TOM",1.11923947890961,322892.940357597,1385806.83996507,78.4206253336887,45694557.6671578,4
"JUN",6,"WIN",1.03032463565655,659504.141716124,868305.399425707,49.1360342869276,67665844.3958666,3
"MAR",3,"BLI",1.15157270388954,1491077.48045781,60361.5674910048,3.41576598718879,2253558.20460805,5
"MAR",3,"BORE",1.75652646723816,1700573.08986026,34240.8436770295,1.93763538731951,8157482.09339674,7
"MAR",3,"BORW",1.47851246407791,1686331.86293147,959.997689533729,0.0543247564963881,4048195.31105787,7
"MAR",3,"BUZ",0,0,1708599.46635761,96.6869514079961,28582210.6846826,0
"MAR",3,"CCNP",1.39049802438358,477943.664452581,1144557.8873144,64.7687272607658,21013166.0567579,5
"MAR",3,"CRPL",0,0,1766338.52329466,99.9543136554609,41337837.7021561,0
"MAR",3,"DAV",1.71918448874995,1488347.59661948,153595.543941517,8.69172979739766,21710199.4009938,8
"MAR",3,"EAT",1.19999555443261,1336108.25149741,577.467110323275,0.0326779538065572,7451398.06794998,5
"MAR",3,"ECK",0.915762916975732,1595429.45001396,126769.561484168,7.17368972223904,3304369.05423607,4
"MAR",3,"EH",1.45726554877145,1689784.48034113,0,0,15867942.4963687,5
"MAR",3,"EVE",0.894657770629705,1522925.37169052,1669.09391192328,0.094451394334997,13211367.8038294,5
"MAR",3,"FUL4",1.22608964766088,681357.527032319,876466.75487971,49.597872531491,24492937.1081519,4
"MAR",3,"FUL45",1.32926078128586,677314.270989086,971440.545066455,54.9722896594529,21940135.4986719,4
"MAR",3,"GOO",1.01485759332664,692400.095036737,738589.448440845,41.795613025734,20694113.2321671,3
"MAR",3,"HAT1485",1.40044046796027,1766338.52337972,0,0,24784132.9620914,5
"MAR",3,"HATCAP",1.39673647558155,727316.170208753,978497.140021428,55.3716112482463,19087901.0543572,7
"MAR",3,"HOLH",1.4217210693061,1114320.09414277,476747.91457359,26.9784132313385,16499244.2550207,5
"MAR",3,"JOH",0.810140711333892,1376924.78891269,146572.66242223,8.29431599880446,16572322.1336659,4
"MAR",3,"MCNE",1.03467871433175,1566516.50174766,160387.618658606,9.07608260275738,17815060.3532247,3
"MAR",3,"MCNW",1.50771625279869,1396537.08709588,133854.82462218,7.57463359833553,8657271.59115216,6
"MAR",3,"MEE",1.48257446868378,1236384.39374181,0,0,1901912.78062911,6
"MAR",3,"MUR70",0,337.18682199289,1763931.67235774,99.8181137536314,18702385.957313,1
"MAR",3,"PAC",1.23314832129426,1611712.75727295,0,0,13526998.8367531,4
"MAR",3,"PER",1.03019418128359,213171.370626087,1515727.24268043,85.7726161961385,13981684.9486146,4
"MAR",3,"PIL",0.711038158890263,983542.669815785,635640.246423387,35.9698799098426,20229121.1800608,3
"MAR",3,"PUT2",0,959.997689533729,1743229.25499305,98.6465965776166,35368547.5420276,1
"MAR",3,"PUT5",0,9401.02418431519,1471858.87577953,83.2901744405308,22313795.9521752,1
"MAR",3,"RIV63",1.03131556775399,635830.200522519,775533.218089742,43.8862027345591,31962505.3893484,3
"MAR",3,"ROM",1.02023985409882,1633380.4930498,78696.1359771624,4.45329032639905,624964.194950544,4
"MAR",3,"SAG",1.36118731308083,1597757.42595341,0,0,5611.80467379528,5
"MAR",3,"SET",0.981596215635448,1275691.32118205,329391.738512284,18.6397594303513,26004301.5552172,3
"MAR",3,"TER",0.888526748292537,412446.201707599,890772.269243909,50.407399046881,21844577.26924,3
"MAR",3,"TER2",0.899952913339156,799097.81101209,482337.458469098,27.2947167124404,14408866.8959311,4
"MAR",3,"TOM",1.11923947890961,322892.940357597,1385806.83996507,78.4206253336887,31173098.3276701,4
"MAR",3,"WIN",1.03032463565655,659504.141716124,868305.399425707,49.1360342869276,22959624.1072909,3
"MAY",5,"BLI",1.15157270388954,1491077.48045781,60361.5674910048,3.41576598718879,5144159.1382728,5
"MAY",5,"BORE",1.75652646723816,1700573.08986026,34240.8436770295,1.93763538731951,8428915.24324751,7
"MAY",5,"BORW",1.47851246407791,1686331.86293147,959.997689533729,0.0543247564963881,11114273.6212403,7
"MAY",5,"BUZ",0,0,1708599.46635761,96.6869514079961,16257513.318334,0
"MAY",5,"CCNP",1.39049802438358,477943.664452581,1144557.8873144,64.7687272607658,11852479.400245,5
"MAY",5,"CRPL",0,0,1766338.52329466,99.9543136554609,27468319.7875431,0
"MAY",5,"DAV",1.71918448874995,1488347.59661948,153595.543941517,8.69172979739766,9014147.45825301,8
"MAY",5,"EAT",1.19999555443261,1336108.25149741,577.467110323275,0.0326779538065572,4705585.5164866,5
"MAY",5,"ECK",0.915762916975732,1595429.45001396,126769.561484168,7.17368972223904,11360297.8355475,4
"MAY",5,"EH",1.45726554877145,1689784.48034113,0,0,7442628.03535423,5
"MAY",5,"EVE",0.894657770629705,1522925.37169052,1669.09391192328,0.094451394334997,13181718.3993488,5
"MAY",5,"FUL4",1.22608964766088,681357.527032319,876466.75487971,49.597872531491,11666741.6147394,4
"MAY",5,"FUL45",1.32926078128586,677314.270989086,971440.545066455,54.9722896594529,11905331.1325376,4
"MAY",5,"GOO",1.01485759332664,692400.095036737,738589.448440845,41.795613025734,5776612.25093954,3
"MAY",5,"HAT1485",1.40044046796027,1766338.52337972,0,0,9908073.36492801,5
"MAY",5,"HATCAP",1.39673647558155,727316.170208753,978497.140021428,55.3716112482463,13173818.8132715,7
"MAY",5,"HOLH",1.4217210693061,1114320.09414277,476747.91457359,26.9784132313385,7159338.28970995,5
"MAY",5,"JOH",0.810140711333892,1376924.78891269,146572.66242223,8.29431599880446,11640592.0457208,4
"MAY",5,"MCNE",1.03467871433175,1566516.50174766,160387.618658606,9.07608260275738,11587376.4656561,3
"MAY",5,"MCNW",1.50771625279869,1396537.08709588,133854.82462218,7.57463359833553,9162550.12997373,6
"MAY",5,"MEE",1.48257446868378,1236384.39374181,0,0,2294587.65556514,6
"MAY",5,"MUR70",0,337.18682199289,1763931.67235774,99.8181137536314,12470941.4079917,1
"MAY",5,"PAC",1.23314832129426,1611712.75727295,0,0,7431475.88543325,4
"MAY",5,"PER",1.03019418128359,213171.370626087,1515727.24268043,85.7726161961385,9909067.26341456,4
"MAY",5,"PIL",0.711038158890263,983542.669815785,635640.246423387,35.9698799098426,8784478.9213819,3
"MAY",5,"PUT2",0,959.997689533729,1743229.25499305,98.6465965776166,17253800.1757738,1
"MAY",5,"PUT5",0,9401.02418431519,1471858.87577953,83.2901744405308,19450363.4061767,1
"MAY",5,"RIV63",1.03131556775399,635830.200522519,775533.218089742,43.8862027345591,19636748.6958519,3
"MAY",5,"ROM",1.02023985409882,1633380.4930498,78696.1359771624,4.45329032639905,2067372.09394235,4
"MAY",5,"SAG",1.36118731308083,1597757.42595341,0,0,3764611.95781962,5
"MAY",5,"SET",0.981596215635448,1275691.32118205,329391.738512284,18.6397594303513,11599938.5797354,3
"MAY",5,"TER",0.888526748292537,412446.201707599,890772.269243909,50.407399046881,14389438.0592717,3
"MAY",5,"TER2",0.899952913339156,799097.81101209,482337.458469098,27.2947167124404,11531118.5875596,4
"MAY",5,"TOM",1.11923947890961,322892.940357597,1385806.83996507,78.4206253336887,28008625.0993462,4
"MAY",5,"WIN",1.03032463565655,659504.141716124,868305.399425707,49.1360342869276,13598445.1184809,3
