"landscape","mfc.flower","log.av.flow.cov","round"
"L8","no",1.72230478687433,1
"L8","yes",1.60954105281728,2
"L8","yes",0.0266694283375187,3
"L8","yes",0.262846442039847,4
"L8","yes",0.651923805168296,5
"L8","yes",0.473243599656461,6
"L8","yes",-0.241592807812114,7
"L8","yes",-0.285390861356806,8
"L3","no",1.72946178011813,1
"L3","no",1.5066403055665,2
"L3","no",1.58282063334229,3
"L3","no",1.13914415056205,4
"L3","no",1.07273993375228,5
"L3","no",0.636487896353365,6
"L3","no",-0.234083206033368,7
"L3","no",-0.823908740944319,8
"L11","no",0.670658092765165,1
"L11","yes",0.78358599645646,2
"L11","yes",0.124214308613968,3
"L11","yes",0.383416381586817,4
"L11","yes",1.09540184312998,5
"L11","yes",0.133183947596961,6
"L11","yes",-0.411417082480145,7
"L11","yes",-0.407699845961194,8
"L21","no",0.772566173085639,1
"L21","yes",0.682245386914041,2
"L21","yes",0.390346233139389,3
"L21","no",0.254198846999243,4
"L21","no",0.230448921378274,5
"L21","no",0.45178643552429,6
"L21","yes",-0.268500770837061,7
"L21","yes",-0.42919770240248,8
"L10","no",1.28936595152003,1
"L10","yes",1.24341014165371,2
"L10","yes",0.758911892397974,3
"L10","yes",1.36748016490668,4
"L10","no",1.50832767454712,5
"L10","yes",0.882714227620226,6
"L10","yes",-0.542622803476095,7
"L10","yes",-0.795880017344075,8
"L4","no",1.20124535270196,1
"L4","no",0.164022216650154,2
"L4","no",0.20682587603185,3
"L4","no",0.662600450095542,4
"L4","no",0.285557309007774,5
"L4","no",-0.200659450546418,6
"L4","no",-0.0757207139381183,7
"L4","no",-0.215858385927169,8
"L15","no",0.218360421770535,1
"L15","no",0.866352987105165,2
"L15","no",0.840872476191038,3
"L15","no",0.376374157855113,4
"L15","no",0.479847128978566,5
"L15","no",0.414230329001037,6
"L15","yes",-0.104209251749556,7
"L15","yes",-0.431798275933005,8
"L20","no",1.48505859818911,1
"L20","yes",0.556302500767287,2
"L20","no",0.434391459912464,3
"L20","yes",0.565978926442635,4
"L20","yes",0.393867559040913,5
"L20","no",0.13917917572291,6
"L20","yes",-0.373317533763706,7
"L20","yes",-0.11288303898447,8
"L24","no",0.975891136401793,1
"L24","yes",-0.0362121726544447,2
"L24","yes",0.501059262217751,3
"L24","no",0.330075405991285,4
"L24","yes",0.208620483882601,5
"L24","yes",0.0785776399992389,6
"L24","yes",0.0459745835329053,7
"L24","yes",0.258078293702651,8
"L5","no",-0.00729923874149942,1
"L5","yes",0.952388786093476,2
"L5","yes",0.765047335254003,3
"L5","yes",0.719193130633936,4
"L5","yes",0.177055287158298,5
"L5","yes",-0.565963645979686,6
"L5","yes",-0.346787486224656,7
"L5","yes",0.213517756996305,8
"L16","no",0.939477651537893,1
"L16","no",0.523312822759656,2
"L16","no",0.756001823801419,3
"L16","no",0.359835482339888,4
"L16","no",0.100370545117563,5
"L16","yes",0.0177287669604315,6
"L16","yes",-0.165367393663908,7
"L16","no",-0.0596495615163694,8
"L19","no",0.946179244018413,1
"L19","no",1.132846465927,2
"L19","yes",0.212187604403958,3
"L19","yes",0.00467955481894811,4
"L19","no",-0.245396871391146,5
"L19","no",-0.199512040415571,6
"L19","yes",-0.0128553206855871,7
"L19","yes",-0.218843239476631,8
"L7","no",0.597695185925512,1
"L7","no",0.12112193693396,2
"L7","yes",0.457755776657049,3
"L7","no",0.734733174000979,4
"L7","no",0.690269933354413,5
"L7","no",0.655858458986096,6
"L7","yes",0.275503307907104,7
"L7","yes",0.0527580491627997,8
"L9","no",0.841845919241344,1
"L9","no",0.669239376419944,2
"L9","no",0.350571033954783,3
"L9","no",0.0600679715239822,4
"L9","no",0.00288568823748817,5
"L9","no",0.339617044542729,6
"L9","yes",-0.12109539752654,7
"L9","yes",-0.444703975886893,8
"L12","no",1.37873091405573,1
"L12","no",1.37849884097925,2
"L12","no",0.00765296422852556,3
"L12","no",-0.0610357563794768,4
"L12","no",-0.188573954680311,5
"L12","no",-0.574031267727719,6
"L12","yes",-0.736758565225419,7
"L12","yes",-0.435728569561437,8
"L2","no",1.42058828972077,1
"L2","no",0.484774218948188,2
"L2","no",-0.268276965378925,3
"L2","no",-0.132237975349799,4
"L2","no",-0.288896082014383,5
"L2","no",-0.579494163429221,6
"L2","no",-0.586420857020787,7
"L2","no",-0.635136450129549,8
"L13","no",0.563876437703828,1
"L13","yes",0.437045539155973,2
"L13","yes",0.489646037338047,3
"L13","no",1.15986784709257,4
"L13","no",1.15245822292303,5
"L13","yes",0.700030317658386,6
"L13","yes",0.0202691832980035,7
"L13","no",-0.405239247413537,8
"L1","no",0.704436519143124,1
"L1","no",0.843492321810929,2
"L1","no",0.290961601003477,3
"L1","no",0.169282471503407,4
"L1","no",0.211965515684261,5
"L1","no",0.656657088269449,6
"L1","no",-0.116811910377604,7
"L1","no",-0.18764378837506,8
"L23","no",1.00508513653285,1
"L23","no",0.638600173691775,2
"L23","no",0.682245386914041,3
"L23","no",0.663282025446968,4
"L23","yes",0.237487883923531,5
"L23","yes",0.0669467896306132,6
"L23","no",-0.0127310768049218,7
"L23","no",-0.0832536956787496,8
"L18","no",0.0812872850714126,1
"L18","yes",0.372912002970107,2
"L18","yes",0.113107366520495,3
"L18","no",0.598425706672868,4
"L18","yes",0.715376505207137,5
"L18","yes",0.398663230291133,6
"L18","yes",-0.228535010864558,7
"L18","yes",-0.156455788054365,8
"L25","no",0.674937648177788,1
"L25","no",0,2
"L25","no",0.239299479126893,3
"L25","no",0.519390417434516,4
"L25","no",-0.0680338852718274,5
"L25","yes",-0.250521349512305,6
"L25","yes",-0.12590490938032,7
"L25","yes",0.426240081535656,8
"L26","no",0.761760834195474,1
"L26","yes",0.235528446907549,2
"L26","yes",0.555497506131057,3
"L26","no",0.425425524594329,4
"L26","no",0.629409599102719,5
"L26","yes",-0.0783135245163979,6
"L26","yes",-0.0393706918992745,7
"L26","yes",0.173671784932268,8
"L17","no",0.0625819842281631,1
"L17","no",0.370913829823978,2
"L17","no",0.685144359578359,3
"L17","no",0.552059534187884,4
"L17","no",0.0613267969905548,5
"L17","yes",-0.205279648183163,6
"L17","yes",-0.369911285071794,7
"L17","yes",-0.12109539752654,8
"L6","yes",-0.103290109645832,1
"L6","yes",0.747282303045176,2
"L6","no",0.272615060849399,3
"L6","no",0.522226814487059,4
"L6","no",0.593101378741296,5
"L6","yes",-0.103290109645832,6
"L6","yes",0.0632082200712113,7
"L6","yes",0.443523746687125,8
"L14","no",0.562788351654435,1
"L14","yes",-0.295992554972367,2
"L14","yes",0.159115821827769,3
"L14","no",0.368286884902131,4
"L14","no",0.0266694283375187,5
"L14","no",-0.398845732633062,6
"L14","yes",-0.235325823424464,7
"L14","yes",-0.331769438161202,8
"L22","yes",0.668075151394519,1
"L22","yes",0.645094623553164,2
"L22","no",0.802317533567358,3
"L22","yes",0.702861170572929,4
"L22","yes",0.134602053287679,5
"L22","yes",-0.0546955783484579,6
"L22","yes",-0.117285772379775,7
"L22","yes",-0.229147988357856,8
