"round","year","land_cover","family","mn_prop_quads","sd","min","max"
1,2017,"Field_edge","Asteraceae",0.022,0.021,0.001,0.064
1,2017,"Field_edge","Fabaceae",0.042,0.053,0.001,0.133
1,2017,"Field_edge","Rosaceae",0.048,0.031,0.018,0.09
1,2017,"Grassland","Asteraceae",0.031,0.026,0.001,0.079
1,2017,"Grassland","Fabaceae",0.021,0.039,0.001,0.101
1,2017,"Grassland","Rosaceae",0.047,0.052,0.01,0.084
1,2017,"Road_edge","Asteraceae",0.02,0.025,0.001,0.084
1,2017,"Road_edge","Fabaceae",0.039,0.029,0.008,0.094
1,2017,"Road_edge","Rosaceae",0.003,NA,0.003,0.003
1,2017,"Woodland","Asteraceae",0.001,NA,0.001,0.001
2,2017,"Field_edge","Asteraceae",0.023,0.026,0.001,0.126
2,2017,"Field_edge","Brassicaceae",0.001,NA,0.001,0.001
2,2017,"Field_edge","Fabaceae",0.03,0.051,0.001,0.181
2,2017,"Field_edge","Lamiaceae",0.028,0.033,0.005,0.051
2,2017,"Field_edge","Rosaceae",0.016,0.019,0.001,0.046
2,2017,"Grassland","Asteraceae",0.028,0.032,0.001,0.108
2,2017,"Grassland","Fabaceae",0.085,0.062,0.029,0.176
2,2017,"Grassland","Lamiaceae",0.04,NA,0.04,0.04
2,2017,"Grassland","Rosaceae",0.062,0.07,0.008,0.141
2,2017,"Road_edge","Asteraceae",0.031,0.04,0.001,0.14
2,2017,"Road_edge","Brassicaceae",0.025,0.034,0.001,0.049
2,2017,"Road_edge","Fabaceae",0.014,0.011,0.001,0.035
2,2017,"Road_edge","Lamiaceae",0.021,NA,0.021,0.021
2,2017,"Road_edge","Rosaceae",0.01,0.006,0.004,0.015
3,2017,"Field_edge","Asteraceae",0.025,0.027,0.001,0.1
3,2017,"Field_edge","Brassicaceae",0.046,0.045,0.001,0.111
3,2017,"Field_edge","Fabaceae",0.021,0.033,0.001,0.104
3,2017,"Field_edge","Lamiaceae",0.045,0.044,0.014,0.076
3,2017,"Field_edge","Rosaceae",0.009,0.011,0.001,0.035
3,2017,"Grassland","Asteraceae",0.025,0.029,0.005,0.059
3,2017,"Grassland","Fabaceae",0.011,0.007,0.006,0.016
3,2017,"Grassland","Rosaceae",0.035,NA,0.035,0.035
3,2017,"Road_edge","Asteraceae",0.018,0.024,0.001,0.064
3,2017,"Road_edge","Fabaceae",0.046,0.052,0.001,0.121
3,2017,"Road_edge","Lamiaceae",0.085,NA,0.085,0.085
3,2017,"Road_edge","Rosaceae",0.016,0.015,0.004,0.041
4,2017,"Cranberry","Fabaceae",0.012,0.013,0.003,0.021
4,2017,"Cranberry","Rosaceae",0.003,NA,0.003,0.003
4,2017,"Field_edge","Asteraceae",0.023,0.045,0.001,0.295
4,2017,"Field_edge","Brassicaceae",0.024,0.018,0.003,0.041
4,2017,"Field_edge","Fabaceae",0.016,0.022,0.001,0.086
4,2017,"Field_edge","Lamiaceae",0.038,0.045,0.001,0.101
4,2017,"Field_edge","Rosaceae",0.006,0.006,0.001,0.014
4,2017,"Grassland","Asteraceae",0.011,0.015,0.001,0.048
4,2017,"Grassland","Brassicaceae",0.001,NA,0.001,0.001
4,2017,"Grassland","Fabaceae",0.016,0.021,0.003,0.04
4,2017,"Grassland","Lamiaceae",0.001,NA,0.001,0.001
4,2017,"Grassland","Rosaceae",0.007,0.005,0.001,0.01
4,2017,"Road_edge","Asteraceae",0.016,0.018,0.001,0.064
4,2017,"Road_edge","Fabaceae",0.033,0.049,0.001,0.19
4,2017,"Road_edge","Lamiaceae",0.019,0.015,0.004,0.043
4,2017,"Road_edge","Rosaceae",0.033,0.048,0.003,0.105
5,2017,"Cranberry","Fabaceae",0.006,0.004,0.003,0.009
5,2017,"Cranberry","Rosaceae",0.01,0.011,0.001,0.03
5,2017,"Field_edge","Asteraceae",0.024,0.069,0.001,0.483
5,2017,"Field_edge","Brassicaceae",0.012,0.013,0.003,0.035
5,2017,"Field_edge","Fabaceae",0.023,0.038,0.001,0.125
5,2017,"Field_edge","Lamiaceae",0.013,0.02,0.003,0.054
5,2017,"Field_edge","Rosaceae",0.002,0.001,0.001,0.003
5,2017,"Grassland","Asteraceae",0.021,0.021,0.001,0.078
5,2017,"Grassland","Fabaceae",0.01,0.011,0.003,0.023
5,2017,"Grassland","Lamiaceae",0.001,NA,0.001,0.001
5,2017,"Grassland","Rosaceae",0.005,NA,0.005,0.005
5,2017,"Road_edge","Asteraceae",0.01,0.02,0.001,0.1
5,2017,"Road_edge","Fabaceae",0.053,0.071,0.001,0.19
5,2017,"Road_edge","Lamiaceae",0.044,0.043,0.001,0.104
5,2017,"Road_edge","Rosaceae",0.037,0.059,0.001,0.14
6,2017,"Cranberry","Asteraceae",0.012,0.022,0.001,0.061
6,2017,"Cranberry","Brassicaceae",0.014,NA,0.014,0.014
6,2017,"Cranberry","Fabaccac",0.009,0.004,0.006,0.013
6,2017,"Cranberry","Lamiaceae",0.012,0.015,0.001,0.023
6,2017,"Cranberry","Rosaceae",0.004,0.002,0.001,0.006
6,2017,"Field_edge","Asteraceae",0.013,0.032,0.001,0.213
6,2017,"Field_edge","Brassicaceae",0.013,0.015,0.001,0.035
6,2017,"Field_edge","Fabaccae",0.017,0.024,0.001,0.073
6,2017,"Field_edge","Lamiaceae",0.005,0.006,0.001,0.014
6,2017,"Field_edge","Rosaceae",0.01,0.012,0.001,0.024
6,2017,"Grassland","Asteraceae",0.019,0.038,0.001,0.185
6,2017,"Grassland","Brassicaceae",0.004,NA,0.004,0.004
6,2017,"Grassland","Fabaccae",0.003,0.002,0.001,0.005
6,2017,"Grassland","Lamiaceae",0.014,0.015,0.001,0.036
6,2017,"Grassland","Rosaceae",0.011,0.012,0.001,0.024
6,2017,"Road_edge","Asteraceae",0.009,0.009,0.001,0.028
6,2017,"Road_edge","Fabaccac",0.034,0.048,0.001,0.131
6,2017,"Road_edge","Lamiaccac",0.008,0.011,0.001,0.031
6,2017,"Road_edge","Rosaceae",0.016,0.018,0.001,0.05
1,2018,"Field_edge","Asteraceae",0.034,0.035,0.005,0.09
1,2018,"Field_edge","Rosaceae",0.094,0.127,0.01,0.32
1,2018,"Grassland","Asteraccac",0.036,0.046,0.005,0.105
1,2018,"Grassland","Rosaceae",0.147,0.131,0.035,0.34
1,2018,"Road_edge","Asteraceae",0.018,0.011,0.01,0.025
1,2018,"Road_edge","Fabaceae",0.076,0.11,0.005,0.24
1,2018,"Road_edge","Rosaceae",0.047,0.059,0.01,0.115
2,2018,"Field_edge","Asteraceae",0.05,0.04,0.01,0.11
2,2018,"Field_edge","Fabaccae",0.221,0.295,0.005,0.74
2,2018,"Field_edge","Rosaceae",0.199,0.164,0.045,0.45
2,2018,"Grassland","Asteraceae",0.04,NA,0.04,0.04
2,2018,"Grassland","Lamiaceae",0.017,0.018,0.005,0.03
2,2018,"Grassland","Rosaceae",0.19,0.166,0.005,0.43
2,2018,"Road_edge","Asteraccae",0.116,0.161,0.005,0.395
2,2018,"Road_edge","Brassicaceae",0.005,NA,0.005,0.005
2,2018,"Road_edge","Fabaceae",0.018,0.003,0.015,0.02
2,2018,"Road_edge","Lamiaceae",0.015,NA,0.015,0.015
2,2018,"Road_edge","Rosaceae",0.184,0.187,0.025,0.525
3,2018,"Field_edge","Asteraccae",0.18,0.258,0.005,0.745
3,2018,"Field_edge","Brassicaceae",0.005,NA,0.005,0.005
3,2018,"Field_edge","Fabaceae",0.015,0.014,0.005,0.025
3,2018,"Field_edge","Lamiaceae",0.008,0.003,0.005,0.01
3,2018,"Field_edge","Rosaceae",0.26,0.12,0.175,0.345
3,2018,"Grassland","Asteraceae",0.046,0.034,0.005,0.12
3,2018,"Grassland","Fabaceae",0.111,0.236,0.005,0.645
3,2018,"Grassland","Lamiaceae",0.12,NA,0.12,0.12
3,2018,"Grassland","Rosaceae",0.232,0.286,0.03,0.435
3,2018,"Road_edge","Asteraceae",0.038,0.043,0.01,0.14
3,2018,"Road_edge","Fabaccae",0.035,0.035,0.005,0.1
3,2018,"Road_edge","Lamiaceae",0.01,NA,0.01,0.01
3,2018,"Road_edge","Rosaceae",0.068,0.085,0.005,0.265
4,2018,"Field_edge","Asteraceae",0.077,0.103,0.005,0.395
4,2018,"Field_edge","Fabaceae",0.131,0.154,0.005,0.43
4,2018,"Field_edge","Rosaceae",0.041,0.044,0,0.11
4,2018,"Grassland","Asteraceae",0.087,0.086,0.005,0.2
4,2018,"Grassland","Fabaceae",0.113,0.103,0.015,0.22
4,2018,"Grassland","Rosaceae",0.075,NA,0.075,0.075
4,2018,"Road_edge","Asteraceae",0.08,0.133,0.005,0.495
4,2018,"Road_edge","Fabaceae",0.096,0.087,0.01,0.27
4,2018,"Road_edge","Lamiaceae",0.01,NA,0.01,0.01
4,2018,"Road_edge","Rosaceae",0.1,0.049,0.055,0.17
