"Floral_resources_landcover","Group","Code","d1","d2","d3","d4","d5","d6","d7","d8","d9","d10","d11","d12","d13","d14","d15","d16","d17","d18","d19","d20","d21","d22","d23","d24","d25","d26","d27","d28","d29","d30","d31","d32","d33","d34","d35","d36","d37","d38","d39","d40","d41","d42","d43","d44","d45","d46","d47","d48","d49","d50","d51","d52","d53","d54","d55","d56","d57","d58","d59","d60","d61","d62","d63","d64","d65","d66","d67","d68","d69","d70","d71","d72","d73","d74","d75","d76","d77","d78","d79","d80","d81","d82","d83","d84","d85","d86","d87","d88","d89","d90","d91","d92","d93","d94","d95","d96","d97","d98","d99","d100","d101","d102","d103","d104","d105","d106","d107","d108","d109","d110","d111","d112","d113","d114","d115","d116","d117","d118","d119","d120","d121","d122","d123","d124","d125","d126","d127","d128","d129","d130","d131","d132","d133","d134","d135","d136","d137","d138","d139","d140","d141","d142","d143","d144","d145","d146","d147","d148","d149","d150","d151","d152","d153","d154","d155","d156","d157","d158","d159","d160","d161","d162","d163","d164","d165","d166","d167","d168","d169","d170","d171","d172","d173","d174","d175","d176","d177","d178","d179","d180","d181","d182","d183","d184","d185","d186","d187","d188","d189","d190","d191","d192","d193","d194","d195","d196","d197","d198","d199","d200","d201","d202","d203","d204","d205","d206","d207","d208","d209","d210","d211","d212","d213","d214","d215","d216","d217","d218","d219","d220","d221","d222","d223","d224","d225","d226","d227","d228","d229","d230","d231","d232","d233","d234","d235","d236","d237","d238","d239","d240","d241","d242","d243","d244","d245","d246","d247","d248","d249","d250","d251","d252","d253","d254","d255","d256","d257","d258","d259","d260","d261","d262","d263","d264","d265","d266","d267","d268","d269","d270","d271","d272","d273","d274","d275","d276","d277","d278","d279","d280","d281","d282","d283","d284","d285","d286","d287","d288","d289","d290","d291","d292","d293","d294","d295","d296","d297","d298","d299","d300","d301","d302","d303","d304","d305","d306","d307","d308","d309","d310","d311","d312","d313","d314","d315","d316","d317","d318","d319","d320","d321","d322","d323","d324","d325","d326","d327","d328","d329","d330","d331","d332","d333","d334","d335","d336","d337","d338","d339","d340","d341","d342","d343","d344","d345","d346","d347","d348","d349","d350","d351","d352","d353","d354","d355","d356","d357","d358","d359","d360","d361","d362","d363","d364","d365"
"Alfalfa","Agriculture",101,0,0,0,0,0,0,0,0,0,0,0,0,0,0,0,0,0,0,0,0,0,0,0,0,0,0,0,0,0,0,0,0,0,0,0,0,0,0,0,0,0,0,0,0,0,0,0,0,0,0,0,0,0,0,0,0,0,0,0,0,0,0,0,0,0,0,0,0,0.1,0.1,0.1,0.1,0.1,0.1,0.1,0.1,0.1,0.1,0.1,0.1,0.1,0.1,0.1,0.1,0.1,0.1,0.1,0.1,0.2,0.2,0.2,0.2,0.2,0.2,0.2,0.2,0.2,0.2,0.3,0.3,0.3,0.3,0.3,0.3,0.4,0.4,0.4,0.4,0.4,0.5,0.5,0.5,0.5,0.6,0.6,0.6,0.6,0.7,0.7,0.7,0.8,0.8,0.9,0.9,1,1,1.1,1.1,1.2,1.2,1.3,1.3,1.4,1.5,1.6,1.6,1.7,1.8,1.9,2,2.1,2.3,2.4,2.6,2.8,3,3.4,3.7,4.2,4.8,5.6,6.5,7.7,9.2,11,13.2,15.9,19.1,22.9,27.4,32.6,38.6,45.5,53.1,61.7,71.1,81.2,92.1,103.6,115.5,127.6,139.8,151.7,163.1,173.8,183.4,191.7,198.5,203.7,206.9,208.3,207.6,205.1,200.7,194.5,186.9,177.9,167.9,157.1,145.7,134.1,122.5,111.2,100.2,89.9,80.3,71.4,63.5,56.4,50.2,44.8,40.3,36.5,33.4,30.9,28.9,27.4,26.2,25.4,24.9,24.5,24.4,24.3,24.3,24.4,24.5,24.7,24.8,24.9,25,25.1,25.1,25,25,24.8,24.6,24.4,24.1,23.7,23.3,22.9,22.4,21.9,21.3,20.7,20.1,19.5,18.8,18.2,17.5,16.8,16.2,15.5,14.9,14.3,13.7,13.2,12.7,12.2,11.7,11.3,10.9,10.5,10.2,9.9,9.7,9.5,9.3,9.2,9.2,9.2,9.2,9.3,9.5,9.6,9.9,10.2,10.5,10.8,11.2,11.6,12,12.4,12.8,13.1,13.4,13.6,13.8,13.9,13.9,13.8,13.7,13.4,13,12.6,12.1,11.5,10.8,10.1,9.4,8.7,7.9,7.2,6.5,5.8,5.2,4.5,4,3.5,3,2.6,2.3,2,1.7,1.5,1.3,1.1,1,0.8,0.7,0.7,0.6,0.5,0.5,0.5,0.4,0.4,0.4,0.3,0.3,0.3,0.3,0.3,0.3,0.3,0.2,0.2,0.2,0.2,0.2,0.2,0.2,0.2,0.2,0.2,0.1,0.1,0.1,0.1,0.1,0.1,0.1,0.1,0.1,0.1,0.1,0.1,0.1,0.1,0.1,0.1,0.1,0.1,0.1,0.1,0.1,0,0,0,0,0,0,0,0,0
"Apples","Agriculture",102,0,0,0,0,0,0,0,0,0,0,0,0,0,0,0,0,0,0,0,0,0,0,0,0,0,0,0,0,0,0,0,0,0,0,0,0,0,0,0,0,0,0,0,0,0,0,0,0,0,0,0,0,0,0,0,0,0,0,0,0,0,0,0,0,0,0,0,0,0,0,0,0,0,0,0,0,0,0,0,0,0,0,0,0,0.1,0.1,0.1,0.1,0.1,0.1,0.1,0.1,0.1,0.1,0.1,0.1,0.1,0.1,0.1,0.1,0.1,0.1,0.1,0.1,0.2,0.2,0.2,0.2,0.2,0.3,0.3,0.3,0.4,0.4,0.6,0.9,1.6,3.2,6.8,14.1,28.3,53.8,96.7,163.9,261.4,391.9,552.2,731.2,909.7,1063.5,1168.1,1205.5,1169,1065.3,912.4,734.8,556.7,397.4,267.8,171.4,105.2,63.2,38.6,25.5,19.1,16.5,15.8,16,16.7,17.5,18.4,19.4,20.4,21.4,22.4,23.5,24.6,25.8,27,28.3,29.8,31.4,33.2,35.1,37.2,39.5,41.9,44.6,47.4,50.5,53.7,57.2,60.8,64.5,68.4,72.4,76.5,80.5,84.5,88.4,92.3,96,99.5,102.9,106.1,109.1,112,114.6,117.1,119.5,121.6,123.7,125.7,127.6,129.4,131.2,132.9,134.5,136.1,137.6,139.1,140.4,141.7,142.9,144.1,145.2,146.2,147.3,148.3,149.3,150.3,151.3,152.3,153.3,154.2,155.1,156,156.7,157.4,158.1,158.6,159,159.3,159.4,159.4,159.2,158.8,158.3,157.5,156.6,155.5,154.2,152.7,151.1,149.3,147.3,145.2,142.9,140.5,138,135.3,132.6,129.7,126.7,123.7,120.7,117.5,114.4,111.1,107.9,104.5,101.1,97.6,94,90.4,86.7,83,79.3,75.6,72,68.6,65.3,62.1,59.2,56.4,53.8,51.3,49.1,46.9,45,43.2,41.5,39.9,38.5,37.1,35.7,34.4,33.2,31.9,30.6,29.3,28,26.6,25.2,23.8,22.3,20.8,19.3,17.8,16.3,14.9,13.5,12.1,10.8,9.6,8.5,7.4,6.5,5.6,4.8,4.1,3.5,3,2.5,2.1,1.8,1.5,1.3,1.1,0.9,0.8,0.7,0.6,0.5,0.4,0.4,0.3,0.3,0.2,0.2,0.2,0.2,0.1,0.1,0.1,0.1,0.1,0.1,0.1,0.1,0.1,0.1,0,0,0,0,0,0,0,0,0,0,0,0,0,0,0,0,0,0,0,0,0,0,0,0,0,0,0,0,0,0,0,0,0
"Apricots","Agriculture",115,0,0,0,0,0,0,0,0,0,0,0,0,0,0,0,0,0,0,0,0,0,0,0,0,0,0,0,0,0,0,0,0,0,0,0,0,0,0,0,0,0,0,0,0,0,0,0,0,0,0,0,0,0,0,0,0,0,0,0,0,0,0,0,0,0,0,0,0,0,0,0,0,0,0,0,0,0,0,0,0,0,0,0,0,0.1,0.1,0.1,0.1,0.1,0.1,0.1,0.1,0.1,0.1,0.1,0.1,0.1,0.1,0.1,0.1,0.1,0.1,0.1,0.1,0.2,0.2,0.2,0.2,0.2,0.3,0.3,0.3,0.4,0.4,0.6,0.9,1.6,3.2,6.8,14.1,28.3,53.8,96.7,163.9,261.4,391.9,552.2,731.2,909.7,1063.5,1168.1,1205.5,1169,1065.3,912.4,734.8,556.7,397.4,267.8,171.4,105.2,63.2,38.6,25.5,19.1,16.5,15.8,16,16.7,17.5,18.4,19.4,20.4,21.4,22.4,23.5,24.6,25.8,27,28.3,29.8,31.4,33.2,35.1,37.2,39.5,41.9,44.6,47.4,50.5,53.7,57.2,60.8,64.5,68.4,72.4,76.5,80.5,84.5,88.4,92.3,96,99.5,102.9,106.1,109.1,112,114.6,117.1,119.5,121.6,123.7,125.7,127.6,129.4,131.2,132.9,134.5,136.1,137.6,139.1,140.4,141.7,142.9,144.1,145.2,146.2,147.3,148.3,149.3,150.3,151.3,152.3,153.3,154.2,155.1,156,156.7,157.4,158.1,158.6,159,159.3,159.4,159.4,159.2,158.8,158.3,157.5,156.6,155.5,154.2,152.7,151.1,149.3,147.3,145.2,142.9,140.5,138,135.3,132.6,129.7,126.7,123.7,120.7,117.5,114.4,111.1,107.9,104.5,101.1,97.6,94,90.4,86.7,83,79.3,75.6,72,68.6,65.3,62.1,59.2,56.4,53.8,51.3,49.1,46.9,45,43.2,41.5,39.9,38.5,37.1,35.7,34.4,33.2,31.9,30.6,29.3,28,26.6,25.2,23.8,22.3,20.8,19.3,17.8,16.3,14.9,13.5,12.1,10.8,9.6,8.5,7.4,6.5,5.6,4.8,4.1,3.5,3,2.5,2.1,1.8,1.5,1.3,1.1,0.9,0.8,0.7,0.6,0.5,0.4,0.4,0.3,0.3,0.2,0.2,0.2,0.2,0.1,0.1,0.1,0.1,0.1,0.1,0.1,0.1,0.1,0.1,0,0,0,0,0,0,0,0,0,0,0,0,0,0,0,0,0,0,0,0,0,0,0,0,0,0,0,0,0,0,0,0,0
"Cherries","Agriculture",103,0,0,0,0,0,0,0,0,0,0,0,0,0,0,0,0,0,0,0,0,0,0,0,0,0,0,0,0,0,0,0,0,0,0,0,0,0,0,0,0,0,0,0,0,0,0,0,0,0,0,0,0,0,0,0,0,0,0,0,0,0,0,0,0,0,0,0,0,0,0,0,0,0,0,0,0,0,0,0,0,0,0,0,0,0.1,0.1,0.1,0.1,0.1,0.1,0.1,0.1,0.1,0.1,0.1,0.1,0.1,0.1,0.1,0.1,0.1,0.1,0.1,0.1,0.2,0.2,0.2,0.2,0.2,0.3,0.3,0.3,0.4,0.4,0.6,0.9,1.6,3.2,6.8,14.1,28.3,53.8,96.7,163.9,261.4,391.9,552.2,731.2,909.7,1063.5,1168.1,1205.5,1169,1065.3,912.4,734.8,556.7,397.4,267.8,171.4,105.2,63.2,38.6,25.5,19.1,16.5,15.8,16,16.7,17.5,18.4,19.4,20.4,21.4,22.4,23.5,24.6,25.8,27,28.3,29.8,31.4,33.2,35.1,37.2,39.5,41.9,44.6,47.4,50.5,53.7,57.2,60.8,64.5,68.4,72.4,76.5,80.5,84.5,88.4,92.3,96,99.5,102.9,106.1,109.1,112,114.6,117.1,119.5,121.6,123.7,125.7,127.6,129.4,131.2,132.9,134.5,136.1,137.6,139.1,140.4,141.7,142.9,144.1,145.2,146.2,147.3,148.3,149.3,150.3,151.3,152.3,153.3,154.2,155.1,156,156.7,157.4,158.1,158.6,159,159.3,159.4,159.4,159.2,158.8,158.3,157.5,156.6,155.5,154.2,152.7,151.1,149.3,147.3,145.2,142.9,140.5,138,135.3,132.6,129.7,126.7,123.7,120.7,117.5,114.4,111.1,107.9,104.5,101.1,97.6,94,90.4,86.7,83,79.3,75.6,72,68.6,65.3,62.1,59.2,56.4,53.8,51.3,49.1,46.9,45,43.2,41.5,39.9,38.5,37.1,35.7,34.4,33.2,31.9,30.6,29.3,28,26.6,25.2,23.8,22.3,20.8,19.3,17.8,16.3,14.9,13.5,12.1,10.8,9.6,8.5,7.4,6.5,5.6,4.8,4.1,3.5,3,2.5,2.1,1.8,1.5,1.3,1.1,0.9,0.8,0.7,0.6,0.5,0.4,0.4,0.3,0.3,0.2,0.2,0.2,0.2,0.1,0.1,0.1,0.1,0.1,0.1,0.1,0.1,0.1,0.1,0,0,0,0,0,0,0,0,0,0,0,0,0,0,0,0,0,0,0,0,0,0,0,0,0,0,0,0,0,0,0,0,0
"Conifer_mixed_forest","Forest",301,0,0,0,0,0,0,0,0,0,0,0,0,0,0,0,0,0,0,0,0,0,0,0,0,0,0,0,0,0,0,0,0,0,0,0,0,0,0,0,0,0,0,0,0,0,0,0,0,0,0,0,0,0,0,0,0,0,0.1,0.1,0.2,0.3,0.5,0.7,1,1.5,2.2,3.2,4.6,6.4,8.9,12.2,16.4,21.9,28.7,37.2,47.6,60.1,74.9,92.1,111.7,133.7,157.9,184,211.6,240.1,268.9,297.2,324.1,348.8,370.5,388.4,402.1,411.2,415.7,415.8,412.3,406.3,399.2,392.9,389.4,390.9,399.1,415.6,440.8,474.5,514.9,559.2,603.6,643.6,674.8,693.5,697.1,684.5,656.3,614.5,562,502.4,439.2,375.7,314.5,257.6,206.5,162,124.8,95.2,73.9,62.7,64.7,84.5,126.3,191.2,273.2,357.3,423.3,452.9,438.1,385,309.9,231.9,165,115.1,81.6,60.5,47.9,40.9,37.8,37.7,39.3,41.3,42.4,41.4,38,32.8,26.6,20.7,15.7,12.1,9.6,8.1,7.2,6.7,6.6,6.7,6.9,7.3,7.9,8.6,9.3,10.2,11.1,12.1,13,13.8,14.5,15,15.2,15.2,15.1,14.9,14.6,14.5,14.7,15.4,16.8,19.4,23.4,29.3,37.3,47.6,59.6,72.7,85.8,97.4,106,110.4,109.9,104.6,95.2,82.8,69,55.2,42.6,32,23.6,17.4,13.1,10.3,8.6,7.6,7.1,6.8,6.7,6.6,6.6,6.5,6.4,6.3,6.2,6.2,6.1,6,6,6,6,6,6.1,6.2,6.4,6.6,6.8,7.1,7.4,7.8,8.3,8.8,9.4,10,10.7,11.4,12.2,12.9,13.7,14.5,15.2,15.9,16.6,17.2,17.6,18,18.3,18.5,18.5,18.5,18.3,18,17.6,17.1,16.5,15.8,15.1,14.4,13.6,12.8,12,11.3,10.5,9.9,9.3,8.8,8.3,8,7.7,7.5,7.4,7.3,7.3,7.3,7.2,7.2,7.2,7.1,7,6.8,6.7,6.4,6.1,5.8,5.5,5.1,4.7,4.3,3.9,3.5,3.1,2.8,2.4,2.1,1.8,1.6,1.3,1.1,0.9,0.8,0.7,0.5,0.5,0.4,0.3,0.3,0.2,0.2,0.2,0.1,0.1,0.1,0.1,0.1,0.1,0.1,0.1,0.1,0,0,0,0,0,0,0,0,0,0,0,0,0,0,0,0,0,0,0,0,0,0,0,0,0,0,0,0,0,0,0,0,0,0,0,0,0,0,0,0,0,0,0,0
"Corn","Agriculture",104,0,0,0,0,0,0,0,0,0,0,0,0,0,0,0,0,0,0,0,0,0,0,0,0,0,0,0,0,0,0,0,0,0,0,0,0,0,0,0,0,0,0,0,0,0,0,0,0,0,0,0,0,0,0,0,0,0,0,0,0,0,0,0,0,0.1,0.1,0.1,0.1,0.1,0.1,0.1,0.1,0.1,0.1,0.1,0.1,0.1,0.1,0.1,0.1,0.1,0.1,0.2,0.2,0.2,0.2,0.2,0.2,0.2,0.3,0.3,0.3,0.3,0.4,0.4,0.5,0.5,0.6,0.6,0.7,0.8,0.8,0.9,1,1.1,1.3,1.4,1.5,1.7,1.9,2,2.2,2.4,2.6,2.9,3.1,3.3,3.6,3.8,4.1,4.3,4.6,4.9,5.2,5.5,5.8,6.2,6.5,6.9,7.4,7.9,8.5,9.1,9.9,10.7,11.5,12.5,13.5,14.6,15.8,17,18.2,19.4,20.7,21.8,22.9,23.9,24.7,25.4,25.9,26.2,26.4,26.5,26.4,26.2,25.9,25.5,25,24.5,24,23.4,22.8,22.3,21.7,21.2,20.7,20.2,19.9,19.6,19.4,19.3,19.3,19.3,19.5,19.6,19.8,19.9,20,20.1,20.1,20.1,20.1,20,19.8,19.6,19.3,19,18.7,18.3,17.9,17.6,17.2,16.9,16.6,16.3,16.1,15.9,15.8,15.7,15.7,15.7,15.8,16.1,16.7,17.5,18.7,20,21.3,22.1,22.3,21.8,21,20,19.2,18.6,18.4,18.3,18.4,18.5,18.6,18.7,18.7,18.7,18.7,18.7,18.6,18.4,18.2,18,17.7,17.3,17,16.5,16.1,15.7,15.2,14.7,14.2,13.7,13.2,12.6,12.1,11.7,11.2,10.7,10.3,9.8,9.4,9,8.7,8.3,8,7.7,7.3,7,6.7,6.4,6.1,5.8,5.6,5.3,5.1,4.9,4.7,4.5,4.3,4.2,4,3.9,3.8,3.7,3.6,3.5,3.4,3.3,3.2,3.1,3,3,2.9,2.8,2.7,2.6,2.5,2.4,2.3,2.2,2.1,2,1.9,1.8,1.7,1.6,1.5,1.4,1.4,1.3,1.2,1.2,1.1,1,1,0.9,0.9,0.9,0.8,0.8,0.7,0.7,0.7,0.7,0.6,0.6,0.6,0.6,0.5,0.5,0.5,0.5,0.4,0.4,0.4,0.4,0.4,0.4,0.3,0.3,0.3,0.3,0.3,0.3,0.3,0.2,0.2,0.2,0.2,0.2,0.2,0.2,0.2,0.2,0.2,0.2,0.1,0.1,0.1,0.1,0.1,0.1,0.1,0.1,0.1,0.1,0.1,0.1,0.1,0.1,0.1,0.1,0.1,0.1,0.1,0,0,0
"Developed_low_intensity","Developed",201,0,0,0,0,0,0,0,0,0,0,0,0,0,0,0,0,0,0,0,0,0,0,0,0,0,0,0,0,0,0,0,0,0,0,0,0,0,0,0,0,0,0,0,0,0,0,0,0,0,0,0,0,0,0,0,0,0,0,0,0,0,0,0.1,0.1,0.1,0.2,0.3,0.4,0.5,0.7,0.9,1.3,1.7,2.2,2.9,3.7,4.6,5.8,7.1,8.6,10.3,12.1,14.1,16.2,18.4,20.6,22.8,24.9,26.8,28.5,30.1,31.7,33.9,37.2,41.9,47.5,52.1,53.7,51.1,45.2,38,31.3,26,22.1,19.6,18.6,19.2,22.2,28.3,37.9,50.9,66.3,82.2,96,105.2,108.2,104.8,96.7,86.1,75.8,67.5,62.4,60.7,62.2,66.6,73.3,81.4,89.6,96.2,99.3,97.8,91.4,81.4,69.7,58.7,50.9,47.9,50.7,59,71.7,86.8,102.4,116.8,129.3,140.6,153.3,172.6,206.3,265.2,361.7,507.4,711.4,976.4,1296.5,1655.2,2025.4,2371.9,2656.3,2843.8,2910.1,2846.2,2661,2378.5,2033.4,1663.8,1304.3,981.4,710.6,497.5,339,227.4,152.6,104.6,74.9,57.2,46.7,40.3,36.3,33.4,31.1,29.1,27.4,25.8,24.4,23.2,22.1,21.1,20.3,19.6,19,18.5,18.2,17.9,17.8,17.7,17.6,17.7,17.7,17.9,18,18.2,18.3,18.5,18.7,18.9,19.1,19.4,19.6,19.9,20.1,20.4,20.7,21.1,21.4,21.8,22.2,22.6,23,23.4,23.7,24,24.2,24.4,24.4,24.4,24.3,24.1,23.8,23.5,23.1,22.7,22.3,21.9,21.4,21,20.6,20.2,19.8,19.4,19,18.6,18.2,17.8,17.4,17,16.5,16.1,15.7,15.2,14.8,14.3,13.8,13.3,12.9,12.4,11.9,11.4,11,10.5,10.1,9.7,9.3,8.9,8.6,8.3,8,7.8,7.6,7.4,7.3,7.2,7.1,7,6.9,6.8,6.7,6.6,6.5,6.4,6.2,6,5.8,5.6,5.3,5.1,4.8,4.5,4.2,3.9,3.5,3.2,2.9,2.6,2.3,2.1,1.8,1.6,1.4,1.2,1,0.9,0.8,0.6,0.5,0.5,0.4,0.3,0.3,0.2,0.2,0.2,0.2,0.1,0.1,0.1,0.1,0.1,0.1,0.1,0.1,0.1,0.1,0,0,0,0,0,0,0,0,0,0,0,0,0,0,0,0,0,0,0,0,0,0,0,0,0,0,0,0,0,0,0,0,0,0,0,0,0,0,0,0,0,0,0
"Developed_med_intensity","Developed",202,0,0,0,0,0,0,0,0,0,0,0,0,0,0,0,0,0,0,0,0,0,0,0,0,0,0,0,0,0,0,0,0,0,0,0,0,0,0,0,0,0,0,0,0,0,0,0,0,0,0,0,0,0,0,0,0,0,0,0,0,0,0,0,0,0,0.1,0.1,0.1,0.2,0.2,0.3,0.4,0.6,0.7,1,1.2,1.6,1.9,2.4,2.9,3.4,4.1,4.7,5.4,6.2,6.9,7.6,8.3,9,9.6,10.1,10.6,11.4,12.5,14.1,16,17.5,18,17.2,15.2,12.8,10.5,8.8,7.5,6.7,6.3,6.5,7.5,9.6,12.8,17.2,22.3,27.7,32.3,35.4,36.4,35.3,32.6,29.1,25.6,22.9,21.2,20.7,21.2,22.7,25,27.8,30.6,32.9,34,33.6,31.6,28.3,24.5,21,18.5,17.7,18.7,21.7,26.1,31.4,36.8,41.8,46.1,50.1,54.5,61,72.5,92.3,124.7,173.6,242,330.8,438.1,558.3,682.4,798.4,893.7,956.5,978.7,957.3,895.2,800.5,684.9,561,440.5,332.3,241.6,170.3,117.2,79.9,54.9,39,29.2,23.4,20,18.1,16.8,16,15.4,14.9,14.5,14,13.6,13.3,13,12.7,12.4,12.2,12,11.8,11.7,11.7,11.6,11.6,11.7,11.7,11.8,11.9,12,12.1,12.2,12.4,12.5,12.6,12.8,12.9,13,13.2,13.3,13.5,13.7,13.8,14,14.2,14.3,14.5,14.7,14.8,15,15.1,15.2,15.3,15.3,15.3,15.2,15.2,15.1,14.9,14.8,14.6,14.4,14.2,14,13.8,13.5,13.3,13.1,12.9,12.6,12.4,12.1,11.9,11.6,11.3,11.1,10.8,10.5,10.2,9.9,9.5,9.2,8.9,8.6,8.3,8,7.6,7.3,7,6.7,6.5,6.2,6,5.8,5.6,5.4,5.2,5.1,5,4.9,4.8,4.7,4.6,4.6,4.5,4.5,4.4,4.3,4.2,4.1,4,3.9,3.7,3.6,3.4,3.2,3,2.8,2.6,2.4,2.2,1.9,1.8,1.6,1.4,1.2,1.1,0.9,0.8,0.7,0.6,0.5,0.4,0.4,0.3,0.3,0.2,0.2,0.2,0.1,0.1,0.1,0.1,0.1,0.1,0.1,0.1,0.1,0,0,0,0,0,0,0,0,0,0,0,0,0,0,0,0,0,0,0,0,0,0,0,0,0,0,0,0,0,0,0,0,0,0,0,0,0,0,0,0,0,0,0,0,0,0,0
"Ditch","Ditch",701,0,0,0,0,0,0,0,0,0,0,0,0,0,0,0,0,0,0,0,0,0,0,0,0,0,0,0,0,0,0,0,0,0,0,0,0,0,0,0,0,0,0,0,0,0,0,0,0,0,0,0,0,0,0,0,0,0,0,0,0,0,0,0,0,0,0,0,0,0,0,0,0,0,0,0,0,0,0,0,0,0,0,0,0,0,0,0,0,0,0,0,0,0,0,0,0,0,0,0,0,0,0,0.1,0.1,0.1,0.1,0.1,0.1,0.1,0.1,0.1,0.2,0.2,0.3,0.4,0.6,0.8,1,1.2,1.4,1.5,1.5,1.4,1.4,1.3,1.4,1.5,1.7,2.1,2.7,3.3,4.1,5,6,7,8,8.9,9.8,10.7,11.5,12.4,13.4,14.5,15.7,17.1,18.5,19.8,20.9,21.9,22.8,23.8,25.2,26.8,28.5,30,31.1,31.7,31.9,32,32.3,33,34.3,36.3,38.9,42,45.6,49.7,54.1,59,64.2,69.8,75.7,81.9,88.4,95,101.7,108.4,115,121.3,127.2,132.7,137.6,141.8,145.4,148.2,150.4,151.8,152.7,153,152.8,152.2,151.4,150.4,149.4,148.4,147.6,146.9,146.6,146.5,146.8,147.5,148.6,150.1,152,154.2,156.8,159.6,162.7,166,169.3,172.5,175.6,178.5,181.1,183.4,185.3,186.8,188,188.9,189.6,190.1,190.5,190.7,190.9,191.1,191.2,191.4,191.7,192.1,192.6,193.3,194.3,195.5,196.9,198.5,200.4,202.4,204.6,206.8,209,211.1,213.1,214.9,216.4,217.6,218.2,218.3,217.8,216.5,214.3,211.2,207.1,201.9,195.7,188.5,180.6,171.9,162.8,153.4,144,134.8,125.8,117.4,109.5,102.4,95.9,90.2,85.2,81,77.4,74.5,72.2,70.3,68.8,67.6,66.6,65.6,64.7,63.6,62.5,61.1,59.4,57.5,55.4,52.9,50.2,47.3,44.2,41,37.8,34.5,31.2,28,25,22,19.3,16.8,14.5,12.4,10.5,8.9,7.4,6.2,5.1,4.2,3.4,2.8,2.3,1.8,1.5,1.2,1,0.8,0.6,0.5,0.4,0.3,0.3,0.2,0.2,0.2,0.1,0.1,0.1,0.1,0.1,0.1,0.1,0,0,0,0,0,0,0,0,0,0,0,0,0,0,0,0,0,0,0,0,0,0,0,0,0,0,0,0,0,0,0,0,0,0,0,0,0
"Dry_oak_forest","Forest",302,0,0,0,0,0,0,0,0,0,0,0,0,0,0,0,0,0,0,0,0,0,0,0,0,0,0,0,0,0,0,0,0,0,0,0,0,0,0,0,0,0,0,0,0,0,0,0,0,0,0,0,0,0,0,0,0,0,0,0.1,0.1,0.2,0.2,0.4,0.5,0.8,1.2,1.7,2.4,3.4,4.7,6.5,8.8,11.7,15.3,19.9,25.4,32.1,39.9,49.1,59.6,71.3,84.2,98.1,112.9,128.1,143.4,158.5,172.9,186.2,197.9,207.8,215.8,221.7,225.9,229.1,232.1,236.5,244,257,277.8,309,352.7,410.3,482.2,567.3,662.8,764.3,866.2,962,1045.3,1110.1,1151.9,1168.1,1158,1122.8,1065.5,990.1,901.2,803.7,702.4,601.7,505.5,417.6,341.5,281.8,246,246.4,302.7,440.6,682.9,1033.3,1457.5,1876.6,2185.1,2291.1,2159.1,1828.3,1393.1,959.8,605.4,361.1,219.5,154.1,136.6,145.7,168,196,224.8,251.2,272.2,285.8,291.1,288.4,279.2,265.9,251,236.9,225.7,218.4,215.3,216.1,220.2,226.5,234.2,242.5,250.6,257.9,264.2,269.2,272.6,274.3,274.4,272.7,269.2,264.2,257.6,249.6,240.3,229.8,218.5,206.4,193.8,180.8,167.6,154.5,141.6,129,116.9,105.3,94.4,84.1,74.6,65.8,57.7,50.2,43.5,37.4,31.9,27.1,22.8,19,15.8,13,10.6,8.7,7.1,5.7,4.7,3.8,3.1,2.6,2.1,1.8,1.5,1.3,1.1,0.9,0.8,0.7,0.7,0.6,0.6,0.5,0.5,0.5,0.6,0.6,0.7,0.7,0.8,0.8,0.9,1,1,1.1,1.2,1.3,1.3,1.4,1.4,1.4,1.4,1.5,1.4,1.4,1.4,1.3,1.3,1.2,1.1,1.1,1,0.9,0.8,0.7,0.6,0.6,0.5,0.4,0.4,0.3,0.3,0.2,0.2,0.1,0.1,0.1,0.1,0.1,0.1,0,0,0,0,0,0,0,0,0,0,0,0,0,0,0,0,0,0,0.1,0.1,0.1,0.1,0.1,0.1,0.1,0.2,0.2,0.2,0.2,0.2,0.3,0.3,0.3,0.3,0.3,0.3,0.4,0.4,0.4,0.4,0.4,0.3,0.3,0.3,0.3,0.3,0.3,0.2,0.2,0.2,0.2,0.2,0.1,0.1,0.1,0.1,0.1,0.1,0,0,0,0,0,0,0,0,0,0,0,0,0,0,0,0,0,0,0,0,0,0,0,0,0,0,0,0,0,0,0,0,0,0,0,0,0
"Floodplain","Wetland",601,0,0,0,0,0,0,0,0,0,0,0,0,0,0,0,0,0,0,0,0,0,0,0,0,0,0,0,0,0,0,0,0,0,0,0,0,0,0,0,0,0,0,0,0,0,0,0,0,0,0,0,0,0,0,0,0,0,0.1,0.1,0.1,0.1,0.1,0.1,0.1,0.1,0.1,0.1,0.1,0.1,0.2,0.2,0.2,0.2,0.2,0.2,0.2,0.2,0.2,0.2,0.2,0.2,0.2,0.2,0.2,0.2,0.2,0.2,0.2,0.2,0.2,0.2,0.2,0.3,0.4,0.6,0.9,1.5,2.5,4.1,6.7,10.7,16.8,26,39.3,58.4,84.8,120.4,167,226,298.1,382.8,478.1,580.1,683.5,781.3,866.1,930.8,969.3,978.2,956.4,905.8,831.2,738.9,636.6,532,431.8,341.3,264,201.3,153.3,118.9,96.2,83.1,77.3,76.9,80.2,85.6,92.1,98.7,105,110.4,114.8,118.3,120.7,122.4,123.6,124.4,125.3,126.7,129.2,132.7,136.3,138.3,136.5,129.5,117.3,101.2,83.7,67.3,53.8,44.2,38.3,35.4,34.4,34.4,34.9,35.5,36.1,36.8,37.7,39,40.8,43.1,46.2,49.8,54.1,58.8,64.1,69.7,75.5,81.5,87.5,93.6,99.5,105.4,111.2,117.2,123.3,129.6,136,142.2,148,152.9,156.3,157.9,157.6,155.3,151.4,146.5,141,135.6,130.7,126.5,123.2,120.6,118.6,117.1,115.8,114.6,113.3,112,110.5,108.9,107.2,105.3,103.4,101.5,99.6,97.8,96.1,94.5,93,91.7,90.5,89.4,88.5,87.6,86.7,85.8,84.9,84,83,81.9,80.8,79.7,78.5,77.3,76,74.6,73.1,71.5,69.8,68,66.1,64.4,63.3,63.8,68.2,80.9,108.6,160.4,245.8,370.5,530.6,708.9,875.4,994.4,1036.6,990.8,868.3,698.3,516.6,353.2,225.4,137,82.4,52.1,37,30.3,27.9,27.3,27.5,28,28.6,29.3,29.9,30.5,30.9,31.2,31.3,31.2,30.8,30.3,29.5,28.6,27.4,26,24.5,22.9,21.2,19.5,17.7,16,14.3,12.7,11.1,9.7,8.4,7.2,6.2,5.2,4.4,3.7,3.1,2.6,2.2,1.8,1.5,1.3,1.1,0.9,0.8,0.7,0.6,0.5,0.5,0.4,0.4,0.3,0.3,0.2,0.2,0.2,0.2,0.1,0.1,0.1,0.1,0.1,0.1,0.1,0.1,0,0,0,0,0,0,0,0,0,0,0,0,0,0,0,0,0,0,0,0,0,0,0,0,0,0,0,0,0,0,0,0,0
"Grass_hay","Agriculture",105,0,0,0,0,0,0,0,0,0,0,0,0,0,0,0,0,0,0,0,0,0,0,0,0,0,0,0,0,0,0,0,0,0,0,0,0,0,0,0,0,0,0,0,0,0,0,0,0,0,0,0,0,0,0,0,0,0,0,0,0,0,0,0,0,0,0,0,0,0,0,0,0,0,0,0,0,0,0,0,0,0,0,0,0,0,0,0,0.1,0.1,0.1,0.1,0.1,0.1,0.1,0.1,0.1,0.1,0.1,0.1,0.1,0.1,0.1,0.1,0.1,0.1,0.1,0.1,0.2,0.2,0.2,0.2,0.2,0.2,0.2,0.2,0.2,0.3,0.3,0.3,0.3,0.4,0.4,0.4,0.5,0.5,0.6,0.6,0.7,0.8,0.9,1,1.1,1.2,1.4,1.5,1.7,1.9,2.1,2.3,2.5,2.7,2.9,3.1,3.4,3.6,3.9,4.1,4.3,4.5,4.8,5,5.2,5.4,5.6,5.7,5.8,5.8,5.8,5.8,5.7,5.6,5.5,5.5,5.4,5.4,5.3,5.3,5.4,5.4,5.6,6,6.6,7.4,8.2,8.7,8.9,8.7,8.3,7.8,7.5,7.3,7.3,7.3,7.4,7.5,7.6,7.8,8,8.2,8.4,8.6,8.9,9.1,9.4,9.7,10.1,10.4,10.8,11.1,11.6,12,12.5,13,13.5,14,14.6,15.2,15.9,16.6,17.3,18.1,18.9,19.7,20.6,21.5,22.4,23.4,24.3,25.3,26.3,27.3,28.4,29.4,30.4,31.3,32.3,33.2,34.1,35,35.8,36.5,37.2,37.9,38.4,38.9,39.3,39.7,39.9,40.1,40.1,40.1,40,39.8,39.5,39.2,38.7,38.2,37.5,36.9,36.1,35.3,34.4,33.4,32.4,31.4,30.3,29.2,28.1,26.9,25.8,24.6,23.5,22.3,21.2,20.1,19,17.9,16.8,15.8,14.8,13.9,13,12.1,11.3,10.5,9.8,9.1,8.4,7.8,7.2,6.6,6.1,5.6,5.1,4.7,4.3,3.9,3.5,3.2,2.9,2.6,2.4,2.1,1.9,1.7,1.5,1.3,1.2,1.1,0.9,0.8,0.7,0.7,0.6,0.5,0.5,0.4,0.4,0.3,0.3,0.3,0.2,0.2,0.2,0.2,0.2,0.2,0.1,0.1,0.1,0.1,0.1,0.1,0.1,0.1,0.1,0.1,0.1,0.1,0.1,0.1,0.1,0.1,0.1,0.1,0.1,0,0,0,0,0,0,0,0,0,0,0,0,0,0,0,0,0,0,0,0,0,0,0,0,0,0,0,0,0
"Insect_pollinated_crop","Agriculture",114,0,0,0,0,0,0,0,0,0,0,0,0,0,0,0,0,0,0,0,0,0,0,0,0,0,0,0,0,0,0,0,0,0,0,0,0,0,0,0,0,0,0,0,0,0,0,0,0,0,0,0,0,0,0,0,0,0,0,0,0,0,0,0,0,0,0,0,0,0,0,0,0,0,0,0,0,0,0,0,0,0,0,0,0,0,0,0,0,0,0,0.1,0.1,0.1,0.1,0.1,0.1,0.1,0.1,0.1,0.1,0.1,0.1,0.1,0.1,0.1,0.1,0.1,0.1,0.1,0.1,0.2,0.2,0.2,0.2,0.2,0.2,0.2,0.3,0.3,0.3,0.3,0.4,0.5,0.5,0.6,0.7,0.9,1,1.2,1.5,1.8,2.1,2.5,2.9,3.4,3.9,4.5,5.1,5.6,6.2,6.8,7.3,7.8,8.3,8.7,9,9.3,9.6,9.9,10.1,10.4,10.6,10.7,10.9,11,11.1,11.2,11.2,11.2,11.2,11.2,11.2,11.2,11.3,11.4,11.5,11.6,11.8,12.1,12.4,12.8,13.3,13.8,14.4,15.1,15.9,16.7,17.6,18.6,19.7,20.8,22.1,23.5,24.9,26.6,28.3,30.3,32.4,34.8,37.4,40.2,43.3,46.7,50.4,54.5,59,63.8,69.1,74.8,81,87.7,94.9,102.5,110.7,119.4,128.5,138.1,148,158.3,168.8,179.5,190.1,200.6,210.7,220.4,229.3,237.4,244.6,250.6,255.5,259.1,261.4,262.4,262.3,260.9,258.5,255,250.7,245.5,239.5,233,225.8,218.2,210.2,201.8,193.2,184.4,175.5,166.5,157.5,148.5,139.6,130.9,122.4,114.1,106.1,98.5,91.4,85,79.8,76.2,74.5,75.2,78,82,85.9,87.8,86.2,80.8,71.8,60.9,49.6,39.5,31.4,25.4,21.2,18.4,16.5,15.2,14.2,13.4,12.8,12.2,11.7,11.3,10.9,10.6,10.2,9.8,9.5,9.1,8.7,8.2,7.8,7.3,6.8,6.3,5.9,5.4,4.9,4.4,4,3.6,3.2,2.8,2.5,2.1,1.9,1.6,1.4,1.2,1,0.9,0.7,0.6,0.5,0.5,0.4,0.3,0.3,0.3,0.2,0.2,0.2,0.2,0.1,0.1,0.1,0.1,0.1,0.1,0.1,0.1,0.1,0.1,0.1,0.1,0.1,0.1,0.1,0.1,0.1,0.1,0.1,0,0,0,0,0,0,0,0,0,0,0,0,0,0,0,0,0,0,0,0,0,0,0,0,0,0,0,0,0,0,0
"Lawn","Developed",203,0,0,0,0,0,0,0,0,0,0,0,0,0,0,0,0,0,0,0,0,0,0,0,0,0,0,0,0,0,0,0,0,0,0,0,0,0,0,0,0,0,0,0,0,0,0,0,0,0,0,0,0,0,0,0,0,0,0,0,0,0,0,0,0,0,0,0,0,0,0,0,0,0,0,0,0,0,0,0,0,0,0.1,0.1,0.1,0.1,0.1,0.1,0.1,0.1,0.1,0.1,0.2,0.2,0.2,0.3,0.3,0.4,0.4,0.4,0.4,0.5,0.5,0.5,0.6,0.6,0.7,0.7,0.8,0.8,0.9,0.9,1,1.1,1.2,1.3,1.4,1.5,1.6,1.8,1.9,2.1,2.4,2.7,3,3.4,3.9,4.4,4.9,5.6,6.3,7,7.9,8.9,9.9,11,12.2,13.4,14.7,16.1,17.5,18.9,20.4,21.8,23.1,24.4,25.7,26.8,27.7,28.5,29.2,29.7,30,30.2,30.2,30.1,29.9,29.7,29.4,29.1,28.8,28.6,28.4,28.3,28.2,28.3,28.5,28.7,29.1,29.6,30.2,31,31.8,32.8,33.9,35.1,36.4,37.8,39.2,40.5,41.8,42.9,43.9,44.8,45.5,46,46.3,46.5,46.7,46.7,46.8,46.8,46.9,47,47.2,47.5,47.8,48.2,48.7,49.1,49.6,50.2,50.7,51.3,51.8,52.4,52.9,53.5,54,54.5,55,55.4,55.9,56.3,56.7,57.1,57.4,57.8,58.1,58.3,58.6,58.8,59,59.1,59.2,59.2,59.2,59.1,58.9,58.7,58.4,58.1,57.7,57.2,56.7,56.1,55.4,54.7,53.9,53.1,52.2,51.3,50.3,49.3,48.2,47.1,45.9,44.7,43.5,42.2,41,39.7,38.4,37,35.7,34.4,33,31.7,30.5,29.2,28,26.9,25.8,24.8,23.9,23.1,22.4,21.7,21.1,20.7,20.2,19.9,19.6,19.3,19.1,18.8,18.6,18.3,18,17.7,17.2,16.7,16.2,15.5,14.8,14.1,13.3,12.4,11.6,10.7,9.8,8.9,8.1,7.3,6.5,5.8,5.1,4.4,3.9,3.3,2.9,2.5,2.1,1.8,1.5,1.3,1.1,0.9,0.8,0.7,0.6,0.5,0.4,0.4,0.3,0.3,0.3,0.2,0.2,0.2,0.2,0.2,0.1,0.1,0.1,0.1,0.1,0.1,0.1,0.1,0.1,0.1,0.1,0.1,0.1,0.1,0.1,0.1,0.1,0,0,0,0,0,0,0,0,0,0,0,0,0,0,0,0,0,0,0,0,0,0,0,0,0,0,0
"Mesic_upland_forest","Forest",303,0,0,0,0,0,0,0,0,0,0,0,0,0,0,0,0,0,0,0,0,0,0,0,0,0,0,0,0,0,0,0,0,0,0,0,0,0,0,0,0,0,0,0,0,0,0,0,0,0,0,0,0,0,0,0,0,0,0,0,0,0,0,0,0,0,0,0,0,0,0,0,0,0,0,0,0,0,0,0,0,0,0,0,0,0.1,0.2,0.3,0.6,1.1,2,3.4,6,10.5,18.1,30.2,48.1,72.3,102.3,137,175.1,216.7,264,320.7,391.4,479.5,586.5,711.6,851.9,1003.2,1160.5,1318.6,1471.6,1613.1,1736.2,1834,1899.6,1927.2,1913,1855.9,1757.7,1623.2,1459.6,1276.1,1083.1,891.4,711.8,553.6,424.5,329.9,272.4,250.9,260.2,290.3,328.9,364.5,390.7,407.3,419.9,436.5,464.1,506.9,565.7,637.6,716.3,792.4,854.9,893.9,903.1,880.9,831.3,761.2,678.7,590.8,502,415.6,333.7,258.7,192.7,137.8,94.8,63.3,41.7,27.8,19.2,14.1,11.2,9.4,8.4,7.7,7.3,7.1,7,7,7.1,7.3,7.4,7.5,7.6,7.8,8.2,8.8,10,12,15.2,20.2,27.7,38.3,52.5,70.4,91.4,114.2,136.9,157.1,172.2,180.2,180.1,171.7,156.3,135.9,113.1,90.3,69.4,51.7,37.8,27.6,20.4,15.8,13,11.3,10.5,10,9.8,9.7,9.7,9.7,9.7,9.7,9.7,9.8,9.9,10,10.1,10.2,10.3,10.4,10.4,10.3,10.2,10,9.8,9.5,9.3,9,8.7,8.4,8.1,7.8,7.6,7.4,7.2,7.1,7,6.9,6.9,6.9,6.9,7,7.1,7.2,7.4,7.7,8,8.4,8.7,9.2,9.6,9.9,10.3,10.6,10.8,10.9,10.9,10.8,10.7,10.5,10.2,9.9,9.5,9.3,9,8.8,8.7,8.6,8.6,8.7,8.7,8.8,8.9,8.9,9,8.9,8.8,8.7,8.5,8.2,7.9,7.5,7,6.6,6.1,5.5,5,4.5,4,3.6,3.1,2.7,2.4,2.1,1.8,1.5,1.3,1.1,1,0.8,0.7,0.6,0.6,0.5,0.4,0.4,0.4,0.3,0.3,0.3,0.3,0.2,0.2,0.2,0.2,0.1,0.1,0.1,0.1,0.1,0.1,0.1,0,0,0,0,0,0,0,0,0,0,0,0,0,0,0,0,0,0,0,0,0,0,0,0,0,0,0,0,0,0,0,0,0,0,0,0,0,0
"No_resource","Other",402,0,0,0,0,0,0,0,0,0,0,0,0,0,0,0,0,0,0,0,0,0,0,0,0,0,0,0,0,0,0,0,0,0,0,0,0,0,0,0,0,0,0,0,0,0,0,0,0,0,0,0,0,0,0,0,0,0,0,0,0,0,0,0,0,0,0,0,0,0,0,0,0,0,0,0,0,0,0,0,0,0,0,0,0,0,0,0,0,0,0,0,0,0,0,0,0,0,0,0,0,0,0,0,0,0,0,0,0,0,0,0,0,0,0,0,0,0,0,0,0,0,0,0,0,0,0,0,0,0,0,0,0,0,0,0,0,0,0,0,0,0,0,0,0,0,0,0,0,0,0,0,0,0,0,0,0,0,0,0,0,0,0,0,0,0,0,0,0,0,0,0,0,0,0,0,0,0,0,0,0,0,0,0,0,0,0,0,0,0,0,0,0,0,0,0,0,0,0,0,0,0,0,0,0,0,0,0,0,0,0,0,0,0,0,0,0,0,0,0,0,0,0,0,0,0,0,0,0,0,0,0,0,0,0,0,0,0,0,0,0,0,0,0,0,0,0,0,0,0,0,0,0,0,0,0,0,0,0,0,0,0,0,0,0,0,0,0,0,0,0,0,0,0,0,0,0,0,0,0,0,0,0,0,0,0,0,0,0,0,0,0,0,0,0,0,0,0,0,0,0,0,0,0,0,0,0,0,0,0,0,0,0,0,0,0,0,0,0,0,0,0,0,0,0,0,0,0,0,0,0,0,0,0,0,0,0,0,0,0,0,0,0,0,0,0,0,0,0,0,0,0,0,0,0,0,0,0,0,0,0,0,0,0,0,0
"Non_resource_crop","Agriculture",110,0,0,0,0,0,0,0,0,0,0,0,0,0,0,0,0,0,0,0,0,0,0,0,0,0,0,0,0,0,0,0,0,0,0,0,0,0,0,0,0,0,0,0,0,0,0,0,0,0,0,0,0,0,0,0,0,0,0,0,0,0,0,0,0,0.1,0.1,0.1,0.1,0.1,0.1,0.1,0.1,0.1,0.1,0.1,0.1,0.1,0.1,0.1,0.1,0.1,0.1,0.2,0.2,0.2,0.2,0.2,0.2,0.2,0.3,0.3,0.3,0.3,0.4,0.4,0.5,0.5,0.6,0.6,0.7,0.8,0.8,0.9,1,1.1,1.3,1.4,1.5,1.7,1.9,2,2.2,2.4,2.6,2.9,3.1,3.3,3.6,3.8,4.1,4.3,4.6,4.9,5.2,5.5,5.8,6.2,6.5,6.9,7.4,7.9,8.5,9.1,9.9,10.7,11.5,12.5,13.5,14.6,15.8,17,18.2,19.4,20.7,21.8,22.9,23.9,24.7,25.4,25.9,26.2,26.4,26.5,26.4,26.2,25.9,25.5,25,24.5,24,23.4,22.8,22.3,21.7,21.2,20.7,20.2,19.9,19.6,19.4,19.3,19.3,19.3,19.5,19.6,19.8,19.9,20,20.1,20.1,20.1,20.1,20,19.8,19.6,19.3,19,18.7,18.3,17.9,17.6,17.2,16.9,16.6,16.3,16.1,15.9,15.8,15.7,15.7,15.7,15.7,15.7,15.8,15.9,16,16.2,16.4,16.5,16.7,16.9,17.1,17.3,17.6,17.8,18,18.1,18.3,18.5,18.6,18.7,18.7,18.7,18.7,18.7,18.6,18.4,18.2,18,17.7,17.3,17,16.5,16.1,15.7,15.2,14.7,14.2,13.7,13.2,12.6,12.1,11.7,11.2,10.7,10.3,9.8,9.4,9,8.7,8.3,8,7.7,7.3,7,6.7,6.4,6.1,5.8,5.6,5.3,5.1,4.9,4.7,4.5,4.3,4.2,4,3.9,3.8,3.7,3.6,3.5,3.4,3.3,3.2,3.1,3,3,2.9,2.8,2.7,2.6,2.5,2.4,2.3,2.2,2.1,2,1.9,1.8,1.7,1.6,1.5,1.4,1.4,1.3,1.2,1.2,1.1,1,1,0.9,0.9,0.9,0.8,0.8,0.7,0.7,0.7,0.7,0.6,0.6,0.6,0.6,0.5,0.5,0.5,0.5,0.4,0.4,0.4,0.4,0.4,0.4,0.3,0.3,0.3,0.3,0.3,0.3,0.3,0.2,0.2,0.2,0.2,0.2,0.2,0.2,0.2,0.2,0.2,0.2,0.1,0.1,0.1,0.1,0.1,0.1,0.1,0.1,0.1,0.1,0.1,0.1,0.1,0.1,0.1,0.1,0.1,0.1,0.1,0,0,0
"Non_resource_crop_wintercover","Agriculture",111,0,0,0,0,0,0,0,0,0,0,0,0,0,0,0,0,0,0,0,0,0,0,0,0,0,0,0,0,0,0,0,0,0,0,0,0,0,0,0,0,0,0,0,0,0,0,0,0,0,0,0,0,0,0,0,0,0,0,0,0,0,0,0.1,0.1,0.1,0.1,0.1,0.1,0.1,0.1,0.1,0.1,0.1,0.1,0.1,0.1,0.1,0.1,0.1,0.1,0.1,0.2,0.2,0.2,0.2,0.2,0.2,0.2,0.2,0.2,0.3,0.3,0.3,0.3,0.4,0.4,0.4,0.5,0.6,0.6,0.7,0.8,0.9,1.1,1.2,1.4,1.6,1.8,2.1,2.3,2.6,3,3.3,3.7,4.1,4.5,4.9,5.4,5.8,6.3,6.7,7.2,7.7,8.1,8.6,9.1,9.6,10.2,10.8,11.5,12.3,13.2,14.1,15.2,16.3,17.5,18.8,20.1,21.4,22.7,23.9,25,26,26.9,27.6,28.1,28.5,28.8,28.8,28.8,28.6,28.3,27.9,27.4,26.9,26.2,25.6,24.9,24.2,23.5,22.8,22,21.4,20.7,20.1,19.5,18.9,18.4,17.9,17.5,17.1,16.7,16.4,16.1,15.9,15.7,15.6,15.4,15.3,15.2,15.2,15.1,15.1,15.1,15.1,15.1,15.1,15.1,15.1,15.1,15.2,15.2,15.2,15.3,15.3,15.3,15.3,15.3,15.3,15.3,15.3,15.2,15.1,15.1,15,14.9,14.8,14.7,14.6,14.5,14.5,14.4,14.4,14.5,14.6,14.7,14.8,15.1,15.3,15.6,15.8,16.1,16.3,16.4,16.5,16.4,16.3,16,15.6,15.1,14.6,13.9,13.3,12.6,11.9,11.2,10.5,10,9.4,9,8.6,8.2,7.9,7.7,7.4,7.3,7.1,7,6.9,6.8,6.7,6.6,6.6,6.5,6.4,6.4,6.3,6.3,6.2,6.2,6.1,6,5.9,5.9,5.8,5.7,5.6,5.5,5.4,5.3,5.1,5,4.9,4.7,4.6,4.4,4.2,4.1,3.9,3.8,3.6,3.4,3.3,3.1,3,2.8,2.7,2.5,2.4,2.3,2.1,2,1.9,1.8,1.7,1.6,1.5,1.4,1.3,1.3,1.2,1.1,1.1,1,1,0.9,0.9,0.8,0.8,0.7,0.7,0.7,0.6,0.6,0.6,0.6,0.5,0.5,0.5,0.5,0.4,0.4,0.4,0.4,0.4,0.4,0.3,0.3,0.3,0.3,0.3,0.3,0.3,0.2,0.2,0.2,0.2,0.2,0.2,0.2,0.2,0.2,0.2,0.1,0.1,0.1,0.1,0.1,0.1,0.1,0.1,0.1,0.1,0.1,0.1,0.1,0.1,0.1,0.1,0.1,0.1,0.1,0.1,0,0
"Old_field","Succesional",501,0,0,0,0,0,0,0,0,0,0,0,0,0,0,0,0,0,0,0,0,0,0,0,0,0,0,0,0,0,0,0,0,0,0,0,0,0,0,0,0,0,0,0,0,0,0,0,0,0,0,0,0,0,0,0,0,0,0,0,0,0,0,0,0,0,0,0,0,0,0,0,0,0,0,0,0,0,0,0,0,0,0,0,0,0,0,0,0,0,0,0,0,0,0,0,0,0,0,0,0,0,0,0,0,0,0,0,0,0,0,0.1,0.1,0.1,0.1,0.1,0.1,0.1,0.1,0.1,0.1,0.1,0.2,0.2,0.2,0.3,0.4,0.5,0.6,0.8,1,1.3,1.7,2.4,3.3,4.7,6.8,10.1,14.9,21.6,30.5,41.4,53.9,67.2,80,90.7,97.8,100.4,98.1,91.3,81,68.8,56,44.1,33.9,25.7,19.7,15.5,12.8,11.2,10.5,10.3,10.6,11.3,12.1,13.1,14.3,15.7,17.2,19,21,23.2,25.6,28,30.4,32.6,34.5,36.1,37.4,38.5,39.5,40.4,41.3,42.1,42.8,43.4,43.8,43.9,43.9,43.7,43.3,42.7,42.2,41.5,41,40.4,40,39.6,39.2,38.9,38.4,37.7,36.8,35.8,34.5,33.1,31.6,30.1,28.8,27.7,26.8,26.1,25.7,25.6,25.7,26,26.6,27.5,28.6,30.1,32,34.4,37.4,41.1,45.8,51.6,58.8,67.5,78.2,91.1,106.5,124.6,145.7,170,197.6,228.5,262.6,299.7,339.5,381.5,425,469.4,513.9,557.4,598.9,637.6,672.3,702.1,726.1,743.6,754.1,757.2,752.8,741.1,722.3,697.1,666.2,630.5,591,548.6,504.5,459.6,415,371.4,329.6,290.3,253.8,220.6,190.8,164.5,141.5,121.9,105.3,91.5,80.2,70.9,63.4,57.3,52.4,48.4,44.9,42,39.3,36.7,34.3,31.9,29.6,27.2,24.9,22.6,20.4,18.2,16.2,14.2,12.4,10.7,9.2,7.8,6.6,5.5,4.6,3.7,3.1,2.5,2,1.6,1.2,1,0.7,0.6,0.4,0.3,0.3,0.2,0.1,0.1,0.1,0.1,0,0,0,0,0,0,0,0,0,0,0,0,0,0,0,0,0,0,0,0,0,0,0,0,0,0,0,0,0,0,0,0,0,0,0,0,0,0,0,0,0,0,0,0,0,0,0,0
"Pasture","Agriculture",106,0,0,0,0,0,0,0,0,0,0,0,0,0,0,0,0,0,0,0,0,0,0,0,0,0,0,0,0,0,0,0,0,0,0,0,0,0,0,0,0,0,0,0,0,0,0,0,0,0,0,0,0,0,0,0,0,0,0,0,0,0,0,0,0,0,0,0,0,0,0,0,0,0,0,0,0,0,0,0,0,0,0,0,0,0,0,0,0,0,0,0,0,0,0,0,0,0,0,0,0,0,0,0,0,0,0.1,0.1,0.1,0.1,0.1,0.1,0.1,0.1,0.1,0.2,0.2,0.2,0.2,0.2,0.3,0.3,0.3,0.4,0.4,0.5,0.5,0.6,0.7,0.7,0.8,0.9,1,1.1,1.3,1.4,1.6,1.7,1.9,2.1,2.4,2.6,2.9,3.3,3.6,4,4.4,4.8,5.3,5.8,6.3,6.8,7.3,7.9,8.5,9.2,9.9,10.6,11.4,12.3,13.2,14.1,15.1,16.2,17.4,18.6,19.9,21.3,22.7,24.3,25.9,27.6,29.4,31.2,33.1,35.1,37.1,39.1,41.1,43.1,45,46.9,48.7,50.5,52.2,53.8,55.3,56.7,58,59.1,60.2,61.1,62,62.7,63.3,63.8,64.2,64.6,64.9,65.1,65.2,65.3,65.4,65.4,65.3,65.2,65.1,64.9,64.6,64.3,64,63.6,63.1,62.6,62.1,61.5,60.9,60.3,59.6,58.8,58.1,57.3,56.5,55.6,54.7,53.8,52.8,51.8,50.7,49.7,48.5,47.4,46.2,45,43.8,42.5,41.3,40,38.7,37.5,36.2,34.9,33.6,32.4,31.1,29.9,28.6,27.4,26.3,25.1,24,22.9,21.8,20.7,19.7,18.7,17.8,16.9,16.1,15.3,14.6,13.9,13.3,12.8,12.3,11.9,11.6,11.3,11.1,11,10.9,10.8,10.8,10.8,10.8,10.8,10.8,10.7,10.7,10.5,10.3,10.1,9.8,9.5,9.1,8.6,8.1,7.6,7.1,6.5,6,5.4,4.9,4.4,3.9,3.5,3,2.6,2.3,2,1.7,1.4,1.2,1,0.8,0.7,0.6,0.5,0.4,0.3,0.3,0.2,0.2,0.2,0.1,0.1,0.1,0.1,0.1,0.1,0.1,0,0,0,0,0,0,0,0,0,0,0,0,0,0,0,0,0,0,0,0,0,0,0,0,0,0,0,0,0,0,0,0,0,0,0,0,0,0,0,0,0,0,0,0,0
"Peaches","Agriculture",107,0,0,0,0,0,0,0,0,0,0,0,0,0,0,0,0,0,0,0,0,0,0,0,0,0,0,0,0,0,0,0,0,0,0,0,0,0,0,0,0,0,0,0,0,0,0,0,0,0,0,0,0,0,0,0,0,0,0,0,0,0,0,0,0,0,0,0,0,0,0,0,0,0,0,0,0,0,0,0,0,0,0,0,0,0.1,0.1,0.1,0.1,0.1,0.1,0.1,0.1,0.1,0.1,0.1,0.1,0.1,0.1,0.1,0.1,0.1,0.1,0.1,0.1,0.2,0.2,0.2,0.2,0.2,0.3,0.3,0.3,0.4,0.4,0.6,0.9,1.6,3.2,6.8,14.1,28.3,53.8,96.7,163.9,261.4,391.9,552.2,731.2,909.7,1063.5,1168.1,1205.5,1169,1065.3,912.4,734.8,556.7,397.4,267.8,171.4,105.2,63.2,38.6,25.5,19.1,16.5,15.8,16,16.7,17.5,18.4,19.4,20.4,21.4,22.4,23.5,24.6,25.8,27,28.3,29.8,31.4,33.2,35.1,37.2,39.5,41.9,44.6,47.4,50.5,53.7,57.2,60.8,64.5,68.4,72.4,76.5,80.5,84.5,88.4,92.3,96,99.5,102.9,106.1,109.1,112,114.6,117.1,119.5,121.6,123.7,125.7,127.6,129.4,131.2,132.9,134.5,136.1,137.6,139.1,140.4,141.7,142.9,144.1,145.2,146.2,147.3,148.3,149.3,150.3,151.3,152.3,153.3,154.2,155.1,156,156.7,157.4,158.1,158.6,159,159.3,159.4,159.4,159.2,158.8,158.3,157.5,156.6,155.5,154.2,152.7,151.1,149.3,147.3,145.2,142.9,140.5,138,135.3,132.6,129.7,126.7,123.7,120.7,117.5,114.4,111.1,107.9,104.5,101.1,97.6,94,90.4,86.7,83,79.3,75.6,72,68.6,65.3,62.1,59.2,56.4,53.8,51.3,49.1,46.9,45,43.2,41.5,39.9,38.5,37.1,35.7,34.4,33.2,31.9,30.6,29.3,28,26.6,25.2,23.8,22.3,20.8,19.3,17.8,16.3,14.9,13.5,12.1,10.8,9.6,8.5,7.4,6.5,5.6,4.8,4.1,3.5,3,2.5,2.1,1.8,1.5,1.3,1.1,0.9,0.8,0.7,0.6,0.5,0.4,0.4,0.3,0.3,0.2,0.2,0.2,0.2,0.1,0.1,0.1,0.1,0.1,0.1,0.1,0.1,0.1,0.1,0,0,0,0,0,0,0,0,0,0,0,0,0,0,0,0,0,0,0,0,0,0,0,0,0,0,0,0,0,0,0,0,0
"Perennial","Agriculture",108,0,0,0,0,0,0,0,0,0,0,0,0,0,0,0,0,0,0,0,0,0,0,0,0,0,0,0,0,0,0,0,0,0,0,0,0,0,0,0,0,0,0,0,0,0,0,0,0,0,0,0,0,0,0,0,0,0,0,0,0,0,0,0,0,0,0,0,0,0,0,0,0,0,0,0,0,0,0,0,0,0,0,0,0,0.1,0.1,0.1,0.1,0.1,0.1,0.1,0.1,0.1,0.1,0.1,0.1,0.1,0.1,0.1,0.1,0.1,0.1,0.1,0.1,0.2,0.2,0.2,0.2,0.2,0.3,0.3,0.3,0.3,0.4,0.4,0.5,0.5,0.6,0.7,0.8,0.9,1,1.1,1.3,1.4,1.6,1.9,2.1,2.4,2.7,3.1,3.5,4,4.5,5.1,5.7,6.4,7.1,7.9,8.7,9.5,10.4,11.2,12.1,13,13.9,14.8,15.6,16.5,17.5,18.4,19.4,20.4,21.4,22.4,23.5,24.6,25.8,27,28.3,29.8,31.4,33.2,35.1,37.2,39.5,41.9,44.6,47.4,50.5,53.7,57.2,60.8,64.5,68.4,72.4,76.5,80.5,84.5,88.4,92.3,96,99.5,102.9,106.1,109.1,112,114.6,117.1,119.5,121.6,123.7,125.7,127.6,129.4,131.2,132.9,134.5,136.1,137.6,139.1,140.4,141.7,142.9,144.1,145.2,146.2,147.3,148.3,149.3,150.3,151.3,152.3,153.3,154.2,155.1,156,156.7,157.4,158.1,158.6,159,159.3,159.4,159.4,159.2,158.8,158.3,157.5,156.6,155.5,154.2,152.7,151.1,149.3,147.3,145.2,142.9,140.5,138,135.3,132.6,129.7,126.7,123.7,120.7,117.5,114.4,111.1,107.9,104.5,101.1,97.6,94,90.4,86.7,83,79.3,75.6,72,68.6,65.3,62.1,59.2,56.4,53.8,51.3,49.1,46.9,45,43.2,41.5,39.9,38.5,37.1,35.7,34.4,33.2,31.9,30.6,29.3,28,26.6,25.2,23.8,22.3,20.8,19.3,17.8,16.3,14.9,13.5,12.1,10.8,9.6,8.5,7.4,6.5,5.6,4.8,4.1,3.5,3,2.5,2.1,1.8,1.5,1.3,1.1,0.9,0.8,0.7,0.6,0.5,0.4,0.4,0.3,0.3,0.2,0.2,0.2,0.2,0.1,0.1,0.1,0.1,0.1,0.1,0.1,0.1,0.1,0.1,0,0,0,0,0,0,0,0,0,0,0,0,0,0,0,0,0,0,0,0,0,0,0,0,0,0,0,0,0,0,0,0,0
"Plums","Agriculture",109,0,0,0,0,0,0,0,0,0,0,0,0,0,0,0,0,0,0,0,0,0,0,0,0,0,0,0,0,0,0,0,0,0,0,0,0,0,0,0,0,0,0,0,0,0,0,0,0,0,0,0,0,0,0,0,0,0,0,0,0,0,0,0,0,0,0,0,0,0,0,0,0,0,0,0,0,0,0,0,0,0,0,0,0,0.1,0.1,0.1,0.1,0.1,0.1,0.1,0.1,0.1,0.1,0.1,0.1,0.1,0.1,0.1,0.1,0.1,0.1,0.1,0.1,0.2,0.2,0.2,0.2,0.2,0.3,0.3,0.3,0.4,0.4,0.6,0.9,1.6,3.2,6.8,14.1,28.3,53.8,96.7,163.9,261.4,391.9,552.2,731.2,909.7,1063.5,1168.1,1205.5,1169,1065.3,912.4,734.8,556.7,397.4,267.8,171.4,105.2,63.2,38.6,25.5,19.1,16.5,15.8,16,16.7,17.5,18.4,19.4,20.4,21.4,22.4,23.5,24.6,25.8,27,28.3,29.8,31.4,33.2,35.1,37.2,39.5,41.9,44.6,47.4,50.5,53.7,57.2,60.8,64.5,68.4,72.4,76.5,80.5,84.5,88.4,92.3,96,99.5,102.9,106.1,109.1,112,114.6,117.1,119.5,121.6,123.7,125.7,127.6,129.4,131.2,132.9,134.5,136.1,137.6,139.1,140.4,141.7,142.9,144.1,145.2,146.2,147.3,148.3,149.3,150.3,151.3,152.3,153.3,154.2,155.1,156,156.7,157.4,158.1,158.6,159,159.3,159.4,159.4,159.2,158.8,158.3,157.5,156.6,155.5,154.2,152.7,151.1,149.3,147.3,145.2,142.9,140.5,138,135.3,132.6,129.7,126.7,123.7,120.7,117.5,114.4,111.1,107.9,104.5,101.1,97.6,94,90.4,86.7,83,79.3,75.6,72,68.6,65.3,62.1,59.2,56.4,53.8,51.3,49.1,46.9,45,43.2,41.5,39.9,38.5,37.1,35.7,34.4,33.2,31.9,30.6,29.3,28,26.6,25.2,23.8,22.3,20.8,19.3,17.8,16.3,14.9,13.5,12.1,10.8,9.6,8.5,7.4,6.5,5.6,4.8,4.1,3.5,3,2.5,2.1,1.8,1.5,1.3,1.1,0.9,0.8,0.7,0.6,0.5,0.4,0.4,0.3,0.3,0.2,0.2,0.2,0.2,0.1,0.1,0.1,0.1,0.1,0.1,0.1,0.1,0.1,0.1,0,0,0,0,0,0,0,0,0,0,0,0,0,0,0,0,0,0,0,0,0,0,0,0,0,0,0,0,0,0,0,0,0
"Shrubland","Succesional",502,0,0,0,0,0,0,0,0,0,0,0,0,0,0,0,0,0,0,0,0,0,0,0,0,0,0,0,0,0,0,0,0,0,0,0,0,0,0,0,0,0,0,0,0,0,0,0,0,0,0,0,0,0,0,0,0,0,0,0,0,0,0,0,0,0,0,0,0,0,0,0,0,0,0,0,0,0,0,0,0,0,0,0,0,0,0,0,0,0,0,0,0,0,0,0,0,0,0,0,0,0,0,0,0.1,0.1,0.2,0.3,0.5,0.8,1.2,1.7,2.4,3.3,4.3,5.4,6.5,7.7,8.7,9.6,10.2,10.5,10.3,9.7,8.8,7.7,6.7,5.9,5.4,5.4,5.9,6.7,7.9,9.3,11,12.8,14.7,16.8,19.1,21.8,25.3,30.1,36.8,46.5,60,77.5,98.4,120.9,142.3,160.1,172.6,179.3,180.1,175.4,165.5,150.8,132.4,112,91.4,72.4,56.3,43.8,34.9,29.3,26.3,25.3,25.8,27.4,29.7,32.6,35.9,39.5,43.1,46.6,49.8,52.5,54.5,56,57.1,57.8,58.4,59,59.7,60.5,61.2,61.9,62.5,62.9,63.1,63,62.7,62.2,61.5,60.6,59.7,58.7,57.8,57,56.3,55.7,55.1,54.7,54.3,53.9,53.6,53.3,53,52.7,52.4,52.1,51.9,51.6,51.3,50.9,50.5,50.1,49.7,49.3,48.9,48.6,48.3,48.2,48.3,48.5,48.9,49.5,50.5,51.8,53.6,56,59,62.8,67.4,73,79.5,86.9,95.2,104.4,114.3,124.9,135.9,147.1,158.4,169.5,180.1,189.9,198.7,206.3,212.3,216.6,219,219.4,217.9,214.4,208.9,201.8,193.2,183.3,172.5,161,149.1,137.3,125.6,114.4,103.9,94.2,85.5,77.8,71.2,65.7,61.2,57.6,55,53.1,51.8,51.1,50.7,50.6,50.6,50.7,50.6,50.4,49.9,49.2,48.2,46.9,45.3,43.4,41.3,39,36.6,34,31.4,28.9,26.3,23.9,21.5,19.4,17.3,15.5,13.8,12.3,11,9.8,8.7,7.8,7,6.3,5.7,5.2,4.7,4.3,3.9,3.5,3.2,2.9,2.6,2.3,2.1,1.8,1.6,1.4,1.2,1.1,0.9,0.8,0.6,0.5,0.5,0.4,0.3,0.2,0.2,0.2,0.1,0.1,0.1,0.1,0,0,0,0,0,0,0,0,0,0,0,0,0,0,0,0,0,0,0,0,0,0,0,0,0,0,0,0
"Soybeans","Agriculture",112,0,0,0,0,0,0,0,0,0,0,0,0,0,0,0,0,0,0,0,0,0,0,0,0,0,0,0,0,0,0,0,0,0,0,0,0,0,0,0,0,0,0,0,0,0,0,0,0,0,0,0,0,0,0,0,0,0,0,0,0,0,0,0,0,0.1,0.1,0.1,0.1,0.1,0.1,0.1,0.1,0.1,0.1,0.1,0.1,0.1,0.1,0.1,0.1,0.1,0.1,0.2,0.2,0.2,0.2,0.2,0.2,0.2,0.3,0.3,0.3,0.3,0.4,0.4,0.5,0.5,0.6,0.6,0.7,0.8,0.8,0.9,1,1.1,1.3,1.4,1.5,1.7,1.9,2,2.2,2.4,2.6,2.9,3.1,3.3,3.6,3.8,4.1,4.3,4.6,4.9,5.2,5.5,5.8,6.2,6.5,6.9,7.4,7.9,8.5,9.1,9.9,10.7,11.5,12.5,13.5,14.6,15.8,17,18.2,19.4,20.7,21.8,22.9,23.9,24.7,25.4,25.9,26.2,26.4,26.5,26.4,26.2,25.9,25.5,25,24.5,24,23.5,23.1,22.7,22.4,22.2,22.4,22.9,23.9,25.7,28.5,32.6,38.5,46.7,57.7,72.3,91.2,115.3,145.4,182.4,226.9,279.5,340.3,409.3,485.8,568.7,656.2,746.4,836.5,923.6,1004.4,1075.9,1135,1179.2,1206.5,1215.6,1206,1178.3,1133.6,1074.1,1002.1,920.9,833.5,743.1,652.7,565,482,405.5,336.6,275.9,223.5,179.2,142.6,112.8,89,70.5,56.2,45.5,37.5,31.8,27.7,24.8,22.8,21.4,20.4,19.7,19.2,18.8,18.4,18.1,17.7,17.4,17,16.6,16.1,15.7,15.2,14.7,14.2,13.7,13.2,12.6,12.1,11.7,11.2,10.7,10.3,9.8,9.4,9,8.7,8.3,8,7.7,7.3,7,6.7,6.4,6.1,5.8,5.6,5.3,5.1,4.9,4.7,4.5,4.3,4.2,4,3.9,3.8,3.7,3.6,3.5,3.4,3.3,3.2,3.1,3,3,2.9,2.8,2.7,2.6,2.5,2.4,2.3,2.2,2.1,2,1.9,1.8,1.7,1.6,1.5,1.4,1.4,1.3,1.2,1.2,1.1,1,1,0.9,0.9,0.9,0.8,0.8,0.7,0.7,0.7,0.7,0.6,0.6,0.6,0.6,0.5,0.5,0.5,0.5,0.4,0.4,0.4,0.4,0.4,0.4,0.3,0.3,0.3,0.3,0.3,0.3,0.3,0.2,0.2,0.2,0.2,0.2,0.2,0.2,0.2,0.2,0.2,0.2,0.1,0.1,0.1,0.1,0.1,0.1,0.1,0.1,0.1,0.1,0.1,0.1,0.1,0.1,0.1,0.1,0.1,0.1,0.1,0,0,0
"Strawberries","Agriculture",113,0,0,0,0,0,0,0,0,0,0,0,0,0,0,0,0,0,0,0,0,0,0,0,0,0,0,0,0,0,0,0,0,0,0,0,0,0,0,0,0,0,0,0,0,0,0,0,0,0,0,0,0,0,0,0,0,0,0,0,0,0,0,0,0,0.1,0.1,0.1,0.1,0.1,0.1,0.1,0.1,0.1,0.1,0.1,0.1,0.1,0.1,0.1,0.1,0.1,0.1,0.2,0.2,0.2,0.2,0.2,0.2,0.2,0.3,0.3,0.3,0.3,0.4,0.4,0.5,0.5,0.6,0.6,0.7,0.8,0.8,0.9,1,1.1,1.3,1.4,1.5,1.7,1.9,2,2.2,2.4,2.6,2.9,3.1,3.3,3.6,3.8,4.1,4.3,4.6,4.9,5.2,5.5,5.8,6.2,6.7,7.2,8,9.1,10.8,13.1,16.5,21,27,34.3,42.8,51.8,60.6,68.1,73.6,76.4,76.1,73,67.7,61,53.9,47.2,41.3,36.6,33,30.4,28.6,27.4,26.5,25.8,25.1,24.6,24,23.4,22.8,22.3,21.7,21.2,20.7,20.2,19.9,19.6,19.4,19.3,19.3,19.3,19.5,19.6,19.8,19.9,20,20.1,20.1,20.1,20.1,20,19.8,19.6,19.3,19,18.7,18.3,17.9,17.6,17.2,16.9,16.6,16.3,16.1,15.9,15.8,15.7,15.7,15.7,15.7,15.7,15.8,15.9,16,16.2,16.4,16.5,16.7,16.9,17.1,17.3,17.6,17.8,18,18.1,18.3,18.5,18.6,18.7,18.7,18.7,18.7,18.7,18.6,18.4,18.2,18,17.7,17.3,17,16.5,16.1,15.7,15.2,14.7,14.2,13.7,13.2,12.6,12.1,11.7,11.2,10.7,10.3,9.8,9.4,9,8.7,8.3,8,7.7,7.3,7,6.7,6.4,6.1,5.8,5.6,5.3,5.1,4.9,4.7,4.5,4.3,4.2,4,3.9,3.8,3.7,3.6,3.5,3.4,3.3,3.2,3.1,3,3,2.9,2.8,2.7,2.6,2.5,2.4,2.3,2.2,2.1,2,1.9,1.8,1.7,1.6,1.5,1.4,1.4,1.3,1.2,1.2,1.1,1,1,0.9,0.9,0.9,0.8,0.8,0.7,0.7,0.7,0.7,0.6,0.6,0.6,0.6,0.5,0.5,0.5,0.5,0.4,0.4,0.4,0.4,0.4,0.4,0.3,0.3,0.3,0.3,0.3,0.3,0.3,0.2,0.2,0.2,0.2,0.2,0.2,0.2,0.2,0.2,0.2,0.2,0.1,0.1,0.1,0.1,0.1,0.1,0.1,0.1,0.1,0.1,0.1,0.1,0.1,0.1,0.1,0.1,0.1,0.1,0.1,0,0,0
"Swamp","Wetland",602,0,0,0,0,0,0,0,0,0,0,0,0,0,0,0,0,0,0,0,0,0,0,0,0,0,0,0,0,0,0,0,0,0,0,0,0,0,0,0,0,0,0,0,0,0,0,0,0,0,0,0,0,0.1,0.1,0.1,0.2,0.3,0.4,0.7,1,1.6,2.4,3.6,5.4,7.9,11.5,16.5,23.5,33,45.6,62.4,84.1,111.9,147,190.5,243.7,307.5,383,470.8,571,683.4,807.1,940.6,1081.7,1227.6,1374.8,1519.3,1656.9,1783.2,1894,1985.4,2054.1,2097.7,2115,2106.2,2072.9,2018.2,1946.6,1863.6,1775.7,1689.4,1611.1,1546.2,1498.3,1469.4,1458.5,1462.7,1476.7,1493.8,1506.8,1509,1494.7,1460.4,1404.9,1329.2,1236.2,1130.4,1016.7,900.1,784.6,673.4,568.6,471.5,383.1,304.6,237,181.4,138.7,109.2,92.4,86.8,89.4,96.2,102.6,105.6,104.4,101.6,101.8,109.5,126.7,152.6,183.5,215.4,244.9,270.3,290.5,304.6,310.6,306.3,290.2,262.2,225.2,183.5,142.4,106.4,77.8,57,42.9,33.6,27.7,23.7,20.9,18.8,17.3,16.3,15.5,15.1,14.9,15,15.3,15.8,16.5,17.3,18.2,19.1,20,20.8,21.7,22.6,23.7,25.2,27.3,30.5,35.4,42.9,53.9,69.5,90.1,116.1,146.6,179.8,213,242.5,264.8,276.9,277.1,265.6,243.9,215,182.6,150.2,120.7,95.8,76.2,62,52.2,46.1,42.6,40.9,40.3,40.3,40.6,41.1,41.5,42,42.3,42.7,43,43.3,43.6,44,44.4,44.9,45.3,45.8,46.2,46.5,46.6,46.5,46.3,45.9,45.4,44.9,44.5,44.1,43.9,43.9,44.2,44.5,45.1,45.8,46.6,47.4,48.1,48.9,49.4,49.9,50.1,50.1,49.8,49.3,48.5,47.4,46.2,44.7,43.1,41.4,39.7,38,36.4,34.9,33.7,32.8,32.1,31.8,31.8,32.2,33,34.2,35.6,37.3,39.3,41.4,43.5,45.7,47.7,49.6,51.2,52.5,53.4,53.8,53.8,53.3,52.4,50.9,49,46.8,44.2,41.4,38.3,35.2,31.9,28.7,25.6,22.6,19.7,17,14.6,12.4,10.4,8.6,7.1,5.8,4.7,3.7,3,2.3,1.8,1.4,1.1,0.8,0.6,0.5,0.3,0.2,0.2,0.1,0.1,0.1,0.1,0,0,0,0,0,0,0,0,0,0,0,0,0,0,0,0,0,0,0,0,0,0,0,0,0,0,0,0,0,0,0,0,0,0,0,0,0,0,0,0,0,0,0,0,0
"Urban tree","Developed",204,0,0,0,0,0,0,0,0,0,0,0,0,0,0,0,0,0,0,0,0,0,0,0,0,0,0,0,0,0,0,0,0,0,0,0,0,0,0,0,0,0,0,0,0,0,0,0,0,0,0,0,0,0,0,0,0,0,0,0,0.1,0.1,0.2,0.2,0.4,0.5,0.8,1.1,1.6,2.2,3.1,4.2,5.6,7.5,9.9,12.8,16.4,20.7,25.7,31.6,38.4,45.9,54.2,63.2,72.7,82.5,92.4,102.1,111.4,119.9,127.6,134.6,141.9,151.6,166.4,187.6,212.6,233.3,240.3,228.7,202.2,169.7,139.5,115.6,98.3,87.1,82.2,85.1,98.5,125.6,168.5,226.7,295.9,367.2,429,469.9,483,467.9,431.2,383.6,336.7,299.2,275.9,268,274.4,293.4,322.6,358.2,394.2,422.6,435.4,427.2,397.4,350.8,296.6,245.7,208.5,193.1,203.5,238.7,293.3,358.9,426.5,488.8,542.8,591.5,646.5,730.9,880.7,1143.9,1575.4,2228.5,3143,4331.5,5767.6,7377.1,9038.3,10593.2,11869.6,12711.3,13008.9,12722.9,11892,10625,9077,7418.7,5805.6,4356.3,3141.1,2184,1472.2,970.2,633,416.1,281.4,199.9,150.6,119.9,99.4,84.2,72,61.4,52,43.6,36.2,29.8,24.2,19.5,15.6,12.4,9.7,7.6,5.8,4.5,3.4,2.6,1.9,1.4,1,0.8,0.6,0.4,0.3,0.3,0.3,0.3,0.4,0.6,0.8,1.1,1.6,2.1,2.8,3.6,4.6,5.7,6.9,8.1,9.4,10.7,11.8,12.8,13.5,14,14.1,14,13.5,12.8,11.8,10.7,9.4,8.1,6.9,5.7,4.6,3.6,2.8,2.1,1.6,1.1,0.8,0.5,0.4,0.2,0.2,0.1,0.1,0,0,0,0,0,0,0,0,0,0,0,0,0,0,0,0,0,0,0,0,0,0,0,0,0,0,0,0,0,0,0,0,0,0,0,0,0,0,0,0,0,0,0,0,0,0,0,0,0,0,0,0,0,0,0,0,0,0,0,0,0,0,0,0,0,0,0,0,0,0,0,0,0,0,0,0,0,0,0,0,0,0,0,0,0,0,0,0,0,0,0,0,0,0,0,0,0,0,0,0,0,0,0,0,0,0,0,0,0,0,0,0,0,0,0,0,0,0,0
"Water","Water",801,0,0,0,0,0,0,0,0,0,0,0,0,0,0,0,0,0,0,0,0,0,0,0,0,0,0,0,0,0,0,0,0,0,0,0,0,0,0,0,0,0,0,0,0,0,0,0,0,0,0,0,0,0,0,0,0,0,0,0,0,0,0,0,0,0,0,0,0,0,0,0,0,0,0,0,0,0,0,0,0,0,0,0,0,0,0,0,0,0,0,0,0,0,0,0,0,0,0,0,0,0,0,0,0,0,0,0,0,0,0,0,0,0,0,0,0,0,0,0,0,0,0,0,0,0,0,0,0,0,0,0,0,0,0,0,0,0,0,0,0,0,0,0,0,0,0,0,0,0,0,0,0,0,0,0,0,0,0,0,0,0,0,0,0,0,0,0,0,0,0,0,0,0,0,0,0,0,0,0,0,0,0,0,0,0,0,0,0,0,0,0,0,0,0,0,0,0,0,0,0,0,0,0,0,0,0,0,0,0,0,0,0,0,0,0,0,0,0,0,0,0,0,0,0,0,0,0,0,0,0,0,0,0,0,0,0,0,0,0,0,0,0,0,0,0,0,0,0,0,0,0,0,0,0,0,0,0,0,0,0,0,0,0,0,0,0,0,0,0,0,0,0,0,0,0,0,0,0,0,0,0,0,0,0,0,0,0,0,0,0,0,0,0,0,0,0,0,0,0,0,0,0,0,0,0,0,0,0,0,0,0,0,0,0,0,0,0,0,0,0,0,0,0,0,0,0,0,0,0,0,0,0,0,0,0,0,0,0,0,0,0,0,0,0,0,0,0,0,0,0,0,0,0,0,0,0,0,0,0,0,0,0,0,0,0
"Wet_emergent","Wetland",603,0,0,0,0,0,0,0,0,0,0,0,0,0,0,0,0,0,0,0,0,0,0,0,0,0,0,0,0,0,0,0,0,0,0,0,0,0,0,0,0,0,0,0,0,0,0,0,0,0,0,0,0,0,0,0,0,0,0,0,0,0,0,0,0,0,0,0,0,0,0,0,0,0,0,0,0,0,0,0,0,0,0,0,0,0,0,0,0.1,0.1,0.1,0.2,0.3,0.5,0.9,1.6,2.6,4.2,6.7,10.1,14.9,21.4,29.6,39.8,51.9,65.5,80.3,95.3,109.7,122.4,132.5,139.1,141.7,140,134.3,125.2,113.5,100.2,86.2,72.3,59.1,47.2,36.6,27.7,20.3,14.4,9.9,6.7,4.3,2.8,1.8,1.2,0.9,0.7,0.7,0.7,0.9,1.1,1.3,1.6,2.1,2.6,3.2,3.9,4.9,5.9,6.9,7.6,7.9,7.8,7.2,6.5,5.8,5.3,5,5,5.1,5.4,5.8,6.5,7.3,8.3,9.5,11,12.6,14.5,16.6,18.9,21.5,24.4,27.5,30.8,34.1,37.5,40.9,44.2,47.4,50.7,54.1,57.7,61.7,66.2,71.2,76.7,82.6,88.9,95.3,101.7,107.7,113.2,117.9,121.7,124.3,125.8,126.1,125.3,123.5,120.9,117.8,114.5,111.1,107.9,105.2,103.1,101.7,101.1,101.3,102.2,103.8,105.9,108.2,110.7,113,115,116.6,117.6,118.1,118.2,117.8,117.3,116.7,116.4,116.5,117.1,118.5,120.8,124.1,128.4,133.9,140.6,148.5,157.5,167.7,179,191.2,204.1,217.6,231.5,245.4,259.3,272.7,285.4,297.2,307.7,316.8,324.1,329.4,332.7,333.6,332.1,328.3,322,313.4,302.6,289.8,275.3,259.3,242.2,224.4,206.2,187.8,169.8,152.2,135.5,119.6,104.9,91.4,79.2,68.2,58.5,50.1,42.7,36.4,31.1,26.6,22.9,19.8,17.3,15.2,13.5,12,10.8,9.8,8.9,8.1,7.4,6.7,6.1,5.5,5,4.5,4,3.6,3.1,2.8,2.4,2.1,1.8,1.5,1.3,1.1,0.9,0.7,0.6,0.5,0.4,0.3,0.3,0.2,0.2,0.1,0.1,0.1,0.1,0.1,0,0,0,0,0,0,0,0,0,0,0,0,0,0,0,0,0,0,0,0,0,0,0,0,0,0,0,0,0,0,0,0,0,0,0,0,0,0,0,0,0,0,0,0,0,0,0,0,0,0,0
"Wet_shrub","Wetland",604,0,0,0,0,0,0,0,0,0,0,0,0,0,0,0,0,0,0,0,0,0,0,0,0,0,0,0,0,0,0,0,0,0,0,0,0,0,0,0,0,0,0,0,0,0,0,0,0,0,0,0,0,0,0,0,0,0,0,0,0,0,0,0,0,0,0,0,0,0,0,0,0,0,0,0,0.1,0.1,0.1,0.1,0.1,0.1,0.2,0.2,0.3,0.3,0.4,0.5,0.6,0.7,0.9,1.2,1.7,2.5,4.1,6.6,10.7,17.1,26.7,40.6,59.8,85.4,118.4,159.2,207.4,262,320.7,380.7,438,488.7,528.6,554.7,565.1,559.4,538.8,506.1,464.2,416.5,365.6,313.4,261.4,211.2,164.5,123,88.1,60.5,40,25.6,16.2,10.4,7.1,5.5,5,5.1,5.6,6.4,7.3,8.2,9,9.8,10.6,11.3,12.1,12.8,13.5,14.2,14.7,15,15.1,15,14.8,14.4,13.9,13.5,13,12.6,12.3,12.1,12,12,12.3,12.8,13.5,14.6,15.9,17.7,20,22.7,26,29.7,33.9,38.4,43,47.6,52.1,56.3,60.4,64.4,68.6,73.1,78.2,84,90.5,97.7,105.5,113.6,121.6,129.3,136.4,142.5,147.5,151.1,153.3,154.1,153.4,151.5,148.5,144.6,140,135,129.8,124.6,119.5,114.6,110.1,105.8,102,98.5,95.4,92.6,90.3,88.2,86.4,84.7,83.2,81.7,80.2,78.5,76.8,74.8,72.5,70,67.3,64.3,61.1,57.7,54.3,50.9,47.5,44.4,41.5,38.9,36.6,34.7,33.1,31.9,30.9,30.2,29.8,29.5,29.4,29.4,29.5,29.7,30,30.3,30.6,30.9,31.3,31.6,31.9,32.1,32.2,32.1,31.9,31.4,30.8,29.9,28.9,27.8,26.5,25.2,23.9,22.6,21.2,19.9,18.6,17.4,16.2,15.1,14.2,13.4,12.7,12.2,11.8,11.6,11.4,11.3,11.3,11.2,11.2,11.1,11,10.8,10.5,10.2,9.8,9.3,8.8,8.2,7.6,7,6.4,5.7,5.1,4.5,4,3.5,3,2.6,2.2,1.9,1.6,1.3,1.1,0.9,0.8,0.7,0.6,0.5,0.4,0.4,0.3,0.3,0.2,0.2,0.2,0.2,0.1,0.1,0.1,0.1,0.1,0.1,0.1,0.1,0,0,0,0,0,0,0,0,0,0,0,0,0,0,0,0,0,0,0,0,0,0,0,0,0,0,0,0,0,0,0,0,0,0,0,0,0,0,0,0
NA,"Other",401,0,0,0,0,0,0,0,0,0,0,0,0,0,0,0,0,0,0,0,0,0,0,0,0,0,0,0,0,0,0,0,0,0,0,0,0,0,0,0,0,0,0,0,0,0,0,0,0,0,0,0,0,0,0,0,0,0,0,0,0,0,0,0,0,0,0,0,0,0,0,0,0,0,0,0,0,0,0,0,0,0,0,0,0,0,0,0,0,0,0,0,0,0,0,0,0,0,0,0,0,0,0,0,0,0,0,0,0,0,0,0,0,0,0,0,0,0,0,0,0,0,0,0,0,0,0,0,0,0,0,0,0,0,0,0,0,0,0,0,0,0,0,0,0,0,0,0,0,0,0,0,0,0,0,0,0,0,0,0,0,0,0,0,0,0,0,0,0,0,0,0,0,0,0,0,0,0,0,0,0,0,0,0,0,0,0,0,0,0,0,0,0,0,0,0,0,0,0,0,0,0,0,0,0,0,0,0,0,0,0,0,0,0,0,0,0,0,0,0,0,0,0,0,0,0,0,0,0,0,0,0,0,0,0,0,0,0,0,0,0,0,0,0,0,0,0,0,0,0,0,0,0,0,0,0,0,0,0,0,0,0,0,0,0,0,0,0,0,0,0,0,0,0,0,0,0,0,0,0,0,0,0,0,0,0,0,0,0,0,0,0,0,0,0,0,0,0,0,0,0,0,0,0,0,0,0,0,0,0,0,0,0,0,0,0,0,0,0,0,0,0,0,0,0,0,0,0,0,0,0,0,0,0,0,0,0,0,0,0,0,0,0,0,0,0,0,0,0,0,0,0,0,0,0,0,0,0,0,0,0,0,0,0,0,0
