"buffer","transect","Blackberry","Corn","Cucurbita","Flowers","Forage","Forest","Hedgerow_PP","Melon","Semi-natural","Soybean","Strawberry","Tomato","Unknown","Vegetable","Asparagus","Eggplant","Pepper","Physalis","Raspberry","Apple","Bean","Cucumber","Pea","Buckwheat","Watermelon","Cereal","Garlic","Beet","Sunflower","Potato","Onion","Canola","total"
"250",1.1,2292.96470740996,9008.40616733814,3778.62437008508,1115.31963136885,14807.3439929703,1725.47238286166,19037.7824436597,14352.0403680913,5347.57169210073,33654.3518260689,4814.36920967253,4114.56933875661,27289.8832887788,34417.3194935271,0,0,0,0,0,0,0,0,0,0,0,0,0,0,0,0,0,0,175756.01891269
"250",1.2,0,0,14698.4526947774,0,58831.5526170455,5330.00731191598,11441.7084211958,3625.44643471403,0,0,8476.40397126548,18415.8690665402,5006.25734234741,42301.9111245622,9380.09668817744,607.068376503536,3844.22769962903,571.046190582332,2800.02171809226,0,0,0,0,0,0,0,0,0,0,0,0,0,185330.069657349
"250",1.3,0,0,14698.4526947774,0,58460.8934032722,5779.21766820364,11471.4054135844,3300.53504040258,0,0,8443.89515355736,18415.8690665402,5042.58699989412,42248.5658163236,9380.09668817744,607.068376503536,4153.81619012961,571.046190582332,2889.46292078868,0,0,0,0,0,0,0,0,0,0,0,0,0,185462.911622737
"250",1.4,0,3154.2020444274,18663.3262442937,0,24169.4595858218,0,18311.4071260396,13931.5104525536,0,32189.3389799846,15442.5416724464,18415.8690665402,7968.20621045353,23862.7132210177,9380.09668817744,0,0,0,0,0,0,0,0,0,0,0,0,0,0,0,0,0,185488.671291756
"250",2.1,0,0,352.135727182031,0,13955.6298019933,6428.00075626746,1927.36786743742,0,2679.14854714694,0,0,0,4190.58644864781,0,171.431224789703,0,0,0,180.659656072967,965.837193368468,106.304197092802,98.7539419494569,362.755597185344,0,0,0,0,0,0,0,0,0,31418.6109591336
"250",2.2,0,0,352.135727182031,0,14321.163274151,17058.1062967302,1927.36786743742,0,2679.14854714694,0,0,0,4190.58644864781,0,171.431224789703,0,0,0,180.659656072967,965.837193368468,106.304197092802,98.7539419494569,362.755597185344,0,0,0,0,0,0,0,0,0,42414.2499717542
"250",2.3,0,0,352.135727182031,0,7430.09349815641,0,1927.36786743742,0,1798.94777896814,0,0,0,4055.46720885418,0,171.431224789703,0,0,0,180.659656072967,965.837193368468,106.304197092802,98.7539419494569,362.755597185344,0,0,0,0,0,0,0,0,0,17449.7538910569
"250",2.4,0,0,352.135727182031,0,15269.9321982274,15511.4065436646,1927.36786743742,0,2679.14854714694,0,0,0,4190.58644864781,0,171.431224789703,0,0,0,180.659656072967,965.837193368468,106.304197092802,98.7539419494569,362.755597185344,0,0,0,0,0,0,0,0,0,41816.319142765
"250",2.5,0,0,352.135727182031,0,11703.7946169758,4009.16375444829,1927.36786743742,0,2679.14854714694,0,0,0,4190.58644864781,0,171.431224789703,0,0,0,180.659656072967,965.837193368468,106.304197092802,98.7539419494569,362.755597185344,0,0,0,0,0,0,0,0,0,26747.938772297
"250",2.6,0,0,352.135727182031,0,11982.6514248597,4713.63046221063,1927.36786743742,0,2679.14854714694,0,0,0,4190.58644864781,0,171.431224789703,0,0,0,180.659656072967,965.837193368468,106.304197092802,98.7539419494569,362.755597185344,0,0,0,0,0,0,0,0,0,27731.2622879432
"250",3.1,0,0,423.735528632639,0,112180.119507519,37150.9693355007,0,0,4710.79834284276,0,0,0,7565.31980454438,0,0,0,0,0,0,0,0,0,0,0,0,0,0,0,0,0,0,0,162030.942519039
"250",3.2,0,11607.6317780404,423.735528632639,0,167919.006705093,0,0,0,7163.10051179018,0,0,0,7565.31980454438,0,0,0,0,0,0,0,0,0,0,0,0,0,0,0,0,0,0,0,194678.7943281
"250",3.3,0,11607.6317780404,423.735528632639,0,167919.006705093,0,0,0,7163.10051179018,0,0,0,7565.31980454438,0,0,0,0,0,0,0,0,0,0,0,0,0,0,0,0,0,0,0,194678.7943281
"250",3.4,0,0,423.735528632639,0,56878.1554675371,100742.438468855,1181.04663058592,0,593.614745108332,0,0,0,7404.41683303453,0,0,0,0,0,0,0,0,0,0,0,0,0,0,0,0,0,0,0,167223.407673754
"250",3.5,0,778.038992454472,423.735528632639,0,144407.338878652,21376.4693799395,36.1243471808266,0,8097.43082747764,0,0,0,7565.31980454438,0,0,0,0,0,0,0,0,0,0,0,0,0,0,0,0,0,0,0,182684.457758882
"250",3.6,0,778.038992454472,423.735528632639,0,144407.338878652,21376.4693799395,36.1243471808266,0,8097.43082747764,0,0,0,7565.31980454438,0,0,0,0,0,0,0,0,0,0,0,0,0,0,0,0,0,0,0,182684.457758882
"250",4.1,0,44191.3775455281,6769.43074078462,0,17178.2964310534,27688.3610823755,22667.6845285021,0,0,0,7415.90601697937,0,1786.52353539784,0,0,0,0,0,211.503284589591,18567.9088759649,0,0,0,0,0,0,0,0,0,0,0,0,146476.992041175
"250",4.2,0,2206.1483462397,4418.85451335739,0,94635.1590691452,12247.6031045539,22695.8896385119,0,10965.7127999108,0,7638.96928146388,0,1786.52353539784,0,0,0,0,0,401.552947629592,1784.25260533765,0,0,0,13021.509300461,0,0,0,0,0,0,0,0,171802.175142009
"250",4.3,0,48114.3486870797,0,0,0,79765.6257037558,0,0,0,36551.0745129436,0,0,0,0,0,0,0,0,0,0,0,0,0,0,0,0,0,0,0,0,0,0,164431.048903779
"250",4.4,0,42666.9661916839,5853.58405207307,0,10648.2104872949,38492.7805011879,19513.3340465326,0,0,0,2900.71742264647,0,0,0,0,0,0,0,0,16783.6562706273,0,0,0,0,0,0,0,0,0,0,0,0,136859.248972046
"250",4.5,0,72576.5811483636,15336.9079000123,0,7705.24813975673,13886.4562435672,21107.6216427013,0,1297.41981856525,0,8999.28970398754,0,1771.40117770946,0,0,0,0,0,372.088906696532,12587.7250034718,0,0,0,12667.6083734501,0,0,0,0,0,0,0,0,168308.348058282
"250",5.1,0,0,0.993998436948459,0,117902.061791915,0,404.086241753772,3320.46200767616,13635.2901808699,0,0,0,0,0,0,0,0,0,0,0,0,0,0,12844.6309787594,2086.10319244768,0,0,0,0,0,0,0,150193.628391859
"250",5.2,0,0,1802.06061339355,0,102504.047666432,0,9214.81823560107,346.783679300992,21815.4910358167,0,0,0,0,0,0,0,0,0,0,0,0,0,0,11937.7973644119,687.03415868408,0,0,0,0,0,0,0,148308.03275364
"250",5.3,0,0,1802.06061339355,0,102710.027667389,0,8751.98482460272,496.863911945664,20988.5915116649,0,0,0,0,0,0,0,0,0,0,0,0,0,0,12681.3702805694,687.03415868408,0,0,0,0,0,0,0,148117.932968249
"250",5.4,0,0,1802.06061339355,0,104104.677933379,0,9376.10627390607,190.805031940828,21758.5017514201,0,0,0,0,0,0,0,0,0,0,0,0,0,0,11227.4765918376,687.03415868408,0,0,0,0,0,0,0,149146.662354561
"250",6.1,0,8541.26761081116,3859.59633620456,0,3159.7089346731,59593.651399826,0,0,8647.50563010573,57463.5286629405,14243.2449692488,0,0,0,0,0,0,0,3152.64086483489,0,0,0,0,0,0,0,0,0,0,0,0,0,158661.144408645
"250",6.2,0,24408.8146239989,5275.51412525028,0,3159.7089346731,54788.5398880232,829.758134258911,0,8891.59830374876,35398.2326764781,7383.64830374811,0,0,0,0,0,0,0,5255.7621443586,0,0,0,0,0,0,0,0,0,0,0,0,0,145391.577134538
"250",6.3,0,23715.9480180517,5844.74684820324,0,3218.69565769762,29728.1837046368,1826.86568780243,0,3523.428519045,65469.7899455491,6023.95075479988,0,0,0,0,0,0,0,5255.7621443586,0,0,0,0,0,0,0,0,0,0,0,0,0,144607.371280144
"250",6.4,0,13391.4701718092,5844.74684820324,0,2479.41370853502,27240.9972427583,3975.62902405113,0,8987.00918733142,73557.7119785955,27409.0468594916,0,0,0,0,0,0,0,5255.7621443586,0,0,0,0,0,0,0,0,0,0,0,0,0,168141.787165134
"250",7.1,0,33977.9666974321,0,0,96204.135358882,0,16265.6976995226,0,0,49361.6225338876,0,0,0,0,0,0,0,0,0,0,0,0,0,450.413581560832,0,0,0,0,0,0,0,0,196259.835871285
"250",7.2,0,18560.8564264153,435.075117201777,0,116922.548515198,2478.39658443162,10590.5641120411,0,733.141403221496,30291.0654449388,0,0,3133.54148058337,0,0,0,0,0,0,0,0,0,0,846.159091326408,0,0,0,0,0,0,0,0,183991.348175358
"250",7.3,0,34060.2684042091,405.636486140545,0,114838.490793016,0,13383.5941189937,0,0,29141.1748843417,0,0,3035.68227134435,0,0,0,0,0,0,0,0,0,0,846.159091326408,0,0,0,0,0,0,0,0,195711.006049372
"250",7.4,0,177.140198726207,435.075117201777,0,111309.741373831,10641.7553926151,5721.08745341375,0,3894.8008742627,23574.2370702401,0,0,3133.54148058337,0,0,0,0,0,0,0,0,0,0,846.159091326408,0,0,0,0,0,0,0,0,159733.538052201
"250",8.1,0,4906.18891435768,0,0,118900.234032894,0,3792.48919714382,0,0,44426.7502264082,0,0,344.320943244267,0,0,0,0,0,0,0,0,0,0,0,0,0,0,0,0,0,0,0,172369.983314048
"250",9.1,0,0,743.975194754312,0,0,50979.5281639895,4623.31350375415,0,92900.7692235255,0,0,0,17300.8012489742,0,0,0,0,0,0,0,0,0,0,0,0,0,0,0,0,0,0,0,166548.387334998
"250",9.2,0,0,23.5883976992918,0,30212.122772677,35359.9318563575,145.007857947319,0,92039.6210294852,0,0,0,7832.06984871681,0,0,0,0,0,0,0,0,0,0,4785.95708871735,0,0,0,0,0,0,0,0,170398.298851601
"250",9.3,0,0,743.975194754312,0,6974.67185537238,59835.9689972035,2131.33205115912,0,94683.7550791094,0,0,0,17300.8012489742,0,0,0,0,0,0,0,0,0,0,0,0,0,0,0,0,0,0,0,181670.504426573
"250",9.4,0,0,743.975194754312,0,6974.67185537238,59835.9689972035,2131.33205115912,0,94683.7550791094,0,0,0,17300.8012489742,0,0,0,0,0,0,0,0,0,0,0,0,0,0,0,0,0,0,0,181670.504426573
"250",10.1,0,0,0,0,0,35137.4232173709,0,0,92935.8093619278,0,0,0,15320.8458052473,0,0,0,0,0,0,0,0,0,0,1506.30692235065,0,6684.099707495,0,0,0,0,0,0,151584.485014392
"250",10.2,0,0,0,0,0,35137.4232173709,0,0,92935.8093619278,0,0,0,15320.8458052473,0,0,0,0,0,0,0,0,0,0,1506.30692235065,0,6684.099707495,0,0,0,0,0,0,151584.485014392
"250",10.3,0,0,828.218682053033,0,70.733626649715,78301.7978911296,0,0,65778.4601828956,0,0,0,25631.8913089791,0,0,0,0,0,0,0,0,0,0,9621.38132956543,0,0,0,0,0,0,0,0,180232.483021272
"250",10.4,0,0,828.218682053033,0,182.8017866913,74414.4172445913,0,0,68797.086138825,0,0,0,25878.0159765275,0,0,0,0,0,0,0,0,0,0,9846.39924430405,0,0,0,0,0,0,0,0,179946.939072992
"250",11.1,0,0,1153.21714904159,0,9783.09242450772,80180.5232250855,3716.9138144413,0,31704.9879715536,0,0,0,16793.8047413859,0,0,0,0,0,0,0,0,0,0,0,0,0,0,0,0,0,0,0,143332.539326016
"250",11.2,0,0,1153.21714904159,0,9783.09242450772,95543.7162179121,4164.7142738374,0,8855.1703538039,0,0,0,15482.1619042118,0,0,0,0,0,0,0,0,0,0,0,0,0,0,0,0,0,0,0,134982.072323314
"250",11.3,0,0,1153.21714904159,0,9603.30599706201,78084.2213269005,2631.12845711876,0,22967.4020170439,0,0,0,15433.2770416245,0,0,0,0,0,0,0,0,0,0,0,0,0,0,0,0,0,0,0,129872.551988791
"250",11.4,0,0,1153.21714904159,0,9783.09242450772,102784.482991699,4164.7142738374,0,19019.0880701458,0,0,0,16793.8047413859,0,0,0,0,0,0,0,0,0,0,0,0,0,0,0,0,0,0,0,153698.399650618
"250",12.1,0,0,347.704036704963,0,0,893.618011335144,17817.8594707712,0,30406.5539650389,108725.746397314,0,0,23406.5703487241,0,0,0,0,0,0,0,0,0,0,0,0,0,1085.99197361059,0,0,0,0,0,182684.044203499
"250",12.2,0,0,0,0,0,38582.8135111241,4594.93408842967,0,17580.8651341083,109603.227770794,0,0,0,0,0,0,0,0,0,0,0,0,0,0,0,0,0,0,0,0,0,0,170361.840504456
"250",12.3,0,0,347.704036704963,0,500.845305799041,0,6396.23735428252,0,44267.6963710008,89023.2514961307,0,0,23406.5703487241,0,0,0,0,0,0,0,0,0,0,0,0,0,1085.99197361059,0,0,0,0,0,165028.296886253
"250",13.1,0,14942.2674584878,28536.4530399162,0,39409.5963814574,106644.651586549,1078.28840561322,0,0,0,0,0,0,0,0,0,0,0,0,0,0,0,0,0,0,0,0,0,0,0,0,0,190611.256872024
"250",13.2,0,4770.58641179698,23370.8805258404,0,13289.8429447521,150598.034178374,0,0,0,0,0,0,0,0,0,0,0,0,0,0,0,0,0,0,0,0,0,0,0,0,0,0,192029.344060763
"250",13.3,0,4830.10533685214,23670.1564012987,0,26911.6288961802,136045.574919242,0,0,0,0,0,0,0,0,0,0,0,0,0,0,0,0,0,0,0,0,0,0,0,0,0,0,191457.465553573
"250",14.1,0,25503.6096325474,3980.31551324483,0,0,11559.9946975233,24785.2494804016,0,0,103573.024842201,8989.81726795994,0,0,0,0,0,0,0,1110.84027164057,0,8806.14396496909,0,0,0,0,0,0,0,0,0,0,0,188308.995670488
"250",14.2,0,0,76524.6132564577,0,0,96637.6161234006,1539.91678550412,0,0,18007.8594891634,0,0,0,0,0,0,0,0,0,0,0,0,0,0,0,0,0,0,0,0,0,0,192710.005654526
"250",14.3,0,16645.9643621687,0,0,0,29050.9225975219,14750.1661318247,0,2412.64347467892,58478.9592360865,32079.187151792,0,0,0,0,0,0,0,14363.9067729004,0,0,0,0,0,0,0,0,0,0,0,0,0,167781.749726973
"250",14.4,0,17458.9799220697,85923.1878158245,0,0,2216.47100325301,20486.5104905735,0,0,43439.0886637748,0,0,0,0,0,0,0,0,0,0,1427.44752940582,0,0,0,0,0,0,0,0,0,0,0,170951.685424901
"250",15.1,0,0,2647.90956868837,0,50244.5587528695,83113.7132193911,622.998058232712,0,24497.064198476,0,0,0,9009.60704611142,0,402.545776673709,0,0,0,0,0,0,0,0,0,0,0,0,0,0,0,0,0,170538.396620443
"250",15.2,0,0,2205.00846917601,0,28743.4643411253,129502.564454432,0,0,23619.5163039909,0,0,0,5630.28496955573,0,195.353902892792,0,0,0,0,0,0,0,0,0,0,0,0,0,0,0,0,0,189896.192441173
"250",15.3,0,0,1640.53625204926,0,33698.564820021,122440.293108416,635.287456156919,0,27061.8400755081,0,0,0,4673.0038280973,0,0,0,0,0,0,0,0,0,0,0,0,0,0,0,0,0,0,0,190149.525540249
"250",15.4,0,0,2647.90956868837,0,28871.5474228177,116834.043675339,378.810312668094,0,25844.3307456209,0,0,0,10182.2176913842,0,402.545776673709,0,0,0,0,0,0,0,0,0,0,0,0,0,0,0,0,0,185161.405193192
"250",15.5,0,0,2647.90956868837,0,32936.4027789913,102008.878780108,1.01435006834799,0,34792.0489083552,0,0,0,9830.62121952877,0,402.545776673709,0,0,0,0,0,0,0,0,0,0,0,0,0,0,0,0,0,182619.421382414
"250",15.6,0,0,2647.90956868837,0,41622.2419093669,93955.675618423,622.998058232712,0,24859.2387507178,0,0,0,9083.56428113853,0,402.545776673709,0,0,0,0,0,0,0,0,0,0,0,0,0,0,0,0,0,173194.173963241
"250",15.7,0,0,2647.90956868837,0,41622.2419093669,93955.675618423,622.998058232712,0,24859.2387507178,0,0,0,9083.56428113853,0,402.545776673709,0,0,0,0,0,0,0,0,0,0,0,0,0,0,0,0,0,173194.173963241
"250",16.1,0,0,0,0,0,140470.797273435,0,0,21077.1000830389,0,0,0,0,0,0,0,0,0,0,0,0,0,0,0,0,0,0,0,0,0,0,0,161547.897356474
"250",17.1,0,26556.2864345594,0,0,8224.00853216648,122229.183493137,0,0,0,0,10454.3670403657,0,643.84563654894,0,0,0,0,0,0,0,0,0,0,0,0,18381.4358589742,0,1595.84138373518,935.539475725032,0,0,0,189020.507855212
"250",17.2,0,9616.21394420881,13431.4483235264,0,0,58499.5318835881,1738.35231290385,2935.32886805572,0,44703.6881813286,13618.6600498967,6124.54454499111,0,2037.62963187974,7.88608336320613,0,0,0,0,0,604.537104424089,0,0,0,0,0,0,2051.8680690527,754.541802724823,637.00990336854,0,0,156761.240703312
"250",17.3,0,12971.3541010928,17075.035377362,0,0,41147.0942817815,1739.06951950863,2935.32886805572,0,42249.6208675057,13857.6569571993,6124.54454499111,612.373279396561,4478.03588640504,1671.16606862843,0,0,0,27.4900930614676,0,1760.67335480265,0,0,0,0,0,0,2051.8680690527,935.539475725032,671.577448669821,313.620325317606,0,150622.048518556
"250",17.4,0,45752.0935864393,13807.7197712159,0,0,0,1739.06951950863,529.812888724729,0,44608.7190678689,1996.95431875158,6124.54454499111,5493.36050263621,4701.81637058314,691.603192765455,0,0,0,419.294384253211,0,0,0,0,0,0,7672.97405490209,0,2051.8680690527,0,671.577448669821,313.620325317606,0,136575.02804568
"250",17.5,0,38921.0014213857,13431.4483235264,0,0,72783.7649314189,1739.06951950863,2935.32886805572,0,0,15019.2421207577,6124.54454499111,1532.49516575475,308.195423545549,2973.29183180025,0,0,0,54.0759067309555,0,2270.81506221462,0,0,0,0,0,0,0,935.539475725032,641.231737879105,125.741051795427,0,159795.78538509
"250",17.6,0,61434.373584996,9488.81488883682,0,0,54450.14525529,1537.4874105975,1721.60185131617,2197.07533829845,0,15088.1005079038,4933.35189556144,8646.65150460104,626.145185179077,2973.29183180025,0,0,0,266.923422222957,0,2270.81506221462,0,0,0,0,0,0,0,935.539475725032,212.323948801495,193.017415421549,0,166975.658578766
"250",18.1,0,36405.5794321904,0,0,23676.2922650082,71661.7405264678,3572.68174964236,0,30267.8828037382,710.72042149445,0,0,0,0,0,0,0,0,0,0,0,0,0,0,0,0,0,0,0,0,0,0,166294.897198541
"250",18.2,0,1423.29951859219,0,0,14301.3563944636,147964.797477646,1949.66842495603,0,3104.16572687664,0,0,0,0,0,0,0,0,0,0,0,0,0,0,0,0,0,0,0,0,0,0,0,168743.287542534
"250",19.1,0,63558.9171114771,0,0,40122.6377018272,29910.4923028639,14624.4842649382,0,9068.65695144096,20827.0498031961,0,0,588.992881187063,0,0,0,0,0,0,0,0,0,0,2609.01678691315,0,0,0,0,0,0,0,0,181310.247803844
"250",19.2,0,63558.9171114771,0,0,40122.6377018272,29910.4923028639,14624.4842649382,0,9068.65695144096,20827.0498031961,0,0,588.992881187063,0,0,0,0,0,0,0,0,0,0,2609.01678691315,0,0,0,0,0,0,0,0,181310.247803844
"250",19.3,0,15510.5436759181,0,0,41566.7043221073,33420.2352826707,8804.73545357241,0,11635.6532472899,64710.7418979325,0,0,588.992881187063,0,0,0,0,0,0,0,0,0,0,2599.58269464481,0,0,0,0,0,0,0,0,178837.189455323
"250",20.1,0,0,488.701485694386,0,152252.08140045,13625.1717683845,10489.9952422343,0,3334.50486725324,0,0,62.7822879329324,0,3496.75568009319,0,0,0,0,35.3074720248987,0,109.539309240412,48.5506018940359,0,0,0,0,0,0,66.2154359119013,0,0,0,184009.605551113
"250",20.2,0,0,519.316655291244,0,99613.682070728,53512.9680203999,2982.94003548846,0,11773.7362664331,0,0,75.542768156156,600.881664095679,4004.24112818739,0,0,0,0,35.3074720248987,0,130.299217305612,59.5680706525891,0,0,0,0,0,0,86.124132854864,0,0,356.587101293728,173751.194602912
"250",20.3,0,0,519.316655291244,0,118736.032852356,32905.2811623265,5313.67033760995,0,9324.53211068484,0,0,75.542768156156,600.881664095679,4004.24112818739,0,0,0,0,35.3074720248987,0,130.299217305612,59.5680706525891,0,0,0,0,0,0,86.124132854864,0,0,356.587101293728,172147.38467284
"250",20.4,0,0,519.316655291244,0,101063.000901305,52233.9062192079,3021.20353907917,0,11530.1762616334,0,0,75.542768156156,600.881664095679,4004.24112818739,0,0,0,0,35.3074720248987,0,130.299217305612,59.5680706525891,0,0,0,0,0,0,86.124132854864,0,0,356.587101293728,173716.155131088
"250",21.1,0,0,3483.57636446296,982.557836906635,120225.648419276,0,2989.93651194929,0,0,0,0,0,28730.3309343964,0,0,0,0,0,0,0,1533.64815002109,301.801090539433,0,0,0,0,0,0,0,0,0,0,158247.499307552
"250",21.2,0,0,3076.73536054237,0,122985.61387199,19324.3306838091,4975.61046954588,0,3312.42578247725,0,0,0,29822.8918041887,0,0,0,0,0,0,0,43.7197153411253,0,0,0,0,0,0,0,0,0,0,0,183541.327687895
"250",21.3,0,0,6079.03348938259,982.557836906635,114670.063616903,11367.7347856064,4838.92763175315,0,0,0,0,0,35217.4105191013,0,0,0,0,0,0,0,1610.96518343908,301.801090539433,0,0,0,0,0,0,0,0,0,0,175068.494153632
"250",21.4,0,0,6079.03348938259,982.557836906635,95209.8816223779,21729.0317416352,4895.52913345268,0,1758.85791968531,0,0,0,40861.9400588652,0,0,0,0,0,0,0,1610.96518343908,301.801090539433,0,0,0,0,0,0,0,0,0,0,173429.598076284
"250",21.5,0,0,6079.03348938259,982.557836906635,95209.8816223779,21729.0317416352,4895.52913345268,0,1758.85791968531,0,0,0,40861.9400588652,0,0,0,0,0,0,0,1610.96518343908,301.801090539433,0,0,0,0,0,0,0,0,0,0,173429.598076284
"250",22.1,0,0,3439.03888933989,0,62947.7899083153,28389.3799964331,19218.7987761784,0,24384.5437783659,0,0,0,24826.9069089605,0,0,0,0,0,0,0,0,0,0,0,0,0,0,0,0,0,0,0,163206.458257593
"250",22.2,0,0,3439.03888933989,0,62947.7899083153,28389.3799964331,19218.7987761784,0,24384.5437783659,0,0,0,24826.9069089605,0,0,0,0,0,0,0,0,0,0,0,0,0,0,0,0,0,0,0,163206.458257593
"250",22.3,0,12250.9218151532,3277.6586564579,0,24708.3801975902,79752.5657522286,6686.14891263044,0,19632.0755726081,0,0,0,0,2893.84486754239,0,0,0,0,0,0,2679.33524359216,0,0,0,0,11665.6668152058,0,0,0,0,0,0,163546.597833009
"250",22.4,0,29014.9404748387,4745.47230134392,0,20067.524892337,53327.6212755307,9407.99369585766,0,40880.9829291616,0,0,0,10613.3600764967,561.985785287805,0,0,0,0,0,0,569.407096575014,0,0,0,0,9402.62072141957,0,0,0,0,0,0,178591.909248849
"250",22.5,0,4072.33166772127,3439.03888933989,0,56724.7380771854,18587.5998037143,20366.8323497213,0,30009.3968669402,0,0,0,22042.3402781369,0,0,0,0,0,0,0,0,0,0,0,0,0,0,0,0,0,0,0,155242.277932759
"250",22.6,0,18270.8690274991,4745.47230134392,0,22016.9790002507,64290.5277500037,7951.04066128221,0,34063.2120514809,0,0,0,8188.55990008858,890.828193317167,0,0,0,0,0,0,739.211564064026,0,0,0,0,11665.6668152058,0,0,0,0,0,0,172822.367264536
"250",23.1,0,0,0,0,59375.8291298236,52724.3696201232,7263.62390359159,0,15103.8766052721,24948.5804987726,0,0,0,0,0,0,0,0,0,0,0,0,0,0,0,0,0,0,0,0,0,0,159416.279757583
"250",23.2,0,0,0,0,35099.2985036831,85723.5217686936,5853.1420121828,0,12522.2348364551,25268.5900687482,0,0,0,0,0,0,0,0,0,0,0,0,0,0,0,0,0,0,0,0,0,0,164466.787189763
"250",24.1,0,0,13537.0085263606,0,78409.7788245277,70039.5124103883,8414.75249736797,0,1088.40018371493,0,0,0,3596.23330088146,0,0,0,0,0,0,0,0,0,0,0,0,12905.6708551059,0,0,0,0,0,0,187991.356598347
"250",24.2,0,0,13560.6952042114,0,36673.3197966334,101277.243990164,3922.07707407395,0,1088.40018371493,0,0,0,0,0,0,0,0,0,0,0,0,0,0,0,0,36044.9721548674,0,0,0,0,0,0,192566.708403665
"250",24.3,0,3583.9191618599,3356.85656476393,0,111752.150944172,43217.7391455902,11293.9486574246,0,1088.40018371493,0,0,0,3596.23330088146,0,0,0,0,0,0,0,0,0,0,0,0,7259.97022064775,0,0,0,0,0,0,185149.218179055
"250",24.4,0,0,13560.6952042114,0,46362.8476843521,90880.1813044008,6134.13683287561,0,1088.40018371493,0,0,0,152.722103304928,0,0,0,0,0,0,0,0,0,0,0,0,33049.6629806277,0,0,0,0,0,0,191228.646293488
"250",25.1,0,0,1533.20601966139,0,66338.9531724807,74139.7615219556,0,0,35491.8279062525,0,0,4.20537013100693,0,0,0,0,0,0,0,0,151.394004248083,57.0378960117232,0,0,68.3589457151538,4559.53404810926,0,248.255726883188,0,2123.17666160874,188.227841413114,0,184903.93911447
"250",25.2,0,0,1533.20601966139,0,66338.9531724807,74139.7615219556,0,0,35491.8279062525,0,0,4.20537013100693,0,0,0,0,0,0,0,0,151.394004248083,57.0378960117232,0,0,68.3589457151538,4559.53404810926,0,248.255726883188,0,2123.17666160874,188.227841413114,0,184903.93911447
"250",25.3,0,0,0,0,29413.6932505947,131784.762039536,0,0,33881.193435763,0,0,0,0,0,0,0,0,0,0,0,0,0,0,0,0,0,0,0,0,0,0,0,195079.648725894
"250",25.4,0,18688.2064012727,4335.69422291964,0,69568.1721363198,19647.6161233243,0,180.266472517513,34994.0009325877,0,0,200.352648620494,0,0,0,0,233.388622826897,0,0,0,337.926168075064,57.0378960117232,0,0,208.200432145415,10199.8749781367,0,524.505211215466,0,4676.11623033136,188.227841413114,0,164039.586317718
"250",25.5,0,18688.2064012727,4335.69422291964,0,69568.1721363198,19647.6161233243,0,180.266472517513,34994.0009325877,0,0,200.352648620494,0,0,0,0,233.388622826897,0,0,0,337.926168075064,57.0378960117232,0,0,208.200432145415,10199.8749781367,0,524.505211215466,0,4676.11623033136,188.227841413114,0,164039.586317718
"250",25.6,0,23198.6602779585,4335.69422291964,0,75995.3347619502,13721.5399735221,0,180.266472517513,28607.3837248603,0,0,200.352648620494,0,0,0,0,233.388622826897,0,0,0,337.926168075064,57.0378960117232,0,0,208.200432145415,10199.8749781367,0,524.505211215466,0,4676.11623033136,188.227841413114,0,162664.509462504
"250",25.7,0,23198.6602779585,4335.69422291964,0,75995.3347619502,13721.5399735221,0,180.266472517513,28607.3837248603,0,0,200.352648620494,0,0,0,0,233.388622826897,0,0,0,337.926168075064,57.0378960117232,0,0,208.200432145415,10199.8749781367,0,524.505211215466,0,4676.11623033136,188.227841413114,0,162664.509462504
"250",26.1,0,33883.760641221,0,0,29556.1581944702,34935.7528884809,0,0,2896.30650579184,0,0,0,0,0,0,0,0,0,0,49176.2983893122,0,0,0,0,0,0,0,0,0,0,0,0,150448.276619276
"250",26.2,0,2102.06410531327,3462.3769000987,0,198.836113356054,92431.6151670672,0,0,2896.30650579184,0,0,0,0,0,0,0,0,0,2362.16870920337,56466.2535202268,0,0,0,0,0,0,0,0,0,0,0,0,159919.621021057
"250",26.3,0,0,6576.8991954669,0,0,105859.191171779,0,0,2896.30650579184,0,0,0,0,0,0,0,0,0,2362.16870920337,49379.5817184472,0,0,0,0,0,0,0,0,0,0,0,0,167074.147300689
"250",26.4,0,8225.76489374461,12503.9666058858,0,2988.87626762688,80592.0658682276,0,0,3427.00869414606,0,0,0,0,0,0,0,0,0,2362.16870920337,32969.4769129137,0,0,0,0,0,12433.7092733379,0,0,0,0,0,0,155503.037225086
"250",26.5,0,7684.50390087487,12242.7037701075,0,0,92633.9323400753,0,0,3431.13298201654,0,0,0,0,0,0,0,0,0,2362.16870920337,32493.2294301438,0,0,0,0,0,8414.21691312362,0,0,0,0,0,0,159261.888045545
"250",26.6,0,10420.8253601012,12503.9666058858,0,1555.36167933792,83016.5112586273,0,0,3427.00869414606,0,0,0,0,0,0,0,0,0,2362.16870920337,30321.3760964612,0,0,0,0,0,18887.1234818788,0,0,0,0,0,0,162494.341885642
"250",27.1,0,0,229.035016683862,0,84382.295097598,45775.2899577156,0,0,46745.1407958818,0,0,0,8506.69682738557,0,0,0,0,0,0,0,0,0,0,0,0,0,0,0,0,0,0,0,185638.457695265
"250",27.2,0,0,229.035016683862,0,99760.5816671355,34142.6327144287,0,0,39874.5006587911,0,0,0,8506.69682738557,0,0,0,0,0,0,0,0,0,0,0,0,0,0,0,0,0,0,0,182513.446884425
"250",27.3,0,0,229.035016683862,0,115765.130960418,3919.97933189722,1500.13995499909,0,47574.2618443266,0,0,0,8506.69682738557,0,0,0,0,0,0,0,0,0,0,0,0,0,0,0,0,0,0,0,177495.243935711
"250",27.4,0,0,229.035016683862,0,115765.130960418,3919.97933189722,1500.13995499909,0,47574.2618443266,0,0,0,8506.69682738557,0,0,0,0,0,0,0,0,0,0,0,0,0,0,0,0,0,0,0,177495.243935711
"500",1.1,2292.96470740996,9008.40616733814,20984.4592618458,1115.31963136885,201140.636274374,35098.2795202658,43293.4251898791,14352.0403680913,66452.1100474754,111697.060483488,15481.7676130538,18415.8690665402,49977.1578703201,70591.5839414367,4682.09662084281,0,0,0,0,0,0,0,0,0,0,58919.9268300144,0,0,0,0,0,0,723503.103593745
"500",1.2,2292.96470740996,9008.40616733814,20984.4592618458,716.00232448359,293421.277592245,35541.6838228706,47596.9059425892,14352.0403680913,4276.35117685863,68449.295977796,19936.6308190139,18415.8690665402,12520.3110921185,61630.4100225427,9380.09668817744,607.068376503536,11403.6560981255,571.046190582332,3224.86257535219,0,0,0,0,0,0,46489.5167054012,0,0,0,0,0,0,680818.854975886
"500",1.3,2292.96470740996,9008.40616733814,20984.4592618458,615.227059619268,293923.888730756,36553.9755519697,47395.0031860551,14352.0403680913,4503.94357447732,68023.4558262662,19936.6308190139,18415.8690665402,12520.3110921185,61279.042604749,9380.09668817744,607.068376503536,11403.6560981255,571.046190582332,3224.86257535219,0,0,0,0,0,0,45314.0540468358,0,0,0,0,0,0,680306.001991827
"500",1.4,2292.96470740996,20514.1140245148,20984.4592618458,1115.31963136885,233943.332647866,17813.4012758448,62278.7410785319,14352.0403680913,33312.6415620503,122982.061152974,17580.648856808,18415.8690665402,32886.7556697018,79942.5734612028,9380.09668817744,607.068376503536,11344.9127071612,571.046190582332,3224.86257535219,0,0,0,0,0,0,16435.8577916457,0,0,0,0,0,0,719978.767094173
"500",2.1,0,0,352.135727182031,0,50557.6086606764,121586.372271843,4015.69769028114,0,34955.8405263458,0,0,0,4190.58644864781,0,171.431224789703,0,0,0,180.659656072967,965.837193368468,106.304197092802,98.7539419494569,362.755597185344,0,0,0,0,0,0,0,0,0,217543.983135435
"500",2.2,0,0,352.135727182031,0,45394.7675350639,171077.489784637,3822.89765891787,0,22745.3487085565,0,0,0,4190.58644864781,0,171.431224789703,0,0,0,180.659656072967,965.837193368468,106.304197092802,98.7539419494569,362.755597185344,0,0,0,0,0,0,0,0,0,249468.967673464
"500",2.3,0,0,352.135727182031,0,52401.8768657576,94749.8573360102,4455.58007145969,0,49531.0824877427,0,0,0,4190.58644864781,0,171.431224789703,0,0,0,180.659656072967,965.837193368468,106.304197092802,98.7539419494569,362.755597185344,0,0,0,0,0,0,0,0,0,207566.860747259
"500",2.4,0,0,352.135727182031,0,47721.4346652227,159760.516002157,3880.17462453274,0,26844.9488006546,0,0,0,4190.58644864781,0,171.431224789703,0,0,0,180.659656072967,965.837193368468,106.304197092802,98.7539419494569,362.755597185344,0,0,0,0,0,0,0,0,0,244635.538078855
"500",2.5,0,0,352.135727182031,0,48781.0301817725,116156.497745802,3843.74443524743,0,34505.3865272157,0,0,0,4190.58644864781,0,171.431224789703,0,0,0,180.659656072967,965.837193368468,106.304197092802,98.7539419494569,362.755597185344,0,0,0,0,0,0,0,0,0,209715.122876326
"500",2.6,0,0,352.135727182031,0,48717.1257037497,117630.389993813,3831.93620934377,0,33924.7395066577,0,0,0,4190.58644864781,0,171.431224789703,0,0,0,180.659656072967,965.837193368468,106.304197092802,98.7539419494569,362.755597185344,0,0,0,0,0,0,0,0,0,210532.655399853
"500",3.1,0,60679.2431771227,423.735528632639,0,483067.807420263,162364.635239216,7858.66748082731,0,12498.3593372897,0,0,0,7565.31980454438,0,0,0,0,0,0,0,0,0,0,0,0,0,0,0,0,0,0,0,734457.767987896
"500",3.2,0,281911.578546211,423.735528632639,0,357267.140619006,61236.129897413,3680.69407217111,0,26922.6205429254,0,0,0,7565.31980454438,0,0,0,0,0,0,0,0,0,0,0,0,0,0,0,0,0,0,0,739007.219010903
"500",3.3,0,281911.578546211,423.735528632639,0,357267.140619006,61236.129897413,3680.69407217111,0,26922.6205429254,0,0,0,7565.31980454438,0,0,0,0,0,0,0,0,0,0,0,0,0,0,0,0,0,0,0,739007.219010903
"500",3.4,0,13214.6238058694,423.735528632639,0,488554.422471141,205921.26879296,8329.4812109489,0,13869.2031013094,0,0,0,7565.31980454438,0,0,0,0,0,0,0,0,0,0,0,0,0,0,0,0,0,0,0,737878.054715406
"500",3.5,0,157799.158985989,423.735528632639,0,423392.650683155,123262.390997208,6498.25733749196,0,20994.2194418901,0,0,0,7565.31980454438,0,0,0,0,0,0,0,0,0,0,0,0,0,0,0,0,0,0,0,739935.732778911
"500",3.6,0,157799.158985989,423.735528632639,0,423392.650683155,123262.390997208,6498.25733749196,0,20994.2194418901,0,0,0,7565.31980454438,0,0,0,0,0,0,0,0,0,0,0,0,0,0,0,0,0,0,0,739935.732778911
"500",4.1,0,233294.30225933,18873.1014174873,0,108515.481186903,184095.169903538,48661.4493673639,0,2055.68174158176,18750.5996461511,8999.28970398754,0,1786.52353539784,0,0,0,0,0,401.552947629592,18567.9088759649,0,0,0,13021.509300461,0,0,0,0,0,0,0,0,657022.569885796
"500",4.2,0,202787.505743923,18873.1014174873,0,182370.584156239,168554.371016254,64486.9356317635,0,20148.3997152372,16753.0780477584,8999.28970398754,0,1786.52353539784,0,0,0,0,0,401.552947629592,18567.9088759649,0,0,0,13021.509300461,0,0,0,0,0,0,0,0,716750.760092103
"500",4.3,0,272343.678433075,12000.2651346351,0,680.677075552754,87364.5038016923,33757.9518681123,0,0,182679.626671958,8999.28970398754,0,0,0,0,0,0,0,1.41066893211246,17421.6032207072,0,0,0,3057.83132637362,0,0,0,0,0,0,0,0,618306.837905026
"500",4.4,0,258879.0255512,16607.6280179897,0,71721.5080162715,176271.96635374,44381.8832722722,0,1997.26866682162,35313.2799772993,8999.28970398754,0,1786.52353539784,0,0,0,0,0,401.552947629592,18567.9088759649,0,0,0,13021.509300461,0,0,0,0,0,0,0,0,647949.344219035
"500",4.5,0,214340.640967507,18873.1014174873,0,162127.58175749,138451.486870972,59851.2019449965,0,17759.3744792085,5525.64433831722,8999.28970398754,0,1786.52353539784,0,0,0,0,0,401.552947629592,18567.9088759649,0,0,0,13021.509300461,0,0,0,0,0,0,0,0,659705.81613942
"500",5.1,0,0,1802.06061339355,0,341969.031638841,3813.6930927306,10138.743315324,4314.22796940539,204894.437024815,56841.7887933445,0,0,0,0,0,0,0,0,0,0,0,0,0,12853.3105258271,3160.62710276688,0,0,0,128.133974822238,0,0,0,639916.05405127
"500",5.2,0,0,1802.06061339355,0,391925.42530929,142716.306778068,13602.5050164164,4314.22796940539,113654.334502606,0,0,0,0,0,0,0,0,0,0,0,0,0,0,12853.3105258271,3160.62710276688,0,0,0,128.133974822238,0,0,0,684156.931792596
"500",5.3,0,0,1802.06061339355,0,401399.259807443,122050.049298866,13921.4926591363,4314.22796940539,124165.156253362,0,0,0,0,0,0,0,0,0,0,0,0,0,0,12853.3105258271,3160.62710276688,0,0,0,128.133974822238,0,0,0,683794.318205022
"500",5.4,0,0,1802.06061339355,0,387923.806935998,152154.28592384,13625.4443501105,4314.22796940539,109051.278342358,0,0,0,0,0,0,0,0,0,0,0,0,0,0,12853.3105258271,3160.62710276688,0,0,0,128.133974822238,0,0,0,685013.175738523
"500",6.1,0,174701.475251981,5844.74684820324,0,13181.646788314,90525.8609555357,6820.72034992836,0,11106.604519794,337462.042685251,29390.6940567382,0,0,0,0,0,0,0,5255.7621443586,0,0,0,0,0,0,0,0,0,0,0,0,0,674289.553600104
"500",6.2,0,200020.268278831,5844.74684820324,0,22534.8808996146,86426.4970387912,6473.39277931047,0,9285.6514536005,320310.278561207,29390.6940567382,0,0,0,0,0,0,0,5255.7621443586,0,0,0,0,0,0,0,0,0,0,0,0,0,685542.172060655
"500",6.3,0,170241.257531294,5844.74684820324,0,40871.1890909602,92815.6765187742,8781.45679262001,0,19948.8152376066,290807.045401391,29390.6940567382,0,0,0,0,0,0,0,5255.7621443586,0,0,0,0,0,0,0,0,0,0,0,0,0,663956.643621947
"500",6.4,0,104570.278436833,5844.74684820324,0,33865.7199792457,119136.069689876,13601.5313113856,0,43032.3911307743,331661.237141542,29390.6940567382,0,0,0,0,0,0,0,5255.7621443586,0,0,0,0,0,0,0,0,0,0,0,0,0,686358.430738956
"500",7.1,0,108187.436140237,435.075117201777,0,225022.774903172,9903.17469254788,26370.6760121001,0,2922.28009625687,349444.048058216,0,0,3133.54148058337,0,0,0,0,0,0,0,0,0,0,846.159091326408,0,9594.20455019921,0,0,0,0,0,0,735859.370141841
"500",7.2,0,77453.2326606009,435.075117201777,0,229589.27152824,28465.8507083727,22347.0052209212,0,32057.5221523383,277902.462528592,0,0,3133.54148058337,0,0,0,0,0,0,0,0,0,0,846.159091326408,0,11945.9932583757,0,0,0,0,0,0,684176.113746552
"500",7.3,0,94483.9468811285,435.075117201777,0,233459.353339412,14497.4876111122,24314.9702630727,0,5642.87733405468,317820.561362564,0,0,3133.54148058337,0,0,0,0,0,0,0,0,0,0,846.159091326408,0,12561.4802801423,0,0,0,0,0,0,707195.452760597
"500",7.4,0,46678.1179670002,435.075117201777,0,205349.857444,76248.7206057621,15739.7462708926,0,100319.360490115,197684.51303722,0,0,3133.54148058337,0,0,0,0,0,0,0,0,0,0,846.159091326408,0,8494.83087195083,0,0,0,0,0,0,654929.922376052
"500",8.1,0,177995.820197197,0,0,315854.574196394,3626.40197700789,22314.5001115621,0,20815.379015406,153116.907042101,0,0,344.320943244267,0,0,0,0,0,0,0,0,0,0,0,0,0,0,0,0,0,0,0,694067.903482913
"500",9.1,0,0,743.975194754312,0,6974.67185537238,176420.270041307,14304.9598945701,0,317056.993704851,0,0,0,17300.8012489742,0,0,0,0,0,0,0,0,0,0,0,0,0,0,0,0,0,0,0,532801.671939828
"500",9.2,0,0,743.975194754312,0,32675.189309979,275445.928870933,2131.33205115912,0,270307.974295705,0,0,0,24774.3106576158,0,0,0,0,0,0,0,0,0,0,4785.95708871735,0,0,0,0,0,0,0,0,610864.667468863
"500",9.3,0,0,743.975194754312,0,28985.2789089067,210645.573793924,9532.8913386098,0,327493.514050984,0,0,0,24774.3106576158,0,0,0,0,0,0,0,0,0,0,4785.95708871735,0,0,0,0,0,0,0,0,606961.501033512
"500",9.4,0,0,743.975194754312,0,28985.2789089067,210645.573793924,9532.8913386098,0,327493.514050984,0,0,0,24774.3106576158,0,0,0,0,0,0,0,0,0,0,4785.95708871735,0,0,0,0,0,0,0,0,606961.501033512
"500",10.1,0,0,828.218682053033,0,23150.1261581472,240401.047874825,809.285588813946,0,236158.100775497,0,0,0,37272.893284356,0,0,0,0,0,0,0,0,0,0,18784.0711083056,0,6684.099707495,0,0,0,0,0,0,564087.843179492
"500",10.2,0,0,828.218682053033,0,23150.1261581472,240401.047874825,809.285588813946,0,236158.100775497,0,0,0,37272.893284356,0,0,0,0,0,0,0,0,0,0,18784.0711083056,0,6684.099707495,0,0,0,0,0,0,564087.843179492
"500",10.3,0,0,828.218682053033,0,13899.49318932,406137.16844957,809.285588813946,0,192201.289157527,0,0,0,41282.3094116972,0,0,0,0,0,0,0,0,0,0,18784.0711083056,0,6684.099707495,0,0,0,0,0,0,680625.935294782
"500",10.4,0,0,828.218682053033,0,14057.0093035623,399083.805238487,809.285588813946,0,194238.521466066,0,0,0,41282.3094116972,0,0,0,0,0,0,0,0,0,0,18784.0711083056,0,6684.099707495,0,0,0,0,0,0,675767.32050648
"500",11.1,0,0,1153.21714904159,0,28100.8000149624,519853.44717634,7633.36453931779,0,102751.38537881,0,0,0,16793.8047413859,0,0,0,0,0,0,0,0,0,0,0,0,0,0,0,0,0,0,0,676286.018999857
"500",11.2,0,0,1153.21714904159,0,27399.3109395173,553836.437062961,8229.45498653967,0,67187.0579125973,0,0,0,16793.8047413859,0,0,0,0,0,0,0,0,0,0,0,0,0,0,0,0,0,0,0,674599.282792043
"500",11.3,0,0,1153.21714904159,0,39940.9308101754,522085.548434004,9712.38736646902,0,86534.3434332438,0,0,0,16793.8047413859,0,0,0,0,0,0,0,0,0,0,0,0,0,0,0,0,0,0,0,676220.23193432
"500",11.4,0,0,1153.21714904159,0,13485.3484916675,543055.227047469,5081.73299333383,0,96008.5445047738,0,0,0,16793.8047413859,0,0,0,0,0,0,0,0,0,0,0,0,0,0,0,0,0,0,0,675577.874927671
"500",12.1,0,44187.4952971413,347.704036704963,0,15880.6972893458,54080.2852397768,44894.9269109431,0,60569.8034216615,448157.897490508,0,0,23406.5703487241,0,0,0,0,0,0,0,0,0,0,0,0,0,1085.99197361059,0,0,0,0,0,692611.372008416
"500",12.2,0,17539.4714276418,347.704036704963,0,55769.6550433715,61147.5920092509,21221.6595928649,0,62776.6745713589,439744.521708548,0,0,23406.5703487241,0,0,0,0,0,0,0,0,0,0,0,0,0,1085.99197361059,0,0,0,0,0,683039.840712075
"500",12.3,0,0,347.704036704963,0,64769.2767685996,52916.658831603,34998.0361399265,0,83074.1036454324,421122.900567541,0,0,23406.5703487241,0,0,0,0,0,0,0,0,0,0,0,0,0,1085.99197361059,0,0,0,0,0,681721.242312142
"500",13.1,0,25233.0290452694,37969.2725981548,0,81561.4050030894,600472.950876211,4165.11557041011,0,0,0,0,0,0,0,0,0,0,0,0,0,0,0,0,0,0,5068.67412352562,0,0,0,0,0,0,754470.447216661
"500",13.2,0,25233.0290452694,32151.4698288832,0,56001.5835554209,652917.124476475,3066.71329803667,0,1553.06147019262,0,0,0,0,0,0,0,0,0,0,0,0,0,0,0,0,0,0,0,0,0,0,0,770922.981674278
"500",13.3,0,25233.0290452694,33496.9145727083,0,58090.2535331807,653865.012025801,3142.48119813851,0,0,0,0,0,0,0,0,0,0,0,0,0,0,0,0,0,0,0,0,0,0,0,0,0,773827.690375098
"500",14.1,0,100241.841683096,89188.3033442292,0,5436.96763009881,66913.7768603225,61974.2980043324,0,12702.2363218404,354543.091409371,34844.4215690796,0,0,0,0,0,0,0,8419.82648079097,0,8806.14396496909,0,0,0,0,0,0,0,0,0,0,0,743070.90726813
"500",14.2,0,100167.150360881,109780.573853854,0,42045.6613271524,321907.155947707,26072.591165184,0,5214.40344034949,153844.867717757,0,0,0,0,0,0,0,0,0,0,315.7359201652,0,0,0,0,0,0,0,0,0,0,0,759348.13973305
"500",14.3,0,56268.1185109263,47814.7364741638,0,35364.0717851231,84129.6088448828,39707.3996622455,0,26725.7013687362,288453.171947947,55943.8122810525,0,13281.5892329733,0,0,0,0,0,15474.7470445409,0,4233.29168300238,0,0,0,0,1771.08050765516,0,0,0,0,0,0,669167.329343249
"500",14.4,0,118206.975246455,109780.573853854,0,0,131366.391746408,53788.6110474575,0,0.0293698349996703,305042.881918235,24744.5650429805,0,0,0,0,0,0,0,1110.84027164057,0,8806.14396496909,0,0,0,0,0,0,0,0,0,0,0,752847.012461834
"500",15.1,0,0,2647.90956868837,0,66251.9458239431,581833.404525798,1465.99109872128,0,82946.0221775127,0,0,0,11503.3867639498,0,402.545776673709,0,0,0,0,0,0,0,0,0,0,0,0,0,0,0,0,0,747051.205735287
"500",15.2,0,0,2647.90956868837,0,71792.7173358356,587908.595814687,4210.12133179349,0,70320.1743992953,0,0,0,11503.3867639498,0,402.545776673709,0,0,0,0,0,0,0,0,0,0,0,0,0,0,0,0,0,748785.450990923
"500",15.3,0,0,2647.90956868837,0,76631.0601820634,589218.276015476,5727.0467529234,0,66320.9645180162,0,0,0,11503.3867639498,0,402.545776673709,0,0,0,0,0,0,0,0,0,0,0,0,0,0,0,0,0,752451.189577791
"500",15.4,0,0,2647.90956868837,0,74899.7819550867,572060.764830839,3643.60895384592,0,82247.2905866693,0,0,0,11503.3867639498,0,402.545776673709,0,0,0,0,0,0,0,0,0,0,0,0,0,0,0,0,0,747405.288435753
"500",15.5,0,0,2647.90956868837,0,77215.7843234095,569536.153782675,4686.63388395426,0,81679.0383115484,0,0,0,11503.3867639498,0,402.545776673709,0,0,0,0,0,0,0,0,0,0,0,0,0,0,0,0,0,747671.452410899
"500",15.6,0,0,2647.90956868837,0,69790.3334554227,576963.659725722,2612.18375092768,0,83011.4556256883,0,0,0,11503.3867639498,0,402.545776673709,0,0,0,0,0,0,0,0,0,0,0,0,0,0,0,0,0,746931.474667072
"500",15.7,0,0,2647.90956868837,0,69790.3334554227,576963.659725722,2612.18375092768,0,83011.4556256883,0,0,0,11503.3867639498,0,402.545776673709,0,0,0,0,0,0,0,0,0,0,0,0,0,0,0,0,0,746931.474667072
"500",16.1,0,0,0,0,0,675987.029644454,0,0,51496.8604820622,0,0,0,0,0,0,0,0,0,0,0,0,0,0,0,0,0,0,0,0,0,0,0,727483.890126517
"500",17.1,0,149297.612712176,13601.0578717971,0,51838.8756398316,298967.227050308,1739.06951950863,5484.08556055091,9544.01980247349,49099.6385278088,29879.9689891539,11731.5843093619,38364.8109112011,4158.5585921281,2973.29183180025,0,0,0,419.294384253211,0,2270.81506221462,0,0,0,0,22984.8765991181,0,3936.87442059768,935.539475725032,3623.87337633147,313.620325317606,0,701164.694961657
"500",17.2,0,132758.486962296,17154.1685080428,0,7781.62979080528,137432.525600597,1739.06951950863,2935.32886805572,12158.9112761363,232587.442561543,19508.8708146517,6124.54454499111,37239.2544367399,4701.81637058314,2973.29183180025,0,0,0,419.294384253211,0,2270.81506221462,0,0,0,0,32747.4194869809,0,4267.44558885554,935.539475725032,671.577448669821,313.620325317606,0,656721.052857767
"500",17.3,0,133120.965843874,17154.1685080428,0,4836.27445978113,123116.949875825,1739.06951950863,2935.32886805572,11350.8778743073,226909.028387941,23827.0069884709,6124.54454499111,38654.2141420712,4701.81637058314,2973.29183180025,0,0,0,419.294384253211,0,2270.81506221462,0,0,0,0,46712.1210969891,0,4077.8069809489,935.539475725032,671.577448669821,313.620325317606,0,652844.31198937
"500",17.4,0,193875.605330179,17154.1685080428,0,0,63566.2939399518,1739.06951950863,2935.32886805572,18240.0149078965,244602.584249902,22958.1484565362,6124.54454499111,14232.2480470894,4701.81637058314,2973.29183180025,0,0,0,419.294384253211,0,2270.81506221462,0,0,0,0,44632.5185320731,0,2051.8680690527,935.539475725032,671.577448669821,313.620325317606,0,644398.347871842
"500",17.5,0,132113.141396163,17154.1685080428,0,11749.5190007091,190037.63860989,1739.06951950863,5766.98520128988,10373.2744618692,154134.517601065,33103.4793429351,12983.8878480755,38655.9728585092,7713.44306578394,2973.29183180025,0,0,0,419.294384253211,0,2270.81506221462,0,0,0,0,42838.6416130103,0,4267.44558885554,935.539475725032,4825.65368607192,313.620325317606,0,674369.399381089
"500",17.6,0,115454.465320674,17154.1685080428,0,15157.4160498315,222018.57092065,1739.06951950863,7312.1338518057,10373.2744618692,130660.915557212,33103.4793429351,14622.4049278907,34448.6352098092,7713.44306578394,2973.29183180025,0,0,0,419.294384253211,0,2270.81506221462,0,0,0,0,51651.054826986,0,4267.44558885554,935.539475725032,5109.6117462173,313.620325317606,0,677698.649977382
"500",18.1,0,66774.9517521225,0,0,115634.499138279,318995.682125313,12236.4193401113,0,97678.2475736442,101299.9314472,0,0,0,0,0,0,0,0,0,0,0,0,0,0,0,0,0,0,0,0,0,0,712619.731376671
"500",18.2,0,67973.2013976052,0,0,84740.7502052728,443990.071169523,4163.57586873986,0,88203.2458366345,15893.3928542612,0,0,0,0,0,0,0,0,0,0,0,0,0,0,0,0,0,0,0,0,0,0,704964.237332037
"500",19.1,0,175914.26011026,0,0,57435.013887758,98059.5623690807,60053.4816530638,0,106823.861142051,235734.578856286,0,0,588.992881187063,0,0,0,0,0,0,0,0,0,0,2609.01678691315,0,0,0,0,0,0,0,0,737218.7676866
"500",19.2,0,175914.26011026,0,0,57435.013887758,98059.5623690807,60053.4816530638,0,106823.861142051,235734.578856286,0,0,588.992881187063,0,0,0,0,0,0,0,0,0,0,2609.01678691315,0,0,0,0,0,0,0,0,737218.7676866
"500",19.3,0,155985.405519004,0,0,55410.3869782443,138853.907860672,48483.203559535,0,149725.006542265,183357.283941147,0,0,588.992881187063,0,0,0,0,0,0,0,0,0,0,2609.01678691315,0,0,0,0,0,0,0,0,735013.204068969
"500",20.1,0,0,519.316655291244,0,313185.211518739,319345.030394834,23807.6503503893,0,93717.1331582952,0,0,75.542768156156,600.881664095679,4004.24112818739,0,0,0,0,35.3074720248987,0,130.299217305612,59.5680706525891,0,0,0,0,0,0,86.124132854864,0,0,356.587101293728,755922.893632119
"500",20.2,0,0,519.316655291244,0,247851.785258713,378029.453803504,15070.6418628618,0,45763.5302048896,0,0,75.542768156156,600.881664095679,4004.24112818739,0,0,0,0,35.3074720248987,0,130.299217305612,59.5680706525891,0,0,0,0,0,0,86.124132854864,0,0,356.587101293728,692583.27933983
"500",20.3,0,0,519.316655291244,0,279262.466339176,364349.693489566,18354.1855324691,0,59012.6278619182,0,0,75.542768156156,600.881664095679,4004.24112818739,0,0,0,0,35.3074720248987,0,130.299217305612,59.5680706525891,0,0,0,0,0,0,86.124132854864,0,0,356.587101293728,726846.841432991
"500",20.4,0,0,519.316655291244,0,249934.141586634,376501.400120248,15221.2940839827,0,45879.7905989944,0,0,75.542768156156,600.881664095679,4004.24112818739,0,0,0,0,35.3074720248987,0,130.299217305612,59.5680706525891,0,0,0,0,0,0,86.124132854864,0,0,356.587101293728,693404.494599721
"500",21.1,0,0,6079.03348938259,982.557836906635,531843.920336285,58030.116729659,15778.8189796907,0,46810.832001613,0,0,0,41235.555371367,0,0,0,0,0,0,0,1610.96518343908,301.801090539433,0,0,0,0,0,0,0,0,0,0,702673.601018882
"500",21.2,0,0,6079.03348938259,982.557836906635,386019.419692227,198749.889454679,11673.6803310647,0,57142.4104177158,0,0,0,41235.555371367,0,0,0,0,0,0,0,1610.96518343908,301.801090539433,0,0,0,0,0,0,0,0,0,0,703795.312867322
"500",21.3,0,0,6079.03348938259,982.557836906635,518621.617526092,129065.625000121,14664.8309762148,0,4436.86277726642,0,0,0,41235.555371367,0,0,0,0,0,0,0,1610.96518343908,301.801090539433,0,0,0,0,0,0,0,0,0,0,716998.849251329
"500",21.4,0,0,6079.03348938259,982.557836906635,525863.230161833,130411.561470007,14706.0620863509,0,7353.21439519303,0,0,0,41235.555371367,0,0,0,0,0,0,0,1610.96518343908,301.801090539433,0,0,0,0,0,0,0,0,0,0,728543.981085019
"500",21.5,0,0,6079.03348938259,982.557836906635,525863.230161833,130411.561470007,14706.0620863509,0,7353.21439519303,0,0,0,41235.555371367,0,0,0,0,0,0,0,1610.96518343908,301.801090539433,0,0,0,0,0,0,0,0,0,0,728543.981085019
"500",22.1,0,155133.429043527,8184.51119068381,0,178047.89038814,115122.412073567,39956.8838952841,0,92959.948275838,0,0,0,39914.363446708,0,0,0,0,0,0,0,0,0,0,0,0,4791.678978679,0,0,0,0,0,0,634111.117292427
"500",22.2,0,155133.429043527,8184.51119068381,0,178047.89038814,115122.412073567,39956.8838952841,0,92959.948275838,0,0,0,39914.363446708,0,0,0,0,0,0,0,0,0,0,0,0,4791.678978679,0,0,0,0,0,0,634111.117292427
"500",22.3,0,115601.069128342,4745.47230134392,0,41077.0494234879,441916.250366675,12879.443989487,0,63215.48686802,0,0,0,8561.71644363215,2893.84486754239,0,0,0,0,0,0,2679.33524359216,0,0,0,0,11665.6668152058,0,0,0,0,0,0,705235.335447328
"500",22.4,0,152493.84780194,6212.20656675496,0,88726.663816208,246559.196637938,30244.4872929405,0,80773.0629635197,0,0,0,25520.6850865203,2893.84486754239,0,0,0,0,0,0,2679.33524359216,0,0,0,0,11665.6668152058,0,0,0,0,0,0,647768.997092162
"500",22.5,0,202694.434387948,3439.03888933989,0,184723.653823465,83149.5860616917,37775.4266632177,0,75092.5961465403,5318.16857846454,0,0,39883.8474597886,0,0,0,0,0,0,0,0,0,0,0,0,0,0,0,0,0,0,0,632076.752010455
"500",22.6,0,132741.630909568,6149.64183477522,0,95764.4651734747,269987.08532278,30103.4506169097,0,80181.9078099658,0,0,0,25431.1315955558,2893.84486754239,0,0,0,0,0,0,2679.33524359216,0,0,0,0,11665.6668152058,0,0,0,0,0,0,657598.16018937
"500",23.1,0,0,0,0,244592.83524745,321547.532103641,15234.6811428165,0,120471.793212967,25292.7771799918,0,0,0,0,0,0,0,0,0,0,0,0,0,0,0,0,0,0,0,0,0,0,727139.618886866
"500",23.2,0,0,0,0,229233.328296874,348343.42738354,14429.4374044777,0,110001.011724327,25292.7771799918,0,0,0,0,0,0,0,0,0,0,0,0,0,0,0,0,0,0,0,0,0,0,727299.981989211
"500",24.1,0,5356.46902943775,13560.6952042114,0,235302.009210197,289438.068565525,39967.7995629899,0,14219.6699301068,37991.9490194954,0,0,18320.4634802121,0,0,0,0,0,0,0,0,0,0,0,0,102172.083814523,0,0,0,0,0,0,756329.207816698
"500",24.2,0,0,13560.6952042114,0,219758.118177278,418546.008267342,22095.2364071626,0,4406.00576634775,360.056770999916,0,0,3596.23330088146,0,0,0,0,0,0,0,0,0,0,0,0,75240.62882936,0,0,0,0,0,0,757562.982723582
"500",24.3,0,9989.76141623501,13560.6952042114,0,259059.504110723,201557.30535402,48736.6551166206,0,14357.9812892008,44228.1228639986,0,0,19866.7498435177,0,0,0,0,0,0,0,0,0,0,0,0,103962.438775429,0,0,0,0,0,0,715319.213973956
"500",24.4,0,2095.02726917155,13560.6952042114,0,215119.64965784,410332.157900073,25607.6875346146,0,5521.67291047866,7124.42539545614,0,0,3596.23330088146,0,0,0,0,0,0,0,0,0,0,0,0,80956.8374783485,0,0,0,0,0,0,763914.386651075
"500",25.1,0,57171.299886446,4335.69422291964,0,224781.355212726,312019.234425298,4470.88516215581,180.266472517513,114262.406965249,0,0,200.352648620494,0,0,0,0,233.388622826897,0,0,0,337.926168075064,57.0378960117232,0,0,208.200432145415,10199.8749781367,0,524.505211215466,0,4676.11623033136,188.227841413114,0,733846.772376088
"500",25.2,0,57171.299886446,4335.69422291964,0,224781.355212726,312019.234425298,4470.88516215581,180.266472517513,114262.406965249,0,0,200.352648620494,0,0,0,0,233.388622826897,0,0,0,337.926168075064,57.0378960117232,0,0,208.200432145415,10199.8749781367,0,524.505211215466,0,4676.11623033136,188.227841413114,0,733846.772376088
"500",25.3,0,102223.859104583,4072.16313794069,0,256141.811823841,272555.899086262,9879.7431664459,145.642312951386,100648.120530588,0,0,200.352648620494,0,0,0,0,186.719270798611,0,0,0,322.233312079683,57.0378960117232,0,0,208.200432145415,9803.94528654916,0,501.710213122889,0,4472.99197098985,188.227841413114,0,761608.658034342
"500",25.4,0,187491.32370637,4335.69422291964,0,216823.930537055,193417.376277691,1350.4350412176,180.266472517513,100713.12902868,0,0,200.352648620494,0,0,0,0,233.388622826897,0,0,0,337.926168075064,57.0378960117232,0,0,208.200432145415,10199.8749781367,0,524.505211215466,0,4676.11623033136,188.227841413114,0,720937.785315226
"500",25.5,0,187491.32370637,4335.69422291964,0,216823.930537055,193417.376277691,1350.4350412176,180.266472517513,100713.12902868,0,0,200.352648620494,0,0,0,0,233.388622826897,0,0,0,337.926168075064,57.0378960117232,0,0,208.200432145415,10199.8749781367,0,524.505211215466,0,4676.11623033136,188.227841413114,0,720937.785315226
"500",25.6,0,197850.282899479,4335.69422291964,0,220958.801165241,187380.909630414,941.987353905104,180.266472517513,94649.6468073996,0,0,200.352648620494,0,0,0,0,233.388622826897,0,0,0,337.926168075064,57.0378960117232,0,0,208.200432145415,10199.8749781367,0,524.505211215466,0,4676.11623033136,188.227841413114,0,722923.218580653
"500",25.7,0,197850.282899479,4335.69422291964,0,220958.801165241,187380.909630414,941.987353905104,180.266472517513,94649.6468073996,0,0,200.352648620494,0,0,0,0,233.388622826897,0,0,0,337.926168075064,57.0378960117232,0,0,208.200432145415,10199.8749781367,0,524.505211215466,0,4676.11623033136,188.227841413114,0,722923.218580653
"500",26.1,0,115477.559945746,12500.6863010367,0,189634.39513918,269663.707363276,1392.40843515098,0,7745.11470632185,8364.78678663849,0,0,0,0,0,0,0,0,2362.16870920337,74978.0935415865,0,0,0,0,0,1039.1059582918,0,0,0,0,0,0,683158.026886432
"500",26.2,0,70320.4973089215,12503.9666058858,0,128728.603421857,374129.126519057,0,0,7784.66513372143,2425.41853396595,0,0,0,0,0,0,0,0,2362.16870920337,74978.0935415865,0,0,0,0,0,16376.6209863564,0,0,0,0,0,0,689609.160760555
"500",26.3,0,52496.1811410864,12503.9666058858,0,111538.651950837,405182.933418291,0,0,7784.66513372143,181.239805704914,0,0,0,0,0,0,0,0,2362.16870920337,74978.0935415865,0,0,0,0,0,24787.2098014485,0,0,0,0,0,0,691815.110107765
"500",26.4,0,15255.315828261,12503.9666058858,0,112548.098818473,457714.434129952,259.217273745686,0,9859.43753207498,0,0,0,0,0,0,0,0,0,2362.16870920337,74978.0935415865,0,0,0,0,0,26873.5606305581,0,0,0,0,0,0,712354.29306974
"500",26.5,0,16808.8843543897,12503.9666058858,0,105878.88042858,466462.270395879,170.397911712527,0,7661.81646489562,0,0,0,0,0,0,0,0,0,2362.16870920337,74978.0935415865,0,0,0,0,0,26873.5606305581,0,0,0,0,0,0,713700.039042691
"500",26.6,0,10920.4595152405,12503.9666058858,0,102243.370106393,480557.205708628,408.16414725408,0,13203.6808028254,0,0,0,0,0,0,0,0,0,2362.16870920337,73922.032192467,0,0,0,0,0,26873.5606305581,0,0,0,0,0,0,722994.608418456
"500",27.1,0,0,229.035016683862,0,215687.962670145,171426.304217971,2445.20646933466,0,176125.200512888,41877.704823677,0,0,8506.69682738557,0,0,0,0,0,0,0,0,0,0,0,0,0,0,0,0,0,0,0,616298.110538085
"500",27.2,0,0,229.035016683862,0,246787.621755873,147970.990513898,2445.20646933466,0,179447.85836322,57555.7674321588,0,0,8506.69682738557,0,0,0,0,0,0,0,0,0,0,0,0,0,0,0,0,0,0,0,642943.176378554
"500",27.3,0,0,229.035016683862,0,262875.165541672,151589.240236514,2445.20646933466,0,164524.608527637,24368.9163747287,0,0,8506.69682738557,0,0,0,0,0,0,0,0,0,0,0,0,0,0,0,0,0,0,0,614538.868993956
"500",27.4,0,0,229.035016683862,0,262875.165541672,151589.240236514,2445.20646933466,0,164524.608527637,24368.9163747287,0,0,8506.69682738557,0,0,0,0,0,0,0,0,0,0,0,0,0,0,0,0,0,0,0,614538.868993956
"750",1.1,2292.96470740996,112127.073219921,20984.4592618458,1115.31963136885,417563.6401988,150149.198784923,81527.1427132261,14352.0403680913,239037.06094669,133673.047900274,17672.5352453446,18415.8690665402,52457.0844284189,95265.3285727565,9380.09668817744,607.068376503536,11403.6560981255,571.046190582332,3224.86257535219,0,0,0,0,0,0,230556.193344341,0,0,0,0,0,0,1612375.68831869
"750",1.2,2292.96470740996,46338.0580809903,20984.4592618458,1115.31963136885,392357.99516728,187759.704181806,100278.838719392,14352.0403680913,99905.5436337207,152673.217411753,19936.6308190139,18415.8690665402,41504.630714312,93738.3589990575,9380.09668817744,607.068376503536,11403.6560981255,571.046190582332,3224.86257535219,0,0,0,0,0,0,275122.478613384,0,0,0,0,0,11315.5343199726,1503278.37362468
"750",1.3,2292.96470740996,45951.3641099562,20984.4592618458,1115.31963136885,391759.229125629,189323.137086067,100331.8574633,14352.0403680913,99836.5747217902,153468.589981543,19936.6308190139,18415.8690665402,41504.630714312,93373.4648254037,9380.09668817744,607.068376503536,11403.6560981255,571.046190582332,3224.86257535219,0,0,0,0,0,0,274078.132802689,0,0,0,0,0,11365.0154919671,1503276.01010567
"750",1.4,2292.96470740996,138839.179118891,20984.4592618458,1115.31963136885,435407.657438035,137976.10997708,101391.260276397,14352.0403680913,101869.770049672,182030.043392071,19936.6308190139,18415.8690665402,56851.1510412209,95265.3285727565,9380.09668817744,607.068376503536,11403.6560981255,571.046190582332,3224.86257535219,0,0,0,0,0,0,233203.916226886,0,0,0,0,0,0,1585118.42987602
"750",2.1,0,0,352.135727182031,0,107735.18320488,601010.001783053,12476.765076297,0,84832.4993258734,0,0,0,4190.58644864781,0,171.431224789703,0,0,0,180.659656072967,965.837193368468,106.304197092802,98.7539419494569,362.755597185344,0,0,0,0,0,0,0,0,0,812482.913376392
"750",2.2,0,0,352.135727182031,0,75162.3716025329,569832.042776893,8365.08354539068,0,89192.40815381,0,0,0,4190.58644864781,0,171.431224789703,0,0,0,180.659656072967,965.837193368468,106.304197092802,98.7539419494569,362.755597185344,0,0,0,0,0,0,0,0,0,748980.370064915
"750",2.3,0,0,352.135727182031,0,135090.378789843,604685.842456914,17874.6942953488,0,77555.4698891996,0,0,0,4190.58644864781,0,171.431224789703,0,0,0,180.659656072967,965.837193368468,106.304197092802,98.7539419494569,362.755597185344,0,0,0,0,0,0,0,0,0,841634.849417594
"750",2.4,0,0,352.135727182031,0,82259.5305218541,567688.031494014,9060.63635075342,0,90165.554137968,0,0,0,4190.58644864781,0,171.431224789703,0,0,0,180.659656072967,965.837193368468,106.304197092802,98.7539419494569,362.755597185344,0,0,0,0,0,0,0,0,0,755602.216490878
"750",2.5,0,0,352.135727182031,0,108472.377026585,609741.588585775,12565.9195850777,0,82097.3310934448,0,0,0,4190.58644864781,0,171.431224789703,0,0,0,180.659656072967,965.837193368468,106.304197092802,98.7539419494569,362.755597185344,0,0,0,0,0,0,0,0,0,819305.680277171
"750",2.6,0,0,352.135727182031,0,106859.529726798,608433.39800706,12326.4871037832,0,82609.88784789,0,0,0,4190.58644864781,0,171.431224789703,0,0,0,180.659656072967,965.837193368468,106.304197092802,98.7539419494569,362.755597185344,0,0,0,0,0,0,0,0,0,816657.76667182
"750",3.1,0,344463.056910073,423.735528632639,0,780123.878297419,394172.468730933,14657.9926096646,0,126095.119684787,0,0,0,7565.31980454438,0,0,0,0,0,0,0,0,0,0,0,0,0,0,0,0,0,0,0,1667501.57156605
"750",3.2,0,632478.100598549,423.735528632639,0,683256.766686629,278866.591889654,16871.3581433741,0,62171.118197647,0,0,0,7565.31980454438,0,0,0,0,0,0,0,0,0,0,0,0,0,0,0,0,0,0,0,1681632.99084903
"750",3.3,0,632478.100598549,423.735528632639,0,683256.766686629,278866.591889654,16871.3581433741,0,62171.118197647,0,0,0,7565.31980454438,0,0,0,0,0,0,0,0,0,0,0,0,0,0,0,0,0,0,0,1681632.99084903
"750",3.4,0,224284.436214264,423.735528632639,0,823011.961904135,457139.518905252,10091.6422358959,0,130596.268661271,0,0,0,8301.59369450521,0,0,0,0,0,0,0,0,0,0,0,0,0,0,0,0,0,0,0,1653849.15714396
"750",3.5,0,478507.780029212,423.735528632639,0,725033.115839758,375594.157583443,15725.4957818014,0,75105.0499964136,0,0,0,7565.31980454438,0,0,0,0,0,0,0,0,0,0,0,0,0,0,0,0,0,0,0,1677954.6545638
"750",3.6,0,478507.780029212,423.735528632639,0,725033.115839758,375594.157583443,15725.4957818014,0,75105.0499964136,0,0,0,7565.31980454438,0,0,0,0,0,0,0,0,0,0,0,0,0,0,0,0,0,0,0,1677954.6545638
"750",4.1,0,599015.333840113,18873.1014174873,0,208970.739836388,276862.591145651,104439.236998527,0,22973.2137630753,238441.75398623,8999.28970398754,0,1786.52353539784,0,0,0,0,0,401.552947629592,18567.9088759649,0,0,0,13021.509300461,0,0,0,0,0,0,0,0,1512352.75535091
"750",4.2,0,556574.397658814,18873.1014174873,0,245627.676114828,286520.007956741,120345.743400655,0,21411.18978592,256208.577947687,8999.28970398754,0,1786.52353539784,0,0,0,0,0,401.552947629592,18567.9088759649,0,0,0,13021.509300461,0,0,0,0,0,0,0,0,1548337.47864557
"750",4.3,0,508953.18322725,18873.1014174873,0,181506.81690632,177070.86622197,96847.4641763462,0,7591.02717942209,470973.256546974,8999.28970398754,0,1786.52353539784,0,0,0,0,0,401.552947629592,18567.9088759649,0,0,0,13021.509300461,0,0,0,0,0,0,0,0,1504592.50003921
"750",4.4,0,588763.536025686,18873.1014174873,0,191500.979688432,262384.90647653,95222.3815095129,0,22973.2137630753,309233.868642511,8999.28970398754,0,1786.52353539784,0,0,0,0,0,401.552947629592,18567.9088759649,0,0,0,13021.509300461,0,0,0,0,0,0,0,0,1531728.77188668
"750",4.5,0,569544.186192069,18873.1014174873,0,275563.514242438,283329.936869705,101323.106947908,0,20429.1905631887,198586.80333056,8999.28970398754,0,1786.52353539784,0,0,0,0,0,401.552947629592,18567.9088759649,0,0,0,13021.509300461,0,0,0,0,0,0,0,0,1510426.6239268
"750",5.1,0,0,1802.06061339355,0,464057.322287209,303520.077956074,14660.2281085955,4314.22796940539,399069.264187268,193365.892932146,0,0,12230.0448818225,0,0,0,0,0,0,0,0,0,0,12853.3105258271,3160.62710276688,0,0,0,128.133974822238,0,0,0,1409161.19053933
"750",5.2,0,0,1802.06061339355,0,489647.105880598,582549.068031931,15294.0168202155,4314.22796940539,347859.698142799,50448.8580155324,0,0,0,0,0,0,0,0,0,0,0,0,0,12853.3105258271,3160.62710276688,0,0,0,128.133974822238,0,0,0,1508057.10707729
"750",5.3,0,0,1802.06061339355,0,490160.568225724,551739.510821253,15294.0168202155,4314.22796940539,357809.668197545,54250.6927453687,0,0,0,0,0,0,0,0,0,0,0,0,0,12853.3105258271,3160.62710276688,0,0,0,128.133974822238,0,0,0,1491512.81699632
"750",5.4,0,0,1802.06061339355,0,489675.083495042,595726.432021861,15294.0168202155,4314.22796940539,344168.684205846,47383.19810498,0,0,0,0,0,0,0,0,0,0,0,0,0,12853.3105258271,3160.62710276688,0,0,0,128.133974822238,0,0,0,1514505.77483416
"750",6.1,0,555399.138322681,5844.74684820324,0,68715.4266226399,148259.331502382,22058.9212457354,0,67141.493567348,565698.906269827,29390.6940567382,0,0,0,0,0,0,0,5255.7621443586,0,0,0,0,0,0,43934.5971391015,0,0,0,0,0,0,1511699.01771902
"750",6.2,0,551172.868403544,5844.74684820324,0,104402.523489359,142392.479245377,19398.9950084174,0,61361.7826007453,567992.652135848,29390.6940567382,0,0,0,0,0,0,0,5255.7621443586,0,0,0,0,0,0,41616.5004198216,0,0,0,0,0,0,1528829.00435241
"750",6.3,0,478604.190841821,5844.74684820324,0,180237.899226423,200493.482648823,24301.532153533,0,64169.1775284866,573298.000091732,29390.6940567382,0,0,0,0,0,0,0,5255.7621443586,0,0,0,0,0,0,1058.67486620368,0,0,0,0,0,0,1562654.16040632
"750",6.4,0,469896.461894171,5844.74684820324,0,106746.163274714,263584.311054756,27322.3436295555,0,73183.6972282318,588482.806667982,29390.6940567382,0,0,0,0,0,0,0,5255.7621443586,0,0,0,0,0,0,0,0,0,0,0,0,0,1569706.98679871
"750",7.1,0,122184.725968642,435.075117201777,0,526464.34782159,95777.6494965546,40680.1986098908,0,85542.6226560284,642523.773465714,0,0,3133.54148058337,0,0,0,0,0,0,0,0,0,0,846.159091326408,0,35013.7979489495,0,0,0,0,0,0,1552601.89165648
"750",7.2,0,122184.725968642,435.075117201777,0,406263.417684388,169638.763086377,36325.6860480592,0,152711.580663775,626863.934586477,0,0,3133.54148058337,0,0,0,0,0,0,0,0,0,0,846.159091326408,0,24242.8915475728,0,0,0,0,0,0,1542645.7752744
"750",7.3,0,122184.725968642,435.075117201777,0,437613.511884491,118700.244319501,38691.3351596511,0,124358.744026925,662545.528013374,0,0,3133.54148058337,0,0,0,0,0,0,0,0,0,0,846.159091326408,0,33026.423164268,0,0,0,0,0,0,1541535.28822596
"750",7.4,0,98935.2002751734,435.075117201777,0,386735.327159437,286472.908110813,31327.5629700026,0,189798.27177166,506897.175462735,0,0,3133.54148058337,0,0,0,0,0,0,0,0,0,0,846.159091326408,0,22214.3687979691,0,0,0,0,0,0,1526795.5902369
"750",8.1,0,464039.689870022,0,0,580489.824570962,89824.9110162753,48342.2691504665,0,97887.8696612678,292876.860998,0,0,2489.9055496857,0,0,0,0,0,0,0,0,0,0,0,0,0,0,0,0,0,0,0,1575951.33081668
"750",9.1,0,0,743.975194754312,0,32675.189309979,545494.033678875,15999.6806570315,0,517192.48604551,0,0,0,24774.3106576158,0,0,0,0,0,0,0,0,0,0,4785.95708871735,0,0,0,0,0,0,0,0,1141665.63263248
"750",9.2,0,56810.3285021266,743.975194754312,0,32675.189309979,670616.253608243,9046.38262277574,0,619098.751109257,27214.7085881112,0,0,24774.3106576158,0,0,0,0,0,0,0,0,0,0,4785.95708871735,0,0,0,0,0,0,0,0,1445765.85668158
"750",9.3,0,0,743.975194754312,0,32675.189309979,679231.360961315,15992.9553883398,0,541909.800120363,0,0,0,24774.3106576158,0,0,0,0,0,0,0,0,0,0,4785.95708871735,0,0,0,0,0,0,0,0,1300113.54872108
"750",9.4,0,0,743.975194754312,0,32675.189309979,679231.360961315,15992.9553883398,0,541909.800120363,0,0,0,24774.3106576158,0,0,0,0,0,0,0,0,0,0,4785.95708871735,0,0,0,0,0,0,0,0,1300113.54872108
"750",10.1,0,0,828.218682053033,0,37138.6710213001,775990.106863073,809.285588813946,0,417703.668969347,0,0,0,41282.3094116972,0,0,0,0,0,0,0,0,0,0,18784.0711083056,0,6684.099707495,0,0,0,0,0,0,1299220.43135208
"750",10.2,0,0,828.218682053033,0,37138.6710213001,775990.106863073,809.285588813946,0,417703.668969347,0,0,0,41282.3094116972,0,0,0,0,0,0,0,0,0,0,18784.0711083056,0,6684.099707495,0,0,0,0,0,0,1299220.43135208
"750",10.3,0,0,828.218682053033,0,29283.9341342999,1047837.40650177,809.285588813946,0,359820.174776833,0,0,0,41282.3094116972,0,0,0,0,0,0,0,0,0,0,18784.0711083056,0,6684.099707495,0,0,0,0,0,0,1505329.49991127
"750",10.4,0,0,828.218682053033,0,29283.9341342999,1035704.6925109,809.285588813946,0,366927.004425097,0,0,0,41282.3094116972,0,0,0,0,0,0,0,0,0,0,18784.0711083056,0,6684.099707495,0,0,0,0,0,0,1500303.61556866
"750",11.1,0,0,1153.21714904159,0,107225.910227271,1213094.02906005,16910.4534189575,0,275375.179769806,0,0,0,16793.8047413859,0,0,0,0,0,0,0,0,0,0,0,0,0,0,0,0,0,0,0,1630552.59436652
"750",11.2,0,0,1153.21714904159,0,86664.0496442377,1257248.69987002,17492.4415838802,0,252283.778516904,0,0,0,16793.8047413859,0,0,0,0,0,0,0,0,0,0,0,0,0,0,0,0,0,0,0,1631635.99150547
"750",11.3,0,0,1153.21714904159,0,108551.811839725,1235811.4520213,18822.3122095848,0,250624.414255611,0,0,0,16793.8047413859,0,0,0,0,0,0,0,0,0,0,0,0,0,0,0,0,0,0,0,1631757.01221665
"750",11.4,0,0,1153.21714904159,0,79872.1437284136,1242744.30996713,14189.101602698,0,275255.171607644,0,0,0,16793.8047413859,0,0,0,0,0,0,0,0,0,0,0,0,0,0,0,0,0,0,0,1630007.74879631
"750",12.1,0,161043.857654999,347.704036704963,0,221499.20205718,118779.423592863,65606.8905854082,0,85292.2728863953,881412.312398802,0,0,23406.5703487241,0,0,0,0,0,0,0,0,0,0,0,0,0,1085.99197361059,0,0,0,0,0,1558474.22553469
"750",12.2,0,99438.8742170921,347.704036704963,0,225265.545177089,80361.4877279461,55128.0747480057,0,85862.1089469882,959399.433759422,0,0,23406.5703487241,0,0,0,0,0,0,0,0,0,0,0,0,9644.68952637911,1085.99197361059,0,0,0,0,0,1539940.48046196
"750",12.3,0,99217.2962428798,347.704036704963,0,216903.208667375,103199.680600861,55620.9955729959,0,85292.2728863953,922872.399209024,0,0,23406.5703487241,0,0,0,0,0,0,0,0,0,0,0,0,5461.56933021271,1085.99197361059,0,0,0,0,0,1513407.68886878
"750",13.1,0,37866.6176041253,40161.5532525824,0,275057.651530205,1179729.65838275,6941.84140718986,0,96185.4779878319,0,0,0,0,0,0,0,0,0,0,0,0,0,0,0,0,11736.7236870695,0,0,0,0,0,0,1647679.52385175
"750",13.2,0,25233.0290452694,40161.5532525824,0,222482.999775039,1304706.86344401,5643.8757757749,0,73109.2784723234,0,0,0,0,0,0,0,0,0,0,0,0,0,0,0,0,11736.7236870695,0,0,0,0,0,0,1683074.32345207
"750",13.3,0,28441.710046771,40161.5532525824,0,184005.187291588,1322673.15875584,6811.33119356145,0,77494.1594954679,0,0,0,0,0,0,0,0,0,0,0,0,0,0,0,0,11736.7236870695,0,0,0,0,0,0,1671323.82372288
"750",14.1,0,366717.038584672,125989.191361057,0,145150.600064399,217036.219443647,95706.0845171378,0,42815.7923850993,603661.989793728,59817.3601255813,0,0,0,0,0,0,0,15474.7470445409,0,8806.14396496909,0,0,0,0,36.0948314592242,0,0,0,0,0,0,1681211.26211629
"750",14.2,0,260006.730686416,109780.573853854,0,217338.030788342,611682.242526545,70618.5195485281,0,19895.2653576234,398928.14048361,23485.5086777625,0,0,0,0,0,0,0,1006.92931860499,0,8806.14396496909,0,0,0,0,0,0,0,0,0,0,0,1721548.08520625
"750",14.3,0,210411.529229059,65362.6006691298,0,77124.1062122902,135417.361148192,73996.0639175008,0,120480.375934043,544240.854467287,62044.2487652958,0,15254.3743915558,0,0,0,0,0,15474.7470445409,0,8806.14396496909,0,0,0,0,55522.7364185522,0,0,0,0,0,0,1384135.14216241
"750",14.4,0,238883.57744772,109780.573853854,0,113304.638708394,559001.556290889,81693.9002108094,0,42834.9675978453,507788.860570305,37245.0526871872,0,0,0,0,0,0,0,8802.30783487298,0,8806.14396496909,0,0,0,0,0,0,0,0,0,0,0,1708141.57916685
"750",15.1,0,0,2647.90956868837,0,153582.344895827,1436709.55178021,5607.43480307912,0,110324.587268927,0,0,0,11503.3867639498,0,402.545776673709,0,0,0,0,0,0,0,0,0,0,0,0,0,0,0,0,0,1720777.76085735
"750",15.2,0,0,2647.90956868837,0,111503.384813879,1413007.04758314,6717.69621937093,0,153524.95275799,0,0,0,11503.3867639498,0,402.545776673709,0,0,0,0,0,0,0,0,0,0,0,0,0,0,0,0,0,1699306.9234837
"750",15.3,0,0,2647.90956868837,0,138915.121867657,1391027.97343558,6717.69621937093,0,137789.314641449,0,0,0,11503.3867639498,0,402.545776673709,0,0,0,0,0,0,0,0,0,0,0,0,0,0,0,0,0,1689003.94827337
"750",15.4,0,0,2647.90956868837,0,119678.850727345,1434898.58063248,6717.69621937093,0,131013.426452885,0,0,0,11503.3867639498,0,402.545776673709,0,0,0,0,0,0,0,0,0,0,0,0,0,0,0,0,0,1706862.39614139
"750",15.5,0,0,2647.90956868837,0,190137.462995222,1367590.74383284,7366.03151276824,0,122465.0507465,0,0,0,11503.3867639498,0,402.545776673709,0,0,0,0,0,0,0,0,0,0,0,0,0,0,0,0,0,1702113.13119664
"750",15.6,0,0,2647.90956868837,0,165237.869177889,1420394.95318411,7611.71934675169,0,104212.375811036,0,0,0,11503.3867639498,0,402.545776673709,0,0,0,0,0,0,0,0,0,0,0,0,0,0,0,0,0,1712010.7596291
"750",15.7,0,0,2647.90956868837,0,165237.869177889,1420394.95318411,7611.71934675169,0,104212.375811036,0,0,0,11503.3867639498,0,402.545776673709,0,0,0,0,0,0,0,0,0,0,0,0,0,0,0,0,0,1712010.7596291
"750",16.1,0,0,0,0,0,1543424.83523991,0,0,126855.923202297,0,0,0,0,0,0,0,0,0,0,0,0,0,0,0,0,0,0,0,0,0,0,0,1670280.75844221
"750",17.1,0,196064.811880429,17154.1685080428,0,285365.7553189,401663.428175413,1739.06951950863,7312.1338518057,39622.8134473233,383361.590926817,33103.4793429351,14622.4049278907,38655.9728585092,7713.44306578394,2973.29183180025,0,0,0,419.294384253211,0,2270.81506221462,0,0,0,0,86930.2266178466,0,4267.44558885554,935.539475725032,5109.6117462173,313.620325317606,0,1529598.91685559
"750",17.2,0,345089.49437201,17154.1685080428,0,95326.8433059119,333361.35292954,1739.06951950863,7312.1338518057,47917.0103894509,494705.271921429,33103.4793429351,14622.4049278907,38655.9728585092,7713.44306578394,2973.29183180025,0,0,0,419.294384253211,0,2270.81506221462,0,0,0,0,89499.3697158694,0,4267.44558885554,935.539475725032,5109.6117462173,313.620325317606,0,1542489.63312307
"750",17.3,0,365935.580305084,17154.1685080428,0,76203.461873807,318085.537825183,1739.06951950863,7312.1338518057,55291.8395282365,509103.237467785,33103.4793429351,14622.4049278907,38655.9728585092,7713.44306578394,2973.29183180025,0,0,0,419.294384253211,0,2270.81506221462,0,0,0,0,89284.7571927719,0,4267.44558885554,935.539475725032,5109.6117462173,313.620325317606,0,1550494.70468173
"750",17.4,0,461453.183398894,17154.1685080428,0,83154.852245931,213948.122306683,1739.06951950863,7312.1338518057,59568.2181235859,516780.112184135,33103.4793429351,14622.4049278907,38655.9728585092,7713.44306578394,2973.29183180025,0,0,0,419.294384253211,0,2270.81506221462,0,0,0,0,63578.539301388,0,4267.44558885554,935.539475725032,5109.6117462173,313.620325317606,0,1535073.31804948
"750",17.5,0,297860.724519007,17154.1685080428,0,120296.014418826,372241.927719735,1739.06951950863,7312.1338518057,31576.1788070137,496992.833829228,33103.4793429351,14622.4049278907,38655.9728585092,7713.44306578394,2973.29183180025,0,0,0,419.294384253211,0,2270.81506221462,0,0,0,0,89499.3697158694,0,4267.44558885554,935.539475725032,5109.6117462173,313.620325317606,0,1545057.33949854
"750",17.6,0,311135.375861422,17154.1685080428,0,132867.438830983,361412.724748434,1739.06951950863,7312.1338518057,22850.7847731896,508334.693289624,33103.4793429351,14622.4049278907,38655.9728585092,7713.44306578394,2973.29183180025,0,0,0,419.294384253211,0,2270.81506221462,0,0,0,0,82804.2439574376,0,4267.44558885554,935.539475725032,5109.6117462173,313.620325317606,0,1555995.55194995
"750",18.1,0,169208.241238708,0,0,231583.915107981,754430.431925588,29363.6486706683,0,196823.699809095,200972.408683638,0,0,1571.7760883579,0,0,0,0,0,0,0,0,0,0,1017.77371988632,0,0,0,0,0,0,0,0,1584971.89524392
"750",18.2,0,130923.973065394,0,0,165074.316645522,953953.801322881,21287.8383196782,0,220272.184424164,138151.362866621,0,0,0,0,0,0,0,0,0,0,0,0,0,0,0,0,0,0,0,0,0,0,1629663.47664426
"750",19.1,0,323270.382250375,0,0,58926.9147243797,369670.457128067,85731.9687628624,0,393919.686282793,423674.058102715,0,0,588.992881187063,0,0,0,0,0,0,0,0,0,0,2609.01678691315,0,0,0,0,0,0,0,0,1658391.47691929
"750",19.2,0,323270.382250375,0,0,58926.9147243797,369670.457128067,85731.9687628624,0,393919.686282793,423674.058102715,0,0,588.992881187063,0,0,0,0,0,0,0,0,0,0,2609.01678691315,0,0,0,0,0,0,0,0,1658391.47691929
"750",19.3,0,298686.494248727,0,0,58926.9147243797,323251.047730119,84274.5880106914,0,534218.171027113,355798.638455237,0,0,588.992881187063,0,0,0,0,0,0,0,0,0,0,2609.01678691315,0,0,0,0,0,0,0,0,1658353.86386437
"750",20.1,0,0,519.316655291244,0,382851.310701163,1021535.55966391,25573.6172760432,0,123759.542699348,0,0,75.542768156156,600.881664095679,4004.24112818739,0,0,0,0,35.3074720248987,0,130.299217305612,59.5680706525891,0,0,0,0,0,0,86.124132854864,0,0,356.587101293728,1559587.89855032
"750",20.2,0,0,519.316655291244,0,344917.815500856,861593.794475167,28752.385632155,0,130625.197579764,0,0,75.542768156156,600.881664095679,4004.24112818739,0,0,0,0,35.3074720248987,0,130.299217305612,59.5680706525891,0,0,0,0,0,0,86.124132854864,0,0,356.587101293728,1371757.0613978
"750",20.3,0,0,519.316655291244,0,365819.810079091,913125.05748592,28644.1664717803,0,133107.139185283,0,0,75.542768156156,600.881664095679,4004.24112818739,0,0,0,0,35.3074720248987,0,130.299217305612,59.5680706525891,0,0,0,0,0,0,86.124132854864,0,0,356.587101293728,1446564.04143194
"750",20.4,0,0,519.316655291244,0,345043.066050195,864136.156463379,28075.3391817403,0,130092.999003863,0,0,75.542768156156,600.881664095679,4004.24112818739,0,0,0,0,35.3074720248987,0,130.299217305612,59.5680706525891,0,0,0,0,0,0,86.124132854864,0,0,356.587101293728,1373215.42890904
"750",21.1,0,0,6079.03348938259,982.557836906635,1046143.78610918,374237.811650062,24853.6643213757,0,113848.737665532,0,0,0,41235.555371367,0,0,0,0,0,0,0,1610.96518343908,301.801090539433,0,0,0,0,0,0,0,0,0,0,1609293.91271778
"750",21.2,0,0,6079.03348938259,982.557836906635,841936.005398031,548238.667335514,21433.6445019426,0,108179.819641212,0,0,0,41235.555371367,0,0,0,0,0,0,0,1610.96518343908,301.801090539433,0,0,0,0,0,0,0,0,0,0,1569998.04984833
"750",21.3,0,0,6079.03348938259,982.557836906635,1060453.54533972,408879.473122162,23952.9496357022,0,90076.4029677465,0,0,0,41235.555371367,0,0,0,0,0,0,0,1610.96518343908,301.801090539433,0,0,0,0,0,0,0,0,0,0,1633572.28403697
"750",21.4,0,0,6079.03348938259,982.557836906635,1001748.21803087,440647.615868073,23996.9937565823,0,99347.1299875929,0,0,0,41235.555371367,0,0,0,0,0,0,0,1610.96518343908,301.801090539433,0,0,0,0,0,0,0,0,0,0,1615949.87061475
"750",21.5,0,0,6079.03348938259,982.557836906635,1001748.21803087,440647.615868073,23996.9937565823,0,99347.1299875929,0,0,0,41235.555371367,0,0,0,0,0,0,0,1610.96518343908,301.801090539433,0,0,0,0,0,0,0,0,0,0,1615949.87061475
"750",22.1,0,640665.151083842,8184.51119068381,0,242854.203132299,241019.496770781,60694.6731313733,0,144029.615047573,38386.0307083204,0,0,42273.5939088493,2893.84486754239,0,0,0,0,0,0,2679.33524359216,0,0,0,0,11665.6668152058,0,0,0,0,0,0,1435346.12190006
"750",22.2,0,640665.151083842,8184.51119068381,0,242854.203132299,241019.496770781,60694.6731313733,0,144029.615047573,38386.0307083204,0,0,42273.5939088493,2893.84486754239,0,0,0,0,0,0,2679.33524359216,0,0,0,0,11665.6668152058,0,0,0,0,0,0,1435346.12190006
"750",22.3,0,283760.214435667,6405.68084567715,0,107733.233054667,885693.329809121,37142.2901928324,0,245746.671187681,0,0,0,25659.6135307875,2893.84486754239,0,0,0,0,0,0,2679.33524359216,0,0,0,0,11665.6668152058,0,0,0,0,0,0,1609379.87998277
"750",22.4,0,411160.441024853,8184.51119068381,0,163054.83346592,602800.773004015,57636.7624937316,0,191096.863368969,0,0,0,37207.2453264549,2893.84486754239,0,0,0,0,0,0,2679.33524359216,0,0,0,0,11665.6668152058,0,0,0,0,0,0,1488380.27680097
"750",22.5,0,668603.957644875,8184.51119068381,0,281109.46263917,181037.03968611,57930.6663481254,0,132045.276037312,54606.2964476253,0,0,42273.5939088493,341.275293892249,0,0,0,0,0,0,273.765334946569,0,0,0,0,11665.6668152058,0,0,0,0,0,0,1438071.5113468
"750",22.6,0,411081.919017892,8184.51119068381,0,165638.416625013,609923.704439594,57825.2251015941,0,192842.810108854,0,0,0,36612.6107271715,2893.84486754239,0,0,0,0,0,0,2679.33524359216,0,0,0,0,11665.6668152058,0,0,0,0,0,0,1499348.04413714
"750",23.1,0,0,0,0,436143.917486226,788808.995862024,25911.0924916316,0,392825.163146766,41693.5462138147,0,0,0,0,0,0,0,0,0,0,0,0,0,0,0,0,0,0,0,0,0,0,1685382.71520046
"750",23.2,0,0,0,0,428287.271162664,822718.878004091,26544.2699689317,0,354873.535715645,44934.1648232305,0,0,0,0,0,0,0,0,0,0,0,0,0,0,0,0,0,0,0,0,0,0,1677358.11967456
"750",24.1,0,41199.640904801,13560.6952042114,0,453775.999385343,636103.449207568,63604.5547061656,0,34222.8520865865,180374.51714974,0,0,19866.7498435177,0,0,0,0,0,0,0,0,0,0,0,0,105348.416955808,0,0,0,0,0,0,1548056.87544374
"750",24.2,0,5359.96615628467,13560.6952042114,0,558174.815803742,744656.252450033,51739.6984216229,0,48396.6841413983,103199.949616879,0,0,19044.0271233678,0,0,0,0,0,0,0,0,0,0,0,0,102680.988300218,0,0,0,0,0,0,1646813.07721776
"750",24.3,0,65012.9959533843,13560.6952042114,0,449954.255512924,526570.456702255,65057.98512679,0,35973.5314155873,191730.555867654,0,0,19866.7498435177,0,0,0,0,0,0,0,0,0,0,0,0,105348.416955808,0,0,0,0,0,0,1473075.64258213
"750",24.4,0,10688.7901180116,13560.6952042114,0,522183.807203648,731213.077187087,56931.2914373318,0,41453.1438141543,129678.045137217,0,0,19833.0126961268,0,0,0,0,0,0,0,0,0,0,0,0,105348.416955808,0,0,0,0,0,0,1630890.2797536
"750",25.1,0,407569.413055312,4335.69422291964,0,635908.799642305,376603.952308622,17449.1021829713,180.266472517513,230469.199436895,0,0,200.352648620494,0,0,0,0,233.388622826897,0,0,0,337.926168075064,57.0378960117232,0,0,208.200432145415,10199.8749781367,0,524.505211215466,0,4676.11623033136,188.227841413114,0,1689142.05735032
"750",25.2,0,407569.413055312,4335.69422291964,0,635908.799642305,376603.952308622,17449.1021829713,180.266472517513,230469.199436895,0,0,200.352648620494,0,0,0,0,233.388622826897,0,0,0,337.926168075064,57.0378960117232,0,0,208.200432145415,10199.8749781367,0,524.505211215466,0,4676.11623033136,188.227841413114,0,1689142.05735032
"750",25.3,0,390186.80863391,4335.69422291964,0,639707.334527891,362085.203728173,19640.9961043755,180.266472517513,261669.285046552,0,0,200.352648620494,0,0,0,0,233.388622826897,0,0,0,337.926168075064,57.0378960117232,0,0,208.200432145415,10199.8749781367,0,524.505211215466,0,4676.11623033136,188.227841413114,0,1694431.21876511
"750",25.4,0,260755.144803803,4335.69422291964,0,597517.974711737,604932.481661939,8752.67274393444,180.266472517513,187732.402815351,0,0,200.352648620494,0,0,0,0,233.388622826897,0,0,0,337.926168075064,57.0378960117232,0,0,208.200432145415,10199.8749781367,0,524.505211215466,0,4676.11623033136,188.227841413114,0,1680832.26746098
"750",25.5,0,260755.144803803,4335.69422291964,0,597517.974711737,604932.481661939,8752.67274393444,180.266472517513,187732.402815351,0,0,200.352648620494,0,0,0,0,233.388622826897,0,0,0,337.926168075064,57.0378960117232,0,0,208.200432145415,10199.8749781367,0,524.505211215466,0,4676.11623033136,188.227841413114,0,1680832.26746098
"750",25.6,0,260885.473863717,4335.69422291964,0,583295.267895116,613687.638137364,8872.21054796898,180.266472517513,191688.130094361,0,0,200.352648620494,0,0,0,0,233.388622826897,0,0,0,337.926168075064,57.0378960117232,0,0,208.200432145415,10199.8749781367,0,524.505211215466,0,4676.11623033136,188.227841413114,0,1679570.31126274
"750",25.7,0,260885.473863717,4335.69422291964,0,583295.267895116,613687.638137364,8872.21054796898,180.266472517513,191688.130094361,0,0,200.352648620494,0,0,0,0,233.388622826897,0,0,0,337.926168075064,57.0378960117232,0,0,208.200432145415,10199.8749781367,0,524.505211215466,0,4676.11623033136,188.227841413114,0,1679570.31126274
"750",26.1,0,266078.95222924,12503.9666058858,0,365407.494724978,706494.344755157,1457.67361864448,0,17408.1779304922,130178.334663502,0,0,0,0,0,0,0,0,2362.16870920337,74978.0935415865,0,0,0,0,0,26873.5606305581,0,0,0,0,0,0,1603742.76740925
"750",26.2,0,159577.29721123,12503.9666058858,0,359303.276131641,872992.385802147,1725.12191406637,0,23739.2856899188,90743.8973570246,0,0,0,0,0,0,0,0,2362.16870920337,74978.0935415865,0,0,0,0,0,26873.5606305581,0,0,0,0,0,0,1624799.05359326
"750",26.3,0,132853.684514348,12503.9666058858,0,348481.936850144,932161.419056422,1954.83883325756,0,32674.261170939,77167.4083393231,0,0,0,0,0,0,0,0,2362.16870920337,74978.0935415865,0,0,0,0,0,26873.5606305581,0,0,0,0,0,0,1642011.33825167
"750",26.4,0,94882.1999959392,12503.9666058858,0,377221.422836028,924987.276484877,8740.49403086821,0,30861.5078011036,99707.0722464595,0,0,0,0,0,0,0,0,2362.16870920337,74978.0935415865,0,0,0,0,0,26873.5606305581,0,0,0,0,0,0,1653117.76288251
"750",26.5,0,94061.540884201,12503.9666058858,0,366544.980526043,928797.447352218,7709.6119191633,0,31186.1291211315,108979.691948074,0,0,0,0,0,0,0,0,2362.16870920337,74978.0935415865,0,0,0,0,0,26873.5606305581,0,0,0,0,0,0,1653997.19123806
"750",26.6,0,83159.354705256,12503.9666058858,0,377291.561587796,909320.841235294,11598.067709181,0,30721.2930089303,125596.524444031,0,0,0,0,0,0,0,0,2362.16870920337,74978.0935415865,0,0,0,0,0,26873.5606305581,0,0,0,0,0,0,1654405.43217772
"750",27.1,0,0,229.035016683862,0,353014.837620028,381171.133501456,6755.32473636311,0,353456.064408214,169731.368558243,0,0,8506.69682738557,0,0,0,0,0,0,0,0,0,0,0,0,0,0,0,0,0,0,0,1272864.46066837
"750",27.2,0,0,229.035016683862,0,377274.699252994,391986.780100256,6755.32473636311,0,377505.955481678,176594.622086018,0,0,8506.69682738557,0,0,0,0,0,0,0,0,0,0,0,0,0,0,0,0,0,0,0,1338853.11350138
"750",27.3,0,0,229.035016683862,0,356164.916787128,441043.472963171,6755.32473636311,0,383708.825001859,134042.173652571,0,0,8506.69682738557,0,0,0,0,0,0,0,0,0,0,0,0,0,0,0,0,0,0,0,1330450.44498516
"750",27.4,0,0,229.035016683862,0,356164.916787128,441043.472963171,6755.32473636311,0,383708.825001859,134042.173652571,0,0,8506.69682738557,0,0,0,0,0,0,0,0,0,0,0,0,0,0,0,0,0,0,0,1330450.44498516
