"buffer","SITE","CROPLA","FALLOW","WALNUT","TOMATO","WHEAT","VINEYA","UNCLAS","RIPARI","SUNFLO","GRASS","OAK","MIXEDO","CHAPAR","PRUNUS","ALFALF","BARE","ORCHAR","ONION","CUT","ORGANI","BEAN","RICE"
"250","BORE",959.997689533729,11162.937532556,67082.4077091437,71190.4082902469,2414.95423652174,38145.2320120174,5303.89850598268,0,0,0,0,0,0,0,0,0,0,0,NA,NA,NA,NA
"250","BLI",0,0,0,99303.035399997,9534.68172816032,0,44406.8759513157,13875.9769242972,29139.2659021872,0,0,0,0,0,0,0,0,0,NA,NA,NA,NA
"250","MEE",0,0,0,0,56521.6852047176,0,76022.816672244,0,63715.3338709695,0,0,0,0,0,0,0,0,0,NA,NA,NA,NA
"250","PAC",0,548.170814836925,38327.5198009006,638.529247101945,29435.2030809493,0,127310.412742284,0,0,0,0,0,0,0,0,0,0,0,NA,NA,NA,NA
"250","ROM",0,0,0,12609.4383975302,33881.5018188015,0,13152.5881742982,0,131356.829905347,5259.47763808813,0,0,0,0,0,0,0,0,NA,NA,NA,NA
"250","CRPL",0,0,0,0,0,0,0,51660.0700299308,0,1433.06629509,113518.682660047,7418.10881069142,22229.9081338281,0,0,0,0,0,NA,NA,NA,NA
"250","ECK",0,0,83994.5381743449,0,98909.1792578029,0,13354.7350094841,1.38349583814272,0,0,0,0,0,0,0,0,0,0,NA,NA,NA,NA
"250","WIN",0,59096.4957175712,45454.5162827293,0,0,0,45923.4592387491,6216.30543740968,0,279.031858631009,0,27228.5527929073,0,12061.4746139461,0,0,0,0,NA,NA,NA,NA
"250","SAG",0,0,0,78625.9434527747,23248.713731386,0,0,0,94385.1786733443,0,0,0,0,0,0,0,0,0,NA,NA,NA,NA
"250","TER",0,21052.8572254687,1175.98769622878,0,0,0,88776.3797390954,85254.6111944542,0,0,0,0,0,0,0,0,0,0,NA,NA,NA,NA
"250","FUL4",0,1787.25559948882,0,0,23999.9422383432,0,68783.5007934742,864.564021245791,0,54582.7806373511,0,33381.296899671,0,12860.4955717018,0,0,0,0,NA,NA,NA,NA
"250","RIV63",3.12614664561343,9426.41455747226,41079.877289497,0,0,0,97316.3961499932,46223.3844797794,0,358.750923509474,0,1476.78611097976,0,375.100218298742,0,0,0,0,NA,NA,NA,NA
"250","FUL45",0,30386.7304871383,58826.5939434323,0,0,0,62666.106170253,0,0,10455.1002752513,0,33925.3050192356,0,0,0,0,0,0,NA,NA,NA,NA
"250","EAT",0,1365.53018884355,0,0,23019.3235916613,0,93706.7962567479,0,0,0,0,0,0,0,78168.1859837182,0,0,0,NA,NA,NA,NA
"250","TOM",1919.99537906746,3839.99075813492,0,0,0,0,0,68364.9207068916,0,13944.7442397913,959.997689533729,1542.9871044526,101283.196297549,694.990233921477,0,3709.0133855279,0,0,NA,NA,NA,NA
"250","EVE",2871.78612958242,0,66558.7932615559,0,0,0,121595.879947205,0,0,0,0,0,0,5233.3766378543,0,0,0,0,NA,NA,NA,NA
"250","CCNP",0,0,0,0,0,0,0,131544.633543651,255.695276583925,4340.82664395992,0,60118.6803185979,0,0,0,0,0,0,NA,NA,NA,NA
"250","HATCAP",0.848605583438025,39746.7510794948,0,0,0,0,12858.3256197634,0,93749.681977379,959.997689533729,0,48420.1588860392,0,0,524.07215170822,0,0,0,NA,NA,NA,NA
"250","PER",0,0,0,0,0,0,736.085531594031,0,0,110261.698987803,0,85262.051395054,0,0,0,0,0,0,NA,NA,NA,NA
"250","JOH",2785.01088295315,0,68264.1154815032,0,0,0,63531.3891686659,0,0,0,0,0,0,61679.3202731434,0,0,0,0,NA,NA,NA,NA
"250","SET",0,68730.6532181988,0,2761.1948697155,27020.0201252202,0,0,97747.9677385882,0,0,0,0,0,0,0,0,0,0,NA,NA,NA,NA
"250","HOLH",0,31421.63164953,0,17690.0547235687,0,0,0,12960.8449483833,49743.8606060393,1370.21519022423,0,6140.75619017816,752.087280267628,75220.3876117201,0,0,959.997689533729,0,NA,NA,NA,NA
"250","MUR70",0,0,0,0,0,0,0,0,0,21643.6522164035,11788.8515001405,162827.332267784,0,0,0,0,0,0,NA,NA,NA,NA
"250","PIL",11435.6112389603,56688.0200366505,0,0,53137.621770602,0,0,0,0,40110.8826159454,0,34887.7002408935,0,0,0,0,0,0,NA,NA,NA,NA
"250","GOO",0,0,0,0,14158.0149186671,0,148554.160542484,0,0,11422.525165196,0,0,0,22125.1352981897,0,0,0,0,NA,NA,NA,NA
"250","HAT1485",0,81348.5778291568,0,1194.07821282781,21916.5098575306,10009.4603630177,0,0,81791.2095904372,0,0,0,0,0,0,0,0,0,NA,NA,NA,NA
"250","MCNW",1197.06461336732,0,29166.9730832372,21645.7300275315,41089.8093863334,4350.15175031051,53395.7180217011,45414.389038005,0,0,0,0,0,0,0,0,0,0,NA,NA,NA,NA
"250","MCNE",10229.9374420208,0,69160.5043188025,24719.1552560362,0,0,0,52085.8075784021,0,0,0,0,0,40064.4312516745,0,0,0,0,NA,NA,NA,NA
"250","BUZ",0,0,0,0,0,0,0,0,0,0,73784.975695707,116714.811022289,5760.04899149012,0,0,0,0,0,NA,NA,NA,NA
"250","PUT5",3034.5449846901,1919.99537906746,0,0,0,0,0,62861.6852132965,0,35862.1769202883,0,45281.227830379,47300.2054853647,0,0,0,0,0,NA,NA,NA,NA
"250","PUT2",2405.21254547317,0,0,0,0,0,0,57759.8048108864,0,0,79202.2929407003,51232.1520204243,5660.37367064024,0,0,0,0,0,NA,NA,NA,NA
"250","TER2",0,0,47097.0645075302,0,0,0,81091.2657195149,0,0,43222.0169277887,0,0,0,0,0,0,0,24849.4888005768,NA,NA,NA,NA
"250","DAV",1250.56877517739,79997.7534717002,0,0,0,31583.7499001189,1296.67476429459,49199.7569828604,32931.3318803781,0,0,0,0,0,0,0,0,0,NA,NA,NA,NA
"250","EH",0,5474.83288123538,0,22650.8039768804,82372.9665857645,0,0,0,60242.4801292255,0,0,0,0,0,25518.752362761,0,0,0,NA,NA,NA,NA
"250","BORW",6941.52892303567,0,13993.1000316935,0,51451.9372771365,0,959.997689533729,0,76906.4007390087,0,0,0,0,0,46006.8711066336,0,0,0,NA,NA,NA,NA
"500","BORE",7963.76870367454,38879.8344948078,218272.828326532,175885.43694609,170321.660695605,140531.255251505,9599.97689533729,0,0,0,0,0,0,23584.5821515794,0,0,0,0,0,NA,NA,NA
"500","BLI",0,3079.70543660848,46614.9572985822,454052.172451011,60435.2856289472,0,134499.054120806,36438.2886850481,49919.8798557539,0,0,0,0,0,0,0,0,0,0,NA,NA,NA
"500","MEE",0,0,0,28117.1467974177,211802.821107288,0,259993.716290535,0,196990.140592545,0,0,0,0,0,88135.518875716,0,0,0,0,NA,NA,NA
"500","PAC",0,83600.1376344414,124799.699639385,158670.36247761,282103.921002007,0,135865.222965283,0,0,0,0,0,0,0,0,0,0,0,0,NA,NA,NA
"500","ROM",0,0,0,134321.693383575,393778.864816459,0,35280.2627600866,2206.42640280628,198508.380865147,20943.7153277294,0,0,0,0,0,0,0,0,0,NA,NA,NA
"500","CRPL",0,0,0,0,0,0,0,107098.697813908,0,6128.5917220794,406984.454068786,60658.118164594,203209.483934092,0,0,959.997689533729,0,0,0,NA,NA,NA
"500","ECK",0,0,394965.508379778,0,308520.369121693,0,13439.9676534722,67313.8897115806,0,0,0,0,0,0,799.60870701446,0,0,0,0,NA,NA,NA
"500","WIN",1919.99537906746,68159.8359568948,130496.322983022,0,0,0,138421.021922292,124022.646312193,0,120114.297776921,5573.54402000239,74122.6804639781,12017.4232241759,107641.544460911,0,1161.05974186897,1388.97119972318,0,0,NA,NA,NA
"500","SAG",0,0,0,305150.968578144,86093.5796677865,0,11223.1667486571,0,225946.535619822,0,0,0,0,0,156625.093240852,0,0,0,0,NA,NA,NA
"500","TER",6885.65645504349,29759.9283755456,101407.19382115,0,0,0,182568.525313798,264227.729991898,0,33060.860577166,33459.1121610316,41075.8409501532,36311.2709765543,8918.44976963491,0,0,47364.775098868,0,0,NA,NA,NA
"500","FUL4",0,49351.6099538579,103629.306607076,0,30290.1581794748,0,147504.797205274,111060.606664187,0,161556.004433766,0,88213.4869431623,0,93433.3735810416,0,0,0,0,0,NA,NA,NA
"500","RIV63",6788.39806647296,108765.911332803,111337.928684959,0,0,0,254942.027053096,105298.966412107,0,66804.146716782,959.997689533729,33417.4386850931,55246.0217238414,41478.50722005,0,0,0,0,0,NA,NA,NA
"500","FUL45",33.0719545249145,167086.683406437,106111.954317448,0,0,7938.31544001999,104576.643114101,3418.27267024184,0,120951.767201838,0,273314.253825388,0,1608.38154799291,0,0,0,0,0,NA,NA,NA
"500","EAT",16631.7585728071,57469.7975438622,0,20088.499344325,236451.493186763,0,254153.269731524,0,0,0,0,0,0,0,200244.525306348,0,0,0,0,NA,NA,NA
"500","TOM",7039.91363819822,24222.9687463808,13017.274853169,0,0,0,0,245909.210651167,4427.43814748733,108415.761482277,959.997689533729,85380.6782226537,241643.589519452,47295.3557099805,0,6727.15502071957,0,0,0,NA,NA,NA
"500","EVE",8810.25181865307,12389.6433362815,436454.900833591,0,0,312.83519793799,175285.798578028,0,0,959.997689533729,0,0,0,150825.91612077,0,0,0,0,0,NA,NA,NA
"500","CCNP",0,21553.5428024504,0,1040.53554205995,49.9093076432301,0,8601.92418927242,346465.071791288,105655.332678558,128244.430441918,0,173428.596918997,0,0,0,0,0,0,0,NA,NA,NA
"500","HATCAP",959.997689533729,66764.6767514929,0,0,0,24959.939927877,41369.9249772857,1549.05198822769,142079.658050992,43271.2866982062,0,280757.771309421,4144.57058005218,32818.6009073891,146363.864786513,0,0,0,0,NA,NA,NA
"500","PER",0,0,0,0,0,17904.1847668454,16254.6394123621,0,0,327040.22576082,0,421731.008900828,0,2109.28485097924,0,0,0,0,0,NA,NA,NA
"500","JOH",9475.11514483712,1919.99537906746,300533.983529512,0,0,0.871892186663716,157629.950249463,0,0,4823.64304148593,1919.99537906746,18030.7445732945,11494.4209833992,279210.623343253,0,0,0,0,0,NA,NA,NA
"500","SET",0,211784.519259055,0,70731.0273872458,290841.555309705,0,6154.91279929635,205527.328897292,0,0,0,0,0,0,0,0,0,0,0,NA,NA,NA
"500","HOLH",23336.1601361741,149325.063000298,0,188360.389430404,113231.232871313,0,10081.106964398,40333.5975347748,56639.86368249,80647.739750835,0,11724.4583850372,6719.9838267361,99839.759711508,0,0,2879.99306860119,0,1919.99537906746,NA,NA,NA
"500","MUR70",1919.99537906746,0,0,0,0,0,0,100.898967138466,0,127468.890086853,105300.984929711,528394.939545823,21853.6350384179,0,0,0,0,0,0,NA,NA,NA
"500","PIL",28799.9306860119,147492.142633724,0,0,283468.380514332,0,21099.370836285,2467.36614942977,0,201665.505200242,0,100046.647558988,0,0,0,0,0,0,0,NA,NA,NA
"500","GOO",0,43166.2960113936,0,0,79018.3459077024,0,177141.774969603,17806.8628301907,0,300118.893627908,0,0,0,167787.170129201,0,0,0,0,0,NA,NA,NA
"500","HAT1485",0,264061.587620403,0,79479.6424378437,220891.138134192,33339.5576310919,0,0,187267.418041227,0,0,0,0,0,0,0,0,0,0,NA,NA,NA
"500","MCNW",4800.23877710267,17563.4261127008,155049.132316622,216332.149898473,93764.2483738513,87073.2736890968,115667.938798028,94788.9356519205,0,0,0,0,0,0,0,0,0,0,0,NA,NA,NA
"500","MCNE",23117.0408493502,0,259659.265414394,120793.447725845,0,0,0,103777.518297886,0,0,959.997689533729,1.92538379168755,0,276730.148395795,0,0,0,0,0,NA,NA,NA
"500","BUZ",112.381104363701,0,0,0,0,0,0,9070.34073793622,0,19490.3419496566,270048.241609784,437204.231063445,36937.1390495509,0,0,0,12176.6683581679,0,0,NA,NA,NA
"500","PUT5",86553.1203452703,2879.99306860119,0,0,0,0,0,203455.413708625,0,118608.424768723,4322.39372900502,195682.845799179,162926.98538835,0,0,741.478832975321,9868.68791980128,0,0,NA,NA,NA
"500","PUT2",8639.97920580356,0,0,0,0,0,0,113275.230777559,0,1919.99537906746,371666.286274173,251258.88085621,38278.9711538288,0,0,0,0,0,0,NA,NA,NA
"500","TER2",0,9261.37681902766,277112.960496961,0,0,0,284720.260763291,0,0,185144.814677801,0,0,0,0,0,0,0,28799.9306860119,0,NA,NA,NA
"500","DAV",4802.0129996415,177939.050220964,0,0,144875.348592542,186407.939446467,37033.0519893053,106142.362739974,112444.597947443,0,0,0,0,15359.9630325397,0,0,0,35.0166443635918,0,NA,NA,NA
"500","EH",11947.9113556263,90205.3591578109,0,151640.139041125,327447.107052366,0,0,0,133045.872036079,0,0,0,0,0,70752.9550199113,0,0,0,0,NA,NA,NA
"500","BORW",29437.0282688292,0,274184.461634014,0,193515.247934292,0,1919.99537906746,0,152676.7882943,0,0,0,0,0,133305.821874219,0,0,0,0,NA,NA,NA
"750","BORE",21156.4324317364,119014.777077504,446635.301672043,257820.340200455,467386.776645159,230153.373849688,10368.157562623,28637.3269196106,0,3683.52137835144,1919.99537906746,0,0,68610.3713975239,110952.14901789,0,0,0,0,NA,NA,NA
"750","BLI",0,14399.9653430059,248907.141794839,773846.903766987,404003.589697227,0,214899.47560181,60361.5674910048,49919.8798557539,0,0,0,0,0,0,0,0,0,0,NA,NA,NA
"750","MEE",0,8349.54762330316,0,133118.16224001,390745.665999304,0,529954.129551848,0,350532.346974024,0,0,0,0,59380.0253450222,294258.645560142,0,0,0,0,NA,NA,NA
"750","PAC",0,286379.028010541,124799.699639385,514389.983907969,686144.045715054,0,154625.765874049,0,0,0,0,0,0,0,0,0,0,0,0,NA,NA,NA
"750","ROM",0,0,118941.964472194,258347.747725668,1057371.25911846,0,54261.8939608547,23976.2676737398,198719.521733481,54719.8683034226,0,0,0,0,0,0,0,0,0,NA,NA,NA
"750","CRPL",0,0,0,0,0,0,0,149376.76747214,0,9599.97689533729,861739.711586502,209327.314783833,535334.754867311,0,0,959.997689533729,0,0,0,NA,NA,NA
"750","ECK",0,0,888073.793356456,25072.9948838407,596997.059801575,0,44139.5119921067,126769.561484168,0,0,0,0,0,0,85285.6019720851,0,0,0,0,NA,NA,NA
"750","WIN",1919.99537906746,119730.917173297,313461.968971662,0,0,0,233728.993874912,235060.720144156,0,305511.037381973,69746.5583021371,196278.608922967,59788.4792954064,226311.255571165,0,1919.99537906746,2879.99306860119,0,0,NA,NA,NA
"750","SAG",0,118.807075188029,0,335999.191336805,443662.050306455,0,168581.097363015,0,293117.267442185,0,0,0,0,0,524860.109792776,0,0,0,0,NA,NA,NA
"750","TER",27656.6427891499,29759.9283755456,224242.968685645,0,0,0,226000.973049543,372184.006792734,0,85399.3370657887,52439.2134383213,298065.737085468,82683.9748615971,158443.304646408,0,0,209462.436421077,0,0,NA,NA,NA
"750","FUL4",13035.9855674193,173897.063794791,207191.44118093,0,33599.9191336805,0,195478.255623303,277484.269035271,0,417139.552092816,15298.3600208977,162381.192749683,4163.38098104277,266669.102922917,0,0,0,0,0,NA,NA,NA
"750","RIV63",7679.98151626984,324716.66576762,146879.646498661,0,0,0,347295.122966827,187267.549351268,0,217763.065808877,3839.99075813492,133656.822304037,233005.789867425,164233.888256238,0,0,0,0,0,NA,NA,NA
"750","FUL45",6223.97500787446,247600.156302835,185684.021748437,0,0,92129.9019824127,111359.731985913,9074.09354701178,0,446304.440484182,31638.6511910674,482459.542314268,1963.81752992555,151900.190955401,0,0,0,0,0,NA,NA,NA
"750","EAT",41458.6746253478,157752.96218857,28430.4515801807,163683.327208269,773907.032835665,0,388194.129879912,0,0,577.467110323275,0,0,0,0,212334.477684729,0,0,0,0,NA,NA,NA
"750","TOM",23530.538458466,38399.9075813492,144006.062165609,0,0,0,34108.2044151147,383044.106357231,14399.9653430059,238573.583289843,6997.15674554427,201283.093324132,534721.086046634,126087.005267633,0,21187.8142016828,0,0,0,NA,NA,NA
"750","EVE",26597.9977092044,98030.6620262664,1038395.20206373,6685.06163524158,0,42055.6297934079,215146.059812442,0,0,1436.60019352146,0,0,232.493718401823,337758.816171875,0,0,0,0,0,NA,NA,NA
"750","CCNP",0,84902.1833792746,0,64371.0076439559,75937.888928023,0,143836.971598869,554467.541486983,224684.705704815,358730.902649792,0,231359.443177628,0,0,28047.8787965129,0,0,0,0,NA,NA,NA
"750","HATCAP",959.997689533729,114617.966703319,3383.73617232283,4663.76879598952,0,24959.939927877,59565.2152796148,138090.845998425,142079.658050992,146350.501191522,1919.99537906746,686375.811315211,5759.98613720238,91108.0551290821,346503.04542917,0,0,0,0,NA,NA,NA
"750","PER",1919.99537906746,0,8479.75721335999,0,35585.7078185843,37439.9098918154,35519.914512748,0,0,550507.265954118,0,965219.976726313,0,131665.995702327,0,0,0,0,0,NA,NA,NA
"750","JOH",17214.1243720546,4799.98844766865,772780.139033655,0,0,38697.5468138832,225626.947406526,0,0,47746.6624683586,12479.9699639385,28640.769901926,57705.2600880066,560647.114617488,0,0,0,0,0,NA,NA,NA
"750","SET",1915.23270284688,368763.426818537,0,205339.272514237,701588.621849274,0,159340.230700801,329391.738512284,0,0,0,0,0,0,0,0,0,0,0,NA,NA,NA
"750","HOLH",44159.8937185515,225164.893805685,0,352976.04618955,379699.530753534,0,126310.632415287,102868.724497807,56639.86368249,324120.12613957,0,43039.0801094766,6719.9838267361,99839.759711508,0,0,2879.99306860119,0,1919.99537906746,NA,NA,NA
"750","MUR70",2069.66408432904,0,0,0,337.18682199289,0,0,21971.5838149336,0,508733.21414462,281091.640131289,906426.701621103,45708.5326457969,0,0,0,0,0,0,NA,NA,NA
"750","PIL",42950.2715191733,387305.192114417,0,7428.4428137885,588809.03488758,0,104205.335469415,7150.51742037482,0,471139.394439499,0,156390.336873979,959.997689533729,0,0,0,0,0,0,NA,NA,NA
"750","GOO",0,227879.642083327,0,0,118714.309941591,0,335348.979922053,44159.8937185515,0,694429.554722293,0,0,0,345806.143011819,0,0,0,0,0,NA,NA,NA
"750","HAT1485",0,524702.928818423,0,237613.635085606,660473.977989785,53079.2392983487,0,0,290468.74218756,0,0,0,0,0,0,0,0,0,0,NA,NA,NA
"750","MCNW",22109.9455407436,59519.8567510912,502726.153049522,455702.662182194,106559.743538244,179195.640041998,213836.665865029,133854.82462218,0,0,0,0,0,92833.0315328355,0,0,0,0,0,NA,NA,NA
"750","MCNE",39434.4028533128,0,737274.845031409,291576.937431045,0,0,0,158467.623279539,0,0,959.997689533729,959.997689533729,0,537664.719285202,0,0,0,0,0,NA,NA,NA
"750","BUZ",22359.067970041,0,0,0,0,0,0,21119.949169742,0,104361.181542438,639303.976479548,820276.81463778,122577.546838573,0,0,959.997689533729,35379.9889440466,0,0,NA,NA,NA
"750","PUT5",253275.421128463,9401.02418431519,0,0,0,0,0,285820.683439484,0,251569.694846881,23031.5816271949,648600.75009089,259956.172706483,0,0,2879.99306860119,29759.9283755456,0,2043.27372883746,NA,NA,NA
"750","PUT2",22149.2704515108,959.997689533729,0,0,0,0,0,163122.339616856,0,6719.9838267361,868964.561329736,583160.925343057,121261.444876669,0,0,0,0,0,0,NA,NA,NA
"750","TER2",0,153795.404043873,550373.590021819,0,0,0,484903.253925705,209681.168984639,0,272656.289484459,0,0,0,66128.8862603864,0,0,0,28799.9306860119,0,NA,NA,NA
"750","DAV",12072.4194273207,347466.55860639,0,3369.7798278471,403395.261545239,357561.328855027,112322.963206307,151675.54856245,174216.827855076,0,0,959.997689533729,959.997689533729,51554.9331124522,82355.1030222124,0,0,68427.8037952347,0,NA,NA,NA
"750","EH",20935.3284325884,335938.962032764,0,319338.573952457,695642.490892869,0,55618.7146052169,0,208359.229460545,0,0,0,0,0,130505.224002498,0,0,0,0,NA,NA,NA
"750","BORW",73134.7406324501,34357.7988784792,863438.203159469,54409.9787566617,211506.029226799,0,5911.92211186379,0,197312.804766913,0,0,0,0,95531.050373432,229775.997769721,959.997689533729,0,0,0,NA,NA,NA
"1000","BORE",29536.425357208,178284.738417241,708332.738890996,470215.691386013,636238.711826642,341379.49271948,71500.7392935536,131619.239098152,24241.5709423267,90481.0690967574,2879.99306860119,959.997689533729,0,195679.030337903,258807.936368857,0,0,0,0,0,NA,NA
"1000","BLI",0,14427.9575813915,360489.435947715,1303550.62948775,980981.657629872,0,324378.566842642,82783.4678682216,49919.8798557539,23625.7792790721,0,0,0,0,0,0,0,0,0,0,NA,NA
"1000","MEE",0,85114.7862955483,0,231526.956785282,571835.996411125,0,943636.455115113,0,549033.608750497,34.7919258568848,0,0,0,144549.125955964,614425.653289778,0,0,0,0,0,NA,NA
"1000","PAC",0,519182.138759794,141467.474820226,835061.928099975,1368111.4876752,0,220939.638429645,0,0,0,0,0,0,0,55394.7065076856,0,0,0,0,0,NA,NA
"1000","ROM",0,60545.6817853999,413871.240938489,470433.76187193,1752241.11567042,25068.0867543946,59464.6969478954,81619.6739433781,199720.734526629,54719.8683034226,0,0,0,22472.5138165642,0,0,0,0,0,0,NA,NA
"1000","CRPL",0,0,0,0,0,0,0,178596.810331339,0,9599.97689533729,1346230.62826865,440985.327377543,1163784.63432464,0,0,959.997689533729,0,0,0,0,NA,NA
"1000","ECK",0,95199.6076527288,1243598.6698895,165682.208177773,864826.180231646,0,218028.916866525,245560.567023899,0,0,0,0,0,20272.8638663143,286988.361062206,0,0,0,0,0,NA,NA
"1000","WIN",4050.78351233926,140146.987204899,474620.040999758,0,0,0,393257.37405114,368089.264892422,0,426345.359089583,395639.124078248,367158.029832881,204786.515139366,355517.202313628,0,1919.99537906746,8626.69842645715,0,0,0,NA,NA
"1000","SAG",0,58794.6173242414,0,362456.359918368,1035147.98463178,0,481413.693304895,40651.4717200114,328068.817154532,0,0,0,0,0,833624.430251698,0,0,0,0,0,NA,NA
"1000","TER",130372.548918025,29759.9283755456,462817.584787092,0,0,0,239193.862153251,463775.378471443,0,201783.103102698,117505.09079545,797471.265777379,125486.763087886,227867.861647626,0,0,344123.987694767,0,0,0,NA,NA
"1000","FUL4",29773.6163490032,216959.477834622,376820.457353727,0,33599.9191336805,0,372647.206907988,354965.320349965,0,840482.818362249,31290.7469492566,294051.619293073,82102.167296777,507464.024686836,0,0,0,0,0,0,NA,NA
"1000","RIV63",7682.56342725235,568485.425713972,249952.315993118,0,0,0,403792.095975424,285662.986302266,0,572980.634023699,5759.98613720238,255611.254075523,503296.576921879,286933.535919882,0,0,0,0,0,0,NA,NA
"1000","FUL45",10559.974584871,394058.559236755,326238.788177059,0,0,116159.720433581,135482.015677096,26753.8957583851,0,974128.232199947,90160.231096873,688597.70672963,93910.9370028036,284107.313357705,0,0,0,0,0,0,NA,NA
"1000","EAT",78835.3979010014,243928.122858395,82433.8458044171,317677.885016494,1558768.06473733,0,461443.449792967,0,0,51839.8777288227,0,0,0,30145.744607294,310284.997698928,0,0,0,0,4799.98844766865,NA,NA
"1000","TOM",44434.7021220239,75010.118526804,316682.180179407,0,4222.51906104947,0,106957.14490022,514368.307741852,14399.9653430059,490004.797275193,16319.9607220734,375088.824443269,1003718.27690196,156870.630377025,0,22079.9468592758,0,0,0,0,NA,NA
"1000","EVE",42109.232540467,170096.18310121,1583600.23125672,83847.3722341915,0,201861.183679936,245347.180909396,254819.5829527,0,29058.3810012599,0,0,1919.99537906746,527498.031335817,0,0,0,0,0,0,NA,NA
"1000","CCNP",0,96959.7666429068,0,269110.404025111,226213.547728342,0,262387.844005401,811641.852156254,258239.378484572,873214.901731714,0,231359.443177628,0,0,111030.236680166,0,0,0,0,0,NA,NA
"1000","HATCAP",959.997689533729,157929.52606499,19199.9537906746,19199.9537906746,0,24959.939927877,122929.028549855,269741.888470264,142079.658050992,483699.373998867,2879.99306860119,1307268.11076929,7372.84360266988,91199.7805057044,490737.326318957,0,0,0,0,0,NA,NA
"1000","PER",2853.97076852109,39618.4858589211,178859.242490965,0,144990.928930721,37439.9098918154,80409.6090745187,0,0,854384.898712413,959.997689533729,1477369.43228194,959.997689533729,322310.901192883,0,0,0,0,0,0,NA,NA
"1000","JOH",47560.2197929252,7679.98151626984,1361562.28887266,0,0,102866.682957899,271310.722552123,0,0,391344.734981553,19636.0460238129,68039.436270293,98820.1980707858,771337.063561262,0,0,0,0,0,0,NA,NA
"1000","SET",3839.99075813492,488171.989034185,0,451215.055390418,1229305.62175169,0,518101.137543507,449523.580142829,0,0,0,0,0,0,0,0,0,0,0,0,NA,NA
"1000","HOLH",46079.889097619,351351.705279507,62244.1830769205,473728.439058857,653950.551551726,0,247788.016618936,175880.382500155,60775.0109804254,854598.965254376,959.997689533729,99520.5058065972,8639.97920580356,99839.759711508,0,0,2879.99306860119,0,1919.99537906746,0,NA,NA
"1000","MUR70",9599.97689533729,0,0,0,60623.7767893116,0,0,62826.2368211572,0,1063442.40196018,570405.132390618,1296502.61567586,76757.2343856019,0,0,0,0,0,0,0,NA,NA
"1000","PIL",47492.8056571161,594910.717580566,0,107149.822774485,665751.940903656,1213.60331753572,457347.826271337,32260.1171915161,0,942636.231836557,0,290434.31111758,959.997689533729,0,0,0,0,0,0,0,NA,NA
"1000","GOO",0,475790.590615737,0,0,366860.435884532,0,688769.427981635,52383.7971099991,0,1100146.38500763,0,0,0,456206.738141442,0,0,0,0,0,0,NA,NA
"1000","HAT1485",0,848147.303757074,0,321961.990871603,1566525.07349965,65279.8428882936,21443.926113731,0,316799.23754613,0,0,0,0,0,0,0,0,0,0,0,NA,NA
"1000","MCNW",34974.918103695,96198.7205491985,1201892.75749292,478078.849387799,106559.743538244,179519.567942807,234239.436246229,179453.710988304,0,0,83.5301105490898,0,0,629156.1402245,0,0,0,0,0,0,NA,NA
"1000","MCNE",59535.9657968079,0,1721481.22986113,482940.344490883,0,0,0,202623.610089325,0,0,959.997689533729,959.997689533729,0,671656.229002344,0,0,0,0,0,0,NA,NA
"1000","BUZ",101701.704476516,0,0,0,0,0,0,21119.949169742,0,195426.257911986,1158998.58938194,1312800.43587594,296350.567235225,0,0,1919.99537906746,51839.8752348214,0,0,0,NA,NA
"1000","PUT5",437728.961631118,10559.974584871,0,0,0,0,0,372512.059529702,0,455936.758468729,79657.5360902789,1327064.21344023,419257.961214718,0,0,4799.98844766865,29759.9283755456,0,2879.99306860119,0,NA,NA
"1000","PUT2",26978.421042796,959.997689533729,0,0,0,0,0,234533.431609085,0,9599.97689533729,1659125.349962,926730.056679191,282230.140617776,0,0,0,0,0,0,0,NA,NA
"1000","TER2",9595.48805143449,179340.504359324,1095211.56722072,0,0,999.789730910568,841483.948078986,406872.801120209,0,292799.295307786,0,980.665331618878,0,282590.317788211,0,1483.06695676427,0,28799.9306860119,0,0,NA,NA
"1000","DAV",15946.9510222843,608124.322199205,14701.8068864488,102168.018396372,698721.312054765,407580.978515346,497104.472891301,206664.927823149,175679.577184672,0,0,959.997689533729,959.997689533729,53759.8706138889,252185.39585484,0,0,105599.74584871,0,0,NA,NA
"1000","EH",26879.9353069444,506070.945609445,0,740916.613261544,962226.02763067,0,340725.849293644,0,312209.232217753,0,0,0,0,0,251128.771131092,0,0,0,0,0,NA,NA
"1000","BORW",100463.358123788,57599.8613720238,1678251.28895365,265915.004858366,273378.829014259,0,11046.423762014,0,257993.720115466,0,0,0,0,244949.49154145,249599.399278768,959.997689533729,0,0,0,0,NA,NA
"1500","BORE",62576.8969323431,1093353.07562225,1469617.3924157,1039549.68396604,1406317.02102504,363839.124333284,136239.712179627,288131.720098177,132479.681155655,178063.827856293,2879.99306860119,3839.99075813492,0,493906.923187532,394559.050398363,0,0,0,0,0,0,NA
"1500","BLI",0,237046.731733504,634342.730745179,2440824.91955486,2352865.99364794,0,579310.954002469,131038.527204458,133515.479713418,495580.566465393,0,0,0,0,60828.1899014824,0,0,0,0,0,0,NA
"1500","MEE",0,308030.740354124,0,1041113.37780011,1012142.45977059,0,1582987.00835981,46071.7674812518,966229.069745701,368976.998513435,0,0,0,225599.457040425,1514203.2135449,0,0,0,0,0,0,NA
"1500","PAC",0,1653047.02245923,219839.470903223,1997369.82367218,2807643.13559812,0,269374.924254158,0,0,0,0,0,0,0,118079.715812649,0,0,0,0,0,0,NA
"1500","ROM",0,328280.836092109,958026.268047438,1597497.22492958,2706560.87466089,96959.7666429068,212943.533102027,153854.137576683,337324.489875676,551498.360195926,0,0,0,85439.794368502,36968.8075553115,0,0,0,0,0,0,NA
"1500","CRPL",0,0,0,0,0,0,57599.8613720238,259665.189722145,0,9599.97689533729,2972601.25419736,834097.486888763,2873903.91781087,0,0,959.997689533729,0,0,56926.4079738548,0,0,NA
"1500","ECK",7527.18284691785,629004.654741572,1918994.01524421,612895.593127281,1651577.1954433,0,915728.76395925,391684.651739115,0,11779.6078540698,0,0,0,365372.339340541,560790.089019017,0,0,0,0,0,0,NA
"1500","WIN",10353.7734324317,389076.039608929,506928.834459109,0,0,15359.9630325397,518240.783921185,720145.950597412,0,657839.656923885,1677026.04406727,709804.643338846,1399704.29728786,417599.00077692,0,34635.1261549154,8639.97920580356,0,0,0,0,NA
"1500","SAG",0,412873.045121586,0,752349.201606686,1666828.16185654,76685.168622828,1200098.19519455,457431.135620634,443518.932564585,0,0,0,0,0,2055570.25202787,0,0,0,0,0,0,NA
"1500","TER",327087.164231675,31679.923754613,1057692.87768653,0,0,5241.50339343338,292589.143394805,661367.018728471,0,1152550.87837251,284592.821776329,2172800.52166593,315594.078817158,411839.008809971,0,1919.99537906746,350399.156679811,0,0,0,0,NA
"1500","FUL4",76936.8105163002,309119.25602986,1164510.12912781,0,33599.9191336805,16319.9607220734,559720.207017745,458192.099135289,0,1544836.01674598,179215.4360362,1114666.4974048,861571.305639848,746666.286890137,0,0.168314902146749,0,0,0,0,0,NA
"1500","RIV63",17485.0521648638,893980.413405412,911089.006686462,0,0,0,572680.002656524,351775.424485002,0,1485041.40751411,15881.0495655704,968246.987149389,1376930.58866007,468404.169855646,0,3839.99075813492,0,0,0,0,0,NA
"1500","FUL45",30719.9260650793,639956.056632069,962618.736124043,0,0,116159.720433581,246178.003752105,223534.507654419,0,1929049.11884163,446126.122525009,1496719.52189889,309443.355811574,664849.022871972,0,0,0,0,0,0,0,NA
"1500","EAT",186649.514377842,315251.794806125,485037.979765942,618281.834178066,3242017.45270261,0,534760.62554657,0,0,53759.8706138889,0,3829.76891994327,0,174306.592055254,1446658.67136054,0,0,0,0,4799.98844766865,0,NA
"1500","TOM",49919.8798557539,244336.08131019,828488.853613598,0,189912.912494319,0,481616.792490871,705084.701280152,14399.9653430059,826044.711130236,101926.884314799,818555.913996405,2476192.51910611,293171.871857734,9798.90768024754,25904.0988036019,0,0,0,0,0,NA
"1500","EVE",102582.458112373,185610.546888055,3396075.47416853,299519.279134523,0,348358.8274117,869494.674783267,521725.798306207,0,143979.138897931,0,959.997689533729,1919.99537906746,989283.101229059,205580.790020354,0,0,264.011415221435,0,0,0,NA
"1500","CCNP",0,238093.63412662,0,874650.516072179,580044.292433936,37061.9876327621,986847.569435885,1356615.19235542,258239.378484572,2143377.5125391,0,231359.443177628,0,0,359064.566558844,0,0,0,0,0,0,NA
"1500","HATCAP",959.997689533729,329237.925101435,19199.9537906746,19199.9537906746,0,64491.1042300456,433177.791691411,480921.376690868,142079.658050992,1345548.22151781,2879.99306860119,3515339.83164397,7679.98151626984,91199.7805057044,613438.523612058,0,0,0,0,0,0,NA
"1500","PER",26879.9353069444,471530.207250623,440638.939495983,0,376319.094297222,37439.9098918154,371966.933612063,9521.58193445491,0,1621164.37260748,257681.562170726,2313014.19534836,287096.437146302,803141.041852151,48959.8821662202,0,0,0,0,0,0,NA
"1500","JOH",248115.950446097,23028.1351900245,2135587.68044666,0,0,215006.615532169,440823.198682961,393060.910610848,0,1683350.84724618,28799.9306860119,519072.195754741,187199.549459077,1077412.28172631,113896.796763366,0,0,0,0,0,0,NA
"1500","SET",6719.9838267361,1188724.72022693,0,1453192.39898015,2299418.99586748,0,1223600.21776643,698629.290693515,0,0,0,959.997689533729,0,0,0,0,0,194108.487512198,0,0,0,NA
"1500","HOLH",50879.8775452877,865129.055820354,614583.412209231,551038.673792364,997642.223487593,0,692157.271057476,403940.905746332,76799.8151626984,1933642.91721551,37538.7439027287,610954.230843705,116026.206569963,99839.759711508,10381.0113540974,0,2879.99306860119,0,1919.99537906746,0,0,NA
"1500","MUR70",26518.1011748865,0,123876.842047154,0,297946.83260878,0,1816.99299291911,198692.570386384,0,2199099.23857523,1598112.90198391,2337426.66687138,281863.945807288,0,0,0,0,0,0,0,0,NA
"1500","PIL",82949.6493420828,602878.549027186,0,214079.484766021,1049566.96028547,48959.8821662202,1506423.40840189,166112.454799486,0,2368446.39445462,33132.3248007305,854050.820082095,92674.2755793933,46079.889097619,0,0,0,0,0,0,0,NA
"1500","GOO",0,1253285.62145634,0,16181.4014124283,1308713.70382237,0,1534528.94741338,61439.8521301587,0,2325361.41495485,0,0,0,508798.775452879,56084.378466684,0,0,0,959.997689533729,0,0,NA
"1500","HAT1485",0,1798662.01441448,0,510494.996168041,3646519.06969925,254905.852579227,289684.036717012,0,316799.23754613,0,0,0,0,76893.1394628512,170739.957230686,0,0,0,655.789055840543,0,0,NA
"1500","MCNW",72933.6023626469,255724.50371552,3114576.90284976,734399.846186388,173657.558565659,179519.567942807,234239.436246229,309149.367941627,0,0,959.997689533729,959.997689533729,0,1799057.22432244,189971.308477232,0,0,204.778726777922,0,0,0,NA
"1500","MCNE",141425.987599004,959.997689533729,4536854.17005966,673398.336026948,169686.559833556,0,12479.9699639385,320908.022358447,67567.4304374332,0,1919.99537906746,959.997689533729,0,1073913.78257018,65279.8428882936,0,0,0,0,0,0,NA
"1500","BUZ",504151.654851249,1919.99537906746,0,0,0,0,0,35519.914512748,0,541772.578497327,2374239.41597058,2847449.89483731,685034.447787941,0,0,2879.99306860119,72386.198122475,0,0,0,0,NA
"1500","PUT5",787464.744062811,14399.9653430059,0,0,0,0,0,596874.069912856,0,1143339.98409708,571883.20137226,3339392.65294045,574559.565165732,0,0,4799.98844766865,29759.9283755456,0,2879.99306860119,0,0,NA
"1500","PUT2",40063.5332046601,959.997689533729,0,0,0,0,0,410407.64826294,0,58795.8106898042,3993478.97552227,1880849.27058991,680798.856812516,0,0,0,0,0,0,0,0,NA
"1500","TER2",31679.923754613,642945.245193734,2699132.92730797,0,0,108465.044468801,1552766.28396967,793009.219409485,0,317073.662062937,0,1919.99537906746,1919.99537906746,885721.869629143,0,1919.99537906746,0,28799.9306860119,0,0,0,NA
"1500","DAV",52388.2386109591,1416180.85662706,47999.8844766865,285672.18443203,1195094.68656394,567282.405320364,1249078.38446476,382719.613068145,175679.577184672,0,0,4799.98844766865,2879.99306860119,287828.506054529,1240826.91042727,1919.99537906746,0,153016.581088867,0,0,1986.28750573666,NA
"1500","EH",89578.4884501699,722265.242902603,0,2190329.24660841,1726718.34223398,0,1038607.75330978,0,578383.001950618,0,0,0,0,88850.5620896346,627741.462139312,959.997689533729,0,0,1919.99537906746,0,0,NA
"1500","BORW",190547.555839443,77321.6888685363,3883055.23382798,938340.098287036,415048.015342722,0,13439.9676534722,134865.110189896,273599.341517112,0,0,959.997689533729,0,887617.686823773,249599.399278768,959.997689533729,0,0,0,0,0,NA
"2000","BORE",205094.517230502,1948849.01937473,2019422.79661267,2049480.28029781,2559332.52622804,363839.124333284,300335.675404035,565715.658026014,334706.03936221,899868.341703513,2960.4259432955,5893.86514872472,3245.46592850731,584892.914423181,716646.744829382,91.2393543659961,0,0,254.863516629542,0,0,0
"2000","BLI",24161.1842821991,393579.796838519,719998.267150303,3778794.36829915,4200523.44535781,0,1122778.52754266,270316.331767625,205439.505560217,1007962.91617682,0,0,0,0,837075.155571532,0,0,0,0,0,0,0
"2000","MEE",35585.3772686627,1162177.81239202,0,2164681.81207628,1744300.49410756,0,2278783.69718942,66239.8405778274,1229481.3706948,861379.088820333,0,0,0,226174.874146909,2789767.64180834,0,0,0,2057.48961340287,0,0,0
"2000","PAC",52778.590591412,2248886.91517534,255506.0873191,4194506.26589115,4977759.42949807,113384.924479466,469743.755116971,0,42239.8983394841,19199.9537906746,0,0,0,0,186623.677966022,0,0,0,0,0,0,0
"2000","ROM",142983.970738901,371661.004481257,2120790.04617722,2842812.87397446,3788041.15739765,96959.7666429068,690521.537257704,221123.080660527,361919.128954216,1492912.66994861,8985.84901127803,14914.3199848113,0,85439.794368502,321564.298766916,0,0,0,0,0,0,0
"2000","CRPL",0,0,0,0,0,0,57599.8613720238,315088.793941244,0,9599.97689533729,5187018.5805624,1302038.90647353,5627843.52686093,0,0,959.997689533729,0,0,60479.854440625,0,0,0
"2000","ECK",65865.6499332378,914350.038744723,2284112.4939121,1589508.95471374,3843637.62901697,0,1650343.47107261,590380.417842895,63851.1727732665,248986.839000172,0,3418.22852476398,6745.21272772282,407710.02996638,889799.364804389,1919.99537906746,0,0,0,0,0,0
"2000","WIN",31787.8211836783,573902.382269357,579838.604478376,0,0,15359.9630325397,536527.416812759,1067952.98146059,0,925736.350192043,3576473.69475393,1281958.62235333,3484797.36746351,438718.944116916,0,38935.3709418277,8639.97920580356,0,0,0,0,0
"2000","SAG",48599.3940818601,1377335.80535929,0,1132538.16664555,1987148.957795,492554.604648496,2326862.14085689,697666.858131678,499418.912087234,27662.9471131475,0,0,0,35247.0824705621,3933254.03657692,0,0,0,2340.59284630744,0,0,0
"2000","TER",517590.002860505,32639.9214441468,1730607.50615996,0,128.488971699363,237984.309263775,401818.02040629,906998.168560398,0,2333552.18373151,682333.814879729,4103397.0459977,496322.925206339,764324.432083615,0,1919.99537906746,351012.683321345,0,0,0,0,0
"2000","FUL4",108658.487233029,333449.315347843,1692954.6828681,0,33599.9191336805,16319.9607220734,681193.53172006,810860.087061493,0,2386077.31604184,1270056.63957421,1993113.47054818,2464367.09322426,762238.165489788,0,6780.83148006952,959.997689533729,0,0,0,0,0
"2000","RIV63",45859.0839965305,1059065.80728854,1491801.44083187,0,85806.2484174434,36683.9139486222,671958.860097484,571251.539348255,0,2893327.89326481,67942.6514496183,2114612.04352959,2726823.37657206,788776.655860607,0,6719.9838267361,0,0,0,0,0,0
"2000","FUL45",33599.9191336805,763579.405704451,1730507.0624353,0,0,122879.704260318,728087.154510896,593146.850725192,0,2431202.59390263,1579825.68895942,2330655.87462998,1229343.18257129,1013002.07289309,0,3839.99075813492,959.997689533729,0,0,0,0,0
"2000","EAT",339858.6412658,379075.332082156,1705806.37781089,1346006.12839681,4232204.86809726,0,718187.469086856,0,4527.08682557216,53759.8706138889,0,3839.99075813492,0,532598.467280535,3235651.47239007,3839.99075813492,0,0,473.814785367651,4799.98844766865,0,0
"2000","TOM",51839.8752348214,485782.769342084,1257533.2691183,0,334999.976598598,34631.1447131055,820641.573637633,888410.997560687,14399.9653430059,1770513.03361383,451650.585635195,1319855.51006243,4308136.45544858,743514.53206023,48959.8821662202,29759.9283755456,0,0,0,0,0,0
"2000","EVE",192957.48430753,326821.439918937,5815813.58636323,299519.279134523,9622.78599274682,386879.068882094,2197791.92944764,786733.766746876,0,830740.027874378,2879.99306860119,6524.0979532731,4087.39500507356,1390179.38998493,279359.327654314,1919.99537906746,0,28799.9306860119,0,0,0,0
"2000","CCNP",77562.3327680877,343315.435774338,33599.9191336805,1876123.91204582,1052938.46766511,511631.406918244,2977171.66240358,1616463.78324807,275540.050709699,2628348.6785556,0,233438.30531416,0,73498.7448451922,854264.098315478,3075.340712607,0,0,3657.35995421272,0,0,0
"2000","HATCAP",55097.0605316561,582800.187203703,230801.010206904,20723.3645786788,10348.8332176475,113279.72736498,715049.960554311,634014.191612681,165784.956890647,2930788.75968585,2879.99306860119,5955147.86443664,9136.34294175449,424611.654827982,696283.616507441,1491.24197667851,6569.45306609112,0,5821.28013139338,0,0,0
"2000","PER",34559.9168232142,633302.777745328,773313.077433912,0,376319.094297222,37439.9098918154,1021527.9550474,230718.798500543,14399.9653430059,2900930.04642146,1174700.0053513,3039808.92435433,887264.187145141,1364736.10638589,48959.8821662202,21688.8538598007,959.997689533729,0,0,0,0,0
"2000","JOH",828274.294903907,83247.6823300103,3191474.66950382,148726.421880904,0,274733.963618046,476737.129598609,834786.876554799,0,2873514.01583969,28799.9306860119,1974136.58648666,196356.511520978,1368562.09286826,279359.327654314,1919.99537906746,0,0,0,0,0,0
"2000","SET",85540.0076731378,1678212.18725347,0,3169796.42793531,4525061.56574423,0,1418360.1993116,972337.793491755,0,0,0,1048.97714876879,228.77607121368,0,54525.0809456873,1508.89664262592,0,652768.644275212,0,0,0,1240.94162420843
"2000","HOLH",102053.615314726,1306472.469074,1408380.30055502,583085.101656547,1115517.31523821,0,885417.250381643,810099.950245252,76799.8151626984,3217988.82238076,243857.453874362,2253824.92454218,279951.503773931,99839.759711508,172541.228010729,0,2879.99306860119,0,1919.99537906746,0,0,0
"2000","MUR70",99284.7374152536,235094.94569165,537316.658601496,32607.4368412834,427337.299379961,0,78719.8105417659,432151.103878048,21695.6414827249,2967739.45307653,3044610.63176219,3725614.74596312,895495.460631873,60169.5121216436,0,0,1919.99537906746,0,872.065676889671,0,0,0
"2000","PIL",191094.781580376,835406.31396452,0,214079.484766021,1348944.91672953,48959.8821662202,2682461.57626238,312971.212386867,0,4010344.78008212,572145.530367607,1985792.70643863,274595.330931775,46079.889097619,32081.10879491,5671.98472703743,0,0,0,0,0,0
"2000","GOO",22832.1928839906,2176298.42564066,0,401818.456912628,2498730.87060175,0,1806715.6517025,61442.6041589445,0,4518564.18316584,308.251020509616,8808.15701413742,4370.80203876862,508798.775452879,543021.772272459,0,0,0,8919.35615348664,0,0,0
"2000","HAT1485",31247.1395304784,2480214.21568893,280137.139846347,981563.889746628,5688784.78791301,730193.77758549,867516.167763553,0,316799.23754613,281073.015487801,0,2369.52826378871,0,551310.199037188,340907.972489391,517.752297757823,0,0,7994.67543297248,0,0,0
"2000","MCNW",211108.556939969,436182.845525151,5886693.66652928,1090174.32406911,605179.004439529,179519.567942807,445332.23813695,432197.547408052,11528.1408021315,0,959.997689533729,5484.42112372698,0,2838965.77147246,374399.098918155,959.997689533729,0,38399.9075813492,3544.41239370234,0,0,0
"2000","MCNE",241943.489427638,140550.103045025,7092449.52558468,912201.114876493,259035.310750182,0,110764.524544674,527736.364000202,422731.534265745,107951.858451028,1919.99537906746,959.997689533729,0,2531034.23307052,210391.449812965,959.997689533729,0,0,0,0,0,0
"2000","BUZ",799687.341214407,2879.99306860119,0,0,0,0,0,49038.981464107,0,1658996.64136384,3473025.54065434,5234673.3212559,1264567.86683133,0,0,2879.99306860119,74879.8197836309,0,0,0,0,0
"2000","PUT5",1127838.41480337,15359.9630325397,0,0,0,0,55679.8659929563,764580.250029191,0,2285769.68994494,1695725.77495591,5752804.03391208,825272.451777328,0,0,4799.98844766865,29759.9283755456,0,3039.13674381104,0,0,0
"2000","PUT2",85024.0025606727,4366.17927673884,0,0,0,0,56611.2911728265,611683.348337966,0,338425.523855641,6996904.90105504,3259762.3368871,1206891.91738354,0,0,0,0,0,959.997689533729,0,0,0
"2000","TER2",70805.6184947612,1557111.78690951,4353770.20552539,129156.034877109,524.249944187081,171800.511359362,2509486.06718902,1026512.1904493,0,657253.39149537,0,143479.130031463,1919.99537906746,1701306.52213919,206783.868613315,1919.99537906746,0,28799.9306860119,0,0,0,0
"2000","DAV",172918.694522654,2281244.96606684,56639.86368249,690831.688480034,2359111.67694701,671998.382673616,1965243.11995372,543327.651657279,175679.577184672,164552.393462302,0,4804.94649328849,3223.15944277694,678693.394007201,2158635.06665267,1919.99537906746,0,399359.038846032,0,0,232445.88305277,0
"2000","EH",162025.067719443,1186064.79336526,0,4031013.64808605,2462413.32422943,0,1431699.74312688,0,1047285.16824471,149008.408732153,0,0,0,545435.876798637,1535287.53616054,7785.40308929135,0,0,2610.528767843,0,0,0
"2000","BORW",323827.165030676,172120.892560928,7683315.57552806,1314161.74846428,814386.189431832,6719.9838267361,13439.9676534722,256180.121096922,273599.341517112,0,959.997689533729,959.997689533729,0,1450399.12117252,249599.399278768,959.997689533729,0,0,0,0,0,0
