"datePeriod","date","site","transect","length","average_wind_m_per_s","max_wind_m_per_s","temp_shaded_C","temp_unshaded_C","All","Unknown","Andrena","Apis","Augochlora","Augochlorella","Bombus","Ceratina","Colletes","Halictus","Heriades","Hoplitis","Hylaeus","Lasioglossum","Megachile","Melissodes","Osmia","Peponapis","Perdita","Sphecodes","long","lat","local_Peponapis","local_unweight","1_Peponapis_250_med","2_Peponapis_250_med","3_Peponapis_250_med","4_Peponapis_250_med","1_unweight_250_med","2_unweight_250_med","3_unweight_250_med","4_unweight_250_med","1_Peponapis_500_med","2_Peponapis_500_med","3_Peponapis_500_med","4_Peponapis_500_med","1_unweight_500_med","2_unweight_500_med","3_unweight_500_med","4_unweight_500_med","1_Peponapis_750_med","2_Peponapis_750_med","3_Peponapis_750_med","4_Peponapis_750_med","1_unweight_750_med","2_unweight_750_med","3_unweight_750_med","4_unweight_750_med","1_Peponapis_250_min","2_Peponapis_250_min","3_Peponapis_250_min","4_Peponapis_250_min","1_unweight_250_min","2_unweight_250_min","3_unweight_250_min","4_unweight_250_min","1_Peponapis_500_min","2_Peponapis_500_min","3_Peponapis_500_min","4_Peponapis_500_min","1_unweight_500_min","2_unweight_500_min","3_unweight_500_min","4_unweight_500_min","1_Peponapis_750_min","2_Peponapis_750_min","3_Peponapis_750_min","4_Peponapis_750_min","1_unweight_750_min","2_unweight_750_min","3_unweight_750_min","4_unweight_750_min","pointID"
2,"2016-06-22",1,1.1,30,1,2.4,20.8,21.6,33,5,6,0,0,0,11,0,0,0,0,7,0,0,4,0,0,0,0,0,-75.96855517,45.32057425,0,2.959996903,0,1.14709135,1.302196913,1.502837195,1.043280642,1.100446699,0.919888163,0.767348544,0,1.08225911,1.226275751,1.41636565,1.160396589,1.217657263,1.129154006,0.890502812,0,0.824294547,0.933532397,1.078452145,1.065043439,1.165952252,1.088661667,0.871318461,0,1.11459399,1.26131523,1.457577739,0.817224783,0.855201014,0.723282675,0.577466121,0,1.076726703,1.218463227,1.408057901,1.062488083,1.117469669,1.059546835,0.817147358,0,0.821696262,0.929861473,1.074549289,1.008768976,1.106380155,1.046062033,0.831247071,1
3,"2016-07-16",1,1.2,30,0.8,2.1,21.1,22.8,5,0,0,1,0,0,1,0,0,0,0,0,0,3,0,0,0,0,0,0,-75.97248458,45.31790558,3.972736504,0.856939696,0,1.405187021,1.592191206,1.838956774,1.240990199,1.278764074,1.139785174,0.857099057,0,1.080935971,1.224409091,1.414379898,1.245785894,1.252713085,1.210886676,0.890923361,0,0.824600356,0.933964075,1.078911257,1.057743402,1.10790445,1.053743294,0.809886444,0,1.389424043,1.572322946,1.816978715,1.181013708,1.210068578,1.094104867,0.804489496,0,1.076726703,1.218463227,1.408057901,1.19016937,1.190634905,1.171041784,0.842867385,0,0.821696262,0.929861473,1.074549289,0.992580441,1.031940691,1.00180074,0.756293143,2
4,"2016-08-17",1,1.3,30,1.1,3.1,20.7,21.7,15,0,0,0,0,0,1,0,0,0,0,0,0,0,0,0,0,14,0,0,-75.97249192,45.31787825,6.520699507,1.406386924,0,1.405333632,1.592375764,1.839161039,1.239416974,1.277997517,1.137741038,0.856078431,0,1.08092147,1.224388627,1.414358131,1.246218512,1.253194871,1.211535326,0.891387329,0,0.824601985,0.933966373,1.078913702,1.057606618,1.107770758,1.053450483,0.809763231,0,1.389424043,1.572322946,1.816978715,1.178680892,1.208527463,1.091436039,0.802800883,0,1.076726703,1.218463227,1.408057901,1.190921196,1.191484557,1.171934954,0.843634637,0,0.821696262,0.929861473,1.074549289,0.992201288,1.03153846,1.001314546,0.755966648,3
1,"2016-06-01",1,1.4,30,1.4,3.7,16.7,19.1,0,0,0,0,0,0,0,0,0,0,0,0,0,0,0,0,0,0,0,0,-75.96980783,45.317887,0,2.375936594,0,1.671988051,1.893690076,2.187573614,1.241444863,1.28311587,0.983542166,0.814039853,0,1.086949531,1.232883961,1.423399272,1.239233722,1.276082089,1.189293886,0.916916554,0,0.824682453,0.934079949,1.079034501,1.089658136,1.139055416,1.089255764,0.83445094,0,1.659561104,1.878019902,2.170242568,1.117296607,1.142479648,0.842668072,0.677000965,0,1.076726703,1.218463227,1.408057901,1.112028875,1.142079866,1.097957629,0.81585196,0,0.821696262,0.929861473,1.074549289,1.020657425,1.058736019,1.035135788,0.777707118,4
4,"2016-08-07",2,2.1,15,0.5,0.9,26.6,26.8,37,0,0,29,0,2,0,0,0,0,0,0,0,1,0,0,0,5,0,0,-75.61262908,45.23340542,0.452430157,0.65526072,0,0.459420473,0.522853753,0.602797477,0.861923047,0.698644966,0.699587646,0.526666575,0,0.280341439,0.318911446,0.367771294,0.74296492,0.763921526,0.707531704,0.597708528,0,0.213401598,0.242620433,0.27985691,0.706120956,0.734745509,0.688700453,0.573096965,0,0.435385227,0.49269781,0.569376865,0.842994389,0.662745434,0.680882664,0.50533827,0,0.274275506,0.310380171,0.358684949,0.735469171,0.756351902,0.702186231,0.593103506,0,0.209311386,0.236864402,0.273727846,0.700609917,0.727680237,0.683471023,0.569090793,5
3,"2016-07-11",2,2.2,30,0.5,1,28.1,30,69,2,8,36,0,0,0,0,0,3,0,0,0,1,19,0,0,0,0,0,-75.61133483,45.2339585,0,0.443989956,0,0.459420473,0.522853753,0.602797477,0.851257025,0.703075306,0.704931846,0.529988904,0,0.280201529,0.318715661,0.36756235,0.721105116,0.680694046,0.660411529,0.525936466,0,0.212414478,0.241236155,0.278380847,0.653713133,0.695520021,0.629401882,0.546939903,0,0.435385227,0.49269781,0.569376865,0.83183432,0.667663439,0.686520915,0.508943985,0,0.274275506,0.310380171,0.358684949,0.713330082,0.671349051,0.654411396,0.520109262,0,0.209311386,0.236864402,0.273727846,0.648859529,0.689572553,0.624674336,0.543621591,6
1,"2016-05-22",2,2.3,30,0.3,0.6,27,27.2,4,0,0,0,0,0,0,0,0,0,0,0,0,4,0,0,0,0,0,0,-75.61362575,45.23302188,0,0.892201493,0,0.458929279,0.522240764,0.602116609,0.812597932,0.604339926,0.584980232,0.455555044,0,0.280653137,0.31934746,0.368236682,0.75086951,0.7978189,0.726523862,0.626685438,0,0.214685457,0.244416409,0.281773853,0.74370697,0.762157862,0.730835439,0.590796668,0,0.435385227,0.49269781,0.569376865,0.791680326,0.556002575,0.558298983,0.427027012,0,0.274275506,0.310380171,0.358684949,0.743143386,0.790519558,0.721188825,0.622279181,0,0.209311386,0.236864402,0.273727846,0.737132812,0.753462338,0.72469172,0.585806153,7
2,"2016-06-16",2,2.4,30,0.4,1.4,27.3,28,173,8,0,111,2,0,8,1,0,10,0,0,0,33,0,0,0,0,0,0,-75.61153558,45.23377825,0,1.322473867,0,0.459420473,0.522853753,0.602797477,0.86168938,0.714264913,0.71837014,0.538380982,0,0.280242501,0.318773001,0.367623542,0.729377152,0.703316295,0.675687628,0.545021205,0,0.212581385,0.241470427,0.278630563,0.665427641,0.706409361,0.644090527,0.554611507,0,0.435385227,0.49269781,0.569376865,0.842750105,0.680039194,0.700667935,0.518026261,0,0.274275506,0.310380171,0.358684949,0.721726038,0.694511674,0.669918413,0.539562457,0,0.209311386,0.236864402,0.273727846,0.660487558,0.70032856,0.639330129,0.551207843,8
3,"2016-07-12",2,2.5,30,0,0.4,19.5,21.7,81,0,0,37,0,0,11,0,0,0,0,0,0,0,0,0,0,33,0,0,-75.61283925,45.23344792,5.224394222,1.126799313,0,0.459420473,0.522853753,0.602797477,0.844298879,0.670158041,0.664869565,0.505309665,0,0.280217553,0.318738087,0.367586282,0.7377307,0.758713921,0.700781362,0.594002,0,0.213423395,0.242650966,0.279889482,0.707463798,0.73298432,0.688872795,0.571339906,0,0.435385227,0.49269781,0.569376865,0.824543123,0.630851798,0.644064657,0.482007986,0,0.274275506,0.310380171,0.358684949,0.730286806,0.751200167,0.695445776,0.58943669,0,0.209311386,0.236864402,0.273727846,0.701943844,0.725845601,0.683617396,0.567286734,9
4,"2016-08-07",2,2.6,15,0.3,1.3,24.3,24.7,62,0,0,0,0,1,0,0,0,0,0,0,0,1,0,0,0,60,0,0,-75.61277405,45.23347059,3.46003794,0.990494393,0,0.459420473,0.522853753,0.602797477,0.846142026,0.673814018,0.669362188,0.508050017,0,0.280208454,0.318725354,0.367572693,0.737357984,0.757125023,0.699948062,0.592629624,0,0.21336608,0.242570677,0.279803833,0.705091308,0.731409393,0.686281319,0.570346512,0,0.435385227,0.49269781,0.569376865,0.826475342,0.634973117,0.648849009,0.485017232,0,0.274275506,0.310380171,0.358684949,0.729918221,0.749591144,0.694608048,0.588050127,0,0.209311386,0.236864402,0.273727846,0.699613275,0.724342297,0.681061501,0.566337251,10
1,"2016-06-10",3,3.1,30,0.8,2.5,11.9,12.6,3,2,0,0,0,0,0,0,0,0,0,0,0,1,0,0,0,0,0,0,-76.58967817,45.51091275,0,1.532602007,0,0.563705999,0.640295734,0.738774877,1.296270113,1.285527878,1.352585152,0.969717874,0,0.350330586,0.398423117,0.459502942,1.322277346,1.303847886,1.380599982,0.982864434,0,0.265349243,0.3012447,0.34767098,1.187838027,1.20680414,1.24889676,0.917236156,0,0.544714866,0.616419219,0.712334959,1.286269178,1.273205525,1.346653893,0.962339995,0,0.343148863,0.388319775,0.448742904,1.317926663,1.299068075,1.378016056,0.979726307,0,0.261871594,0.296343451,0.342454929,1.185276808,1.203363719,1.246805953,0.915177491,11
3,"2016-07-29",3,3.2,30,1.1,2.2,22.5,23.3,85,0,10,0,0,0,63,0,0,0,0,0,0,12,0,0,0,0,0,0,-76.58650883,45.5107855,0,1.252774742,0,0.563705999,0.640295734,0.738774877,1.472888681,1.465934332,1.544821118,1.106063015,0,0.348414396,0.39573714,0.456638234,1.194286735,1.194118064,1.253332356,0.903239018,0,0.265690305,0.301723706,0.348181465,1.134427481,1.135919405,1.189035288,0.85964343,0,0.544714866,0.616419219,0.712334959,1.465161569,1.456488079,1.540280751,1.100406131,0,0.343148863,0.388319775,0.448742904,1.190398311,1.189963821,1.251046411,0.900530253,0,0.261871594,0.296343451,0.342454929,1.131338266,1.131645937,1.18649799,0.857064534,12
4,"2016-08-30",3,3.3,30,0,0,26,27.4,10,0,0,0,0,0,9,1,0,0,0,0,0,0,0,0,0,0,0,0,-76.58650883,45.5107855,0,1.234222184,0,0.563705999,0.640295734,0.738774877,1.472888681,1.465934332,1.544821118,1.106063015,0,0.348414396,0.39573714,0.456638234,1.194286735,1.194118064,1.253332356,0.903239018,0,0.265690305,0.301723706,0.348181465,1.134427481,1.135919405,1.189035288,0.85964343,0,0.544714866,0.616419219,0.712334959,1.465161569,1.456488079,1.540280751,1.100406131,0,0.343148863,0.388319775,0.448742904,1.190398311,1.189963821,1.251046411,0.900530253,0,0.261871594,0.296343451,0.342454929,1.131338266,1.131645937,1.18649799,0.857064534,13
1,"2016-06-10",3,3.4,30,0.9,0.4,14.8,15.2,76,0,0,0,0,0,76,0,0,0,0,0,0,0,0,0,0,0,0,0,-76.59077192,45.51213942,0,0.647370533,0,0.566181974,0.643395931,0.742213776,1.06056635,1.029332178,1.082208596,0.774024864,0,0.350544463,0.398722491,0.459822418,1.328875013,1.309774241,1.386194474,0.987491696,0,0.264756049,0.300410888,0.346782672,1.209294505,1.226520672,1.270483173,0.932114338,0,0.544714866,0.616419219,0.712334959,1.043458412,1.00724706,1.07163136,0.760749504,0,0.343148863,0.388319775,0.448742904,1.324436172,1.30489321,1.383553308,0.984288181,0,0.261871594,0.296343451,0.342454929,1.207250449,1.223765993,1.268811806,0.930465411,14
3,"2016-07-29",3,3.5,30,1,2.4,18.4,18.8,13,0,0,0,0,0,0,0,0,0,0,0,0,3,0,0,0,10,0,0,-76.58796225,45.51159858,5.859941825,1.263874459,0,0.563795705,0.640408104,0.738899502,1.404902089,1.400416591,1.471468174,1.057494547,0,0.349708649,0.397552083,0.458573628,1.265404284,1.255648138,1.323798995,0.948088812,0,0.265514549,0.3014769,0.347918425,1.158586764,1.161797971,1.2136985,0.879975999,0,0.544714866,0.616419219,0.712334959,1.396360377,1.390004865,1.466436974,1.051271067,0,0.343148863,0.388319775,0.448742904,1.261072358,1.250948752,1.321236406,0.9450137,0,0.261871594,0.296343451,0.342454929,1.155764051,1.157904989,1.21137742,0.877630527,15
4,"2016-08-30",3,3.6,15,0.5,0.9,20.3,20.6,55,0,0,0,0,0,54,0,0,0,0,0,0,0,0,0,0,1,0,0,-76.58796225,45.51159858,7.266419308,1.567224052,0,0.563795705,0.640408104,0.738899502,1.404902089,1.400416591,1.471468174,1.057494547,0,0.349708649,0.397552083,0.458573628,1.265404284,1.255648138,1.323798995,0.948088812,0,0.265514549,0.3014769,0.347918425,1.158586764,1.161797971,1.2136985,0.879975999,0,0.544714866,0.616419219,0.712334959,1.396360377,1.390004865,1.466436974,1.051271067,0,0.343148863,0.388319775,0.448742904,1.261072358,1.250948752,1.321236406,0.9450137,0,0.261871594,0.296343451,0.342454929,1.155764051,1.157904989,1.21137742,0.877630527,16
1,"2016-05-22",4,4.1,30,0.8,1.9,22.8,24,191,2,13,166,0,0,0,0,0,0,0,0,0,10,0,0,0,0,0,0,-75.24690246,45.1976179,0,2.76793267,0,0.917316474,1.040985799,1.20155549,1.77760881,1.000549311,0.785879616,0.600869589,0,0.909504401,1.090722964,1.232852787,1.255606486,0.922576846,0.881208721,0.657586156,0,0.693495337,0.831639072,0.940022525,1.086836201,0.934886764,0.889797764,0.685149762,0,0.89431611,1.012040743,1.169515774,1.760369559,0.93059348,0.72463958,0.531467143,0,0.905186345,1.085285259,1.226812312,1.228348614,0.864817921,0.84343938,0.613948156,0,0.690786468,0.828227662,0.936233018,1.013832502,0.803821369,0.803609947,0.590185493,17
4,"2016-08-03",4,4.2,30,0.5,1.4,28.3,29.3,9,1,0,8,0,0,0,0,0,0,0,0,0,0,0,0,0,0,0,0,-75.25070868,45.19637322,0,0.877774631,0,0.921694843,1.088303846,1.23705819,1.439965263,1.384327112,1.313723853,0.974559118,0,0.910575487,1.092071377,1.234350832,1.328781756,1.06245961,1.037740504,0.775926454,0,0.693855123,0.832092066,0.940525766,1.113865267,0.970459786,0.931513786,0.712322748,0,0.886280494,1.047280907,1.190171449,1.398903969,1.330004539,1.281900804,0.937175583,0,0.905186345,1.085285259,1.226812312,1.300614894,1.013163259,1.006829225,0.740814467,0,0.690786468,0.828227662,0.936233018,1.038162224,0.838444172,0.84619496,0.617216038,18
1,"2016-05-21",4,4.3,30,0.3,0.5,24.8,25.3,1,0,0,0,0,0,0,0,0,0,0,0,0,1,0,0,0,0,0,0,-75.24284558,45.19594498,0,0.776086975,0,0,0,0,0.676886517,0.669035329,0.568202426,0.495434083,0,0.754055826,0.892822804,1.01388642,1.169229146,0.836763478,0.650404191,0.57195615,0,0.693323776,0.831423056,0.939782551,1.116684927,0.981293871,0.911228088,0.717518864,0,0,0,0,0.384887078,0,0,0,0,0.750409275,0.888110925,1.00870127,1.070828699,0.535701215,0.22053791,0.238264369,0,0.690786468,0.828227662,0.936233018,0.991859311,0.761104575,0.763417311,0.553164161,19
4,"2016-08-03",4,4.4,30,0.7,1.5,27,28.3,79,0,0,0,0,0,0,0,0,0,0,0,0,0,0,0,0,79,0,0,-75.24617342,45.19796795,6.295621094,1.357841928,0,0.861787833,0.977867584,1.12875117,1.677329686,0.819448431,0.685258365,0.532035023,0,0.864818416,1.034315569,1.170246744,1.222828485,0.865167167,0.794171567,0.606114988,0,0.693287089,0.831376862,0.939731234,1.090369704,0.943845776,0.887120235,0.691700218,0,0.841017642,0.951726252,1.09981626,1.661890199,0.733157089,0.619828325,0.45992211,0,0.860362933,1.028673824,1.163992091,1.188787097,0.784043656,0.736767977,0.541157362,0,0.690786468,0.828227662,0.936233018,1.001562482,0.785633918,0.781461642,0.575782875,20
2,"2016-06-10",4,4.5,10,0.9,1.9,19.6,20.4,5,0,1,4,0,0,0,0,0,0,0,0,0,0,0,0,0,0,0,0,-75.24750625,45.19592067,0,2.35108479,0,1.360322014,1.627228854,1.840925469,1.616558275,1.020037559,0.716022416,0.618785518,0,0.910262539,1.091677415,1.233913147,1.30441918,1.023005219,0.995705146,0.744195524,0,0.693425854,0.831551585,0.939925334,1.116040433,0.967686858,0.943073854,0.711381314,0,1.345329054,1.610305098,1.821399004,1.585968914,0.919224795,0.598744893,0.518970609,0,0.905186345,1.085285259,1.226812312,1.280519661,0.9801456,0.968618314,0.713763088,0,0.690786468,0.828227662,0.936233018,1.056912703,0.86486445,0.878022063,0.63779922,21
1,"2016-05-27",5,5.1,30,1.3,1.9,23.5,23.7,99,0,2,66,0,0,31,0,0,0,0,0,0,0,0,0,0,0,0,0,-75.44256383,45.59386892,0,3.936368573,0,0.218998127,0.257200594,0.292789824,1.309853744,1.32545312,1.381164169,1.004041639,0,0.441687412,0.53834758,0.605003964,1.209467125,1.33945688,1.300408052,1.036156153,0,0.33692683,0.410660885,0.461507533,1.061466102,1.206152412,1.135378784,0.935827878,0,0.058611112,0.07143774,0.08028292,1.304107439,1.318660507,1.377822358,1.000005105,0,0.437576913,0.533337528,0.599373584,1.18165244,1.313174441,1.283463393,1.01860042,0,0.333933683,0.407012709,0.457407652,1.010599199,1.15924114,1.103071191,0.904863385,22
2,"2016-06-21",5,5.1,30,1.6,3.6,22.7,23.7,5,0,0,0,0,0,0,0,0,5,0,0,0,0,0,0,0,0,0,0,-75.44256383,45.59386892,0,3.936368573,0,0.218998127,0.257200594,0.292789824,1.309853744,1.32545312,1.381164169,1.004041639,0,0.441687412,0.53834758,0.605003964,1.209467125,1.33945688,1.300408052,1.036156153,0,0.33692683,0.410660885,0.461507533,1.061466102,1.206152412,1.135378784,0.935827878,0,0.058611112,0.07143774,0.08028292,1.304107439,1.318660507,1.377822358,1.000005105,0,0.437576913,0.533337528,0.599373584,1.18165244,1.313174441,1.283463393,1.01860042,0,0.333933683,0.407012709,0.457407652,1.010599199,1.15924114,1.103071191,0.904863385,23
4,"2016-08-09",5,5.1,30,1.3,2.7,29,29.4,0,0,0,0,0,0,0,0,0,0,0,0,0,0,0,0,0,0,0,0,-75.44256383,45.59386892,0,3.936368573,0,0.218998127,0.257200594,0.292789824,1.309853744,1.32545312,1.381164169,1.004041639,0,0.441687412,0.53834758,0.605003964,1.209467125,1.33945688,1.300408052,1.036156153,0,0.33692683,0.410660885,0.461507533,1.061466102,1.206152412,1.135378784,0.935827878,0,0.058611112,0.07143774,0.08028292,1.304107439,1.318660507,1.377822358,1.000005105,0,0.437576913,0.533337528,0.599373584,1.18165244,1.313174441,1.283463393,1.01860042,0,0.333933683,0.407012709,0.457407652,1.010599199,1.15924114,1.103071191,0.904863385,24
3,"2016-07-19",5,5.2,30,0.9,2.2,19,19.5,51,0,0,47,0,3,0,0,0,0,0,0,0,1,0,0,0,0,0,0,-75.44500892,45.59188792,0,0.756102778,0,0.71476722,0.868616148,0.977133574,1.26506854,1.309275393,1.335757093,0.997572943,0,0.442679606,0.539556909,0.606363028,1.241072162,1.297926672,1.316807527,0.99460337,0,0.335809921,0.409299549,0.459977641,1.047654914,1.166053996,1.12154949,0.904970091,0,0.694610052,0.846620553,0.951446258,1.246930047,1.288765807,1.325284952,0.98555646,0,0.437576913,0.533337528,0.599373584,1.235411429,1.292401668,1.313554085,0.991094112,0,0.333933683,0.407012709,0.457407652,1.032791223,1.151408277,1.111752655,0.895439373,25
3,"2016-07-13",5,5.3,30,0,0,24.2,24.8,1,0,0,1,0,0,0,0,0,0,0,0,0,0,0,0,0,0,0,0,-75.44506758,45.59213433,3.505663291,1.011981684,0,0.714420406,0.86823662,0.976690771,1.265373844,1.307307919,1.335675614,0.995714969,0,0.442770888,0.539668167,0.606488062,1.250446876,1.313632525,1.329134586,1.007447589,0,0.335809921,0.409299549,0.459977641,1.048456155,1.171035786,1.123934281,0.909218625,0,0.694610052,0.846620553,0.951446258,1.247569631,1.287104772,1.325388912,0.983868749,0,0.437576913,0.533337528,0.599373584,1.244769892,1.30814164,1.32588349,1.003965583,0,0.333933683,0.407012709,0.457407652,1.032704194,1.15565553,1.113611223,0.899200448,26
4,"2016-08-09",5,5.4,15,1,1.9,25.6,25.9,23,0,0,1,0,0,0,0,0,0,0,0,0,0,0,0,0,22,0,0,-75.44504867,45.59178683,4.692043385,0.516734158,0,0.714673194,0.86851325,0.977013521,1.271131712,1.314495431,1.341942161,1.00138749,0,0.442686001,0.539564703,0.606371787,1.237139194,1.291100679,1.31151709,0.988991966,0,0.335809921,0.409299549,0.459977641,1.047147951,1.163932849,1.12055572,0.903211586,0,0.694610052,0.846620553,0.951446258,1.253257001,1.294251419,1.331617628,0.98952194,0,0.437576913,0.533337528,0.599373584,1.231434906,1.285509608,1.30823308,0.985438042,0,0.333933683,0.407012709,0.457407652,1.033007894,1.149937527,1.111203585,0.894116529,27
1,"2016-05-23",6,6.1,30,0.3,0.8,21.9,24.7,97,1,5,83,0,2,0,0,0,0,0,0,0,6,0,0,0,0,0,0,-75.19432528,45.49007317,0,4.611108883,0,0.877156052,0.992621795,1.14707521,1.069249046,1.128787924,0.743169482,0.670410661,0,0.635356117,0.719259274,0.831053011,1.019740215,1.068215743,0.803542499,0.69685061,0,0.485166021,0.549319319,0.634660575,0.92021144,0.986060866,0.808963533,0.693438339,0,0.877156052,0.992621795,1.14707521,0.93774581,0.98906937,0.496124878,0.479399704,0,0.634408162,0.717919425,0.829628746,0.775449506,0.802695835,0.446514122,0.377475646,0,0.484144039,0.547875061,0.633125228,0.693450392,0.75431487,0.589082374,0.49227566,28
2,"2016-06-14",6,6.1,30,1.3,3.8,20,20.2,15,0,0,0,0,0,0,7,0,5,0,0,0,3,0,0,0,0,0,0,-75.19432528,45.49007317,0,4.611108883,0,0.877156052,0.992621795,1.14707521,1.069249046,1.128787924,0.743169482,0.670410661,0,0.635356117,0.719259274,0.831053011,1.019740215,1.068215743,0.803542499,0.69685061,0,0.485166021,0.549319319,0.634660575,0.92021144,0.986060866,0.808963533,0.693438339,0,0.877156052,0.992621795,1.14707521,0.93774581,0.98906937,0.496124878,0.479399704,0,0.634408162,0.717919425,0.829628746,0.775449506,0.802695835,0.446514122,0.377475646,0,0.484144039,0.547875061,0.633125228,0.693450392,0.75431487,0.589082374,0.49227566,29
4,"2016-08-03",6,6.1,30,0.7,2,28.5,31.2,72,2,4,55,0,0,7,0,0,0,0,0,0,4,0,0,0,0,0,0,-75.19432528,45.49007317,0,4.611108883,0,0.877156052,0.992621795,1.14707521,1.069249046,1.128787924,0.743169482,0.670410661,0,0.635356117,0.719259274,0.831053011,1.019740215,1.068215743,0.803542499,0.69685061,0,0.485166021,0.549319319,0.634660575,0.92021144,0.986060866,0.808963533,0.693438339,0,0.877156052,0.992621795,1.14707521,0.93774581,0.98906937,0.496124878,0.479399704,0,0.634408162,0.717919425,0.829628746,0.775449506,0.802695835,0.446514122,0.377475646,0,0.484144039,0.547875061,0.633125228,0.693450392,0.75431487,0.589082374,0.49227566,30
1,"2016-05-22",6,6.2,30,1,1.1,24.8,25.1,23,1,0,0,0,0,19,0,0,0,0,0,0,3,0,0,0,0,0,0,-75.1939482,45.49076631,0,0.332173937,0,0.974102118,1.10241758,1.273912762,0.885083856,0.967472625,0.675465628,0.620588344,0,0.635307611,0.719190739,0.830980149,1.023651062,1.068011442,0.816785069,0.696625321,0,0.485043041,0.549145604,0.63447587,0.948307136,1.006763138,0.848884752,0.7105521,0,0.973426264,1.10156468,1.272969769,0.762161013,0.84758263,0.502611751,0.491828436,0,0.634408162,0.717919425,0.829628746,0.798284296,0.820377806,0.515422359,0.407986656,0,0.484144039,0.547875061,0.633125228,0.740799964,0.788661258,0.659313702,0.52458173,31
2,"2016-06-14",6,6.3,30,0.7,2,20.6,21.2,270,0,3,221,6,0,30,8,0,0,0,0,0,2,0,0,0,0,0,0,-75.19480717,45.49230583,0,1.345671647,0,1.008448016,1.141377301,1.318889846,0.957599115,1.024906421,0.759977699,0.671817338,0,0.6356288,0.719644502,0.831462589,1.036812629,1.086157614,0.853871799,0.718208603,0,0.485269495,0.549465463,0.634815973,1.007187658,1.057572257,0.928266539,0.753680584,0,1.007060183,1.13962605,1.316953544,0.74448498,0.80700238,0.468011249,0.431603984,0,0.634408162,0.717919425,0.829628746,0.842613799,0.87591916,0.629419991,0.497965979,0,0.484144039,0.547875061,0.633125228,0.828630182,0.863918804,0.777289921,0.594965914,32
4,"2016-08-03",6,6.4,30,0,0.3,24.3,24.6,38,0,0,34,0,0,0,0,0,0,0,0,0,0,0,0,0,4,0,0,-75.19636421,45.49162437,4.102290916,1.201080842,0,1.010075071,1.143429714,1.321159458,1.269064119,1.333092819,0.793991479,0.719798622,0,0.636295426,0.720585923,0.832463663,1.053724766,1.125139874,0.875113088,0.760015351,0,0.485409313,0.549662915,0.635025937,0.961272326,1.022151155,0.861309479,0.724561103,0,1.007060183,1.13962605,1.316953544,1.146774576,1.201513568,0.485292308,0.489542035,0,0.634408162,0.717919425,0.829628746,0.832022458,0.89789179,0.622483613,0.537468589,0,0.484144039,0.547875061,0.633125228,0.75027987,0.801048369,0.668632873,0.538965853,33
2,"2016-06-29",7,7.1,30,0.5,1.7,27,29.1,25,0,21,0,0,0,4,0,0,0,0,0,0,0,0,0,0,0,0,0,-77.06666564,45.79160153,0,1.396509693,0,0.338368558,0.397089131,0.452159852,1.310260426,1.309888758,1.336944259,0.978993109,0,0.33035954,0.378197817,0.43503856,1.194077157,1.210402371,1.189232598,0.90481545,0,0.247787519,0.282623148,0.325574247,1.175804342,1.214354008,1.190084437,0.914671718,0,0,0,0,1.215810335,1.195715694,1.274542424,0.899796873,0,0.313967079,0.355296603,0.410581278,1.017482937,1.003473332,1.067020759,0.756272815,0,0.239601724,0.271142054,0.313332158,1.035431024,1.055674333,1.093643243,0.802913321,34
4,"2016-08-22",7,7.2,30,1,2,19.3,20.7,213,0,0,0,0,0,212,0,0,1,0,0,0,0,0,0,0,0,0,0,-77.06533825,45.79289975,0,2.994002947,0,0.540179697,0.616285478,0.709773111,1.355966354,1.348935817,1.39873277,1.011611244,0,0.328282661,0.375324652,0.431958178,1.170771662,1.204082643,1.181730134,0.906328974,0,0.247015169,0.281547424,0.32442402,1.112083211,1.180126503,1.125506136,0.894423904,0,0.498391671,0.563998201,0.651757152,1.297993808,1.278466862,1.361178192,0.963559541,0,0.313967079,0.355296603,0.410581278,1.027652314,1.043279406,1.08483964,0.792682613,0,0.239601724,0.271142054,0.313332158,0.956089854,1.015232509,1.019253037,0.78006854,35
1,"2016-06-04",7,7.3,30,0.7,1.7,20,20.8,37,1,0,0,0,0,3,0,0,8,0,0,0,25,0,0,0,0,0,0,-77.0661895,45.79243117,0,2.231205837,0,0.537995333,0.614774114,0.707566638,1.350215394,1.342390199,1.391372527,1.00564239,0,0.329301813,0.376735499,0.433470377,1.190145353,1.205693314,1.190960313,0.902294581,0,0.247435516,0.282133065,0.325050143,1.13488763,1.192104682,1.1460874,0.900830405,0,0.487215239,0.551350543,0.6371415,1.289740441,1.26866426,1.352350489,0.955686269,0,0.313967079,0.355296603,0.410581278,1.030503282,1.018900765,1.081161819,0.76849331,0,0.239601724,0.271142054,0.313332158,0.976732417,1.020568177,1.037775168,0.781046283,36
2,"2016-06-30",7,7.4,15,0.3,0.9,19.7,19.9,2,0,0,0,0,0,0,0,0,0,0,0,0,0,0,0,0,2,0,0,-77.06378368,45.79374076,2.596135511,0.559935484,0,0.526999159,0.599882987,0.691532242,1.323614936,1.321266195,1.371136308,0.993924314,0,0.324814091,0.370508914,0.426802454,1.110271605,1.195476064,1.144778786,0.913013547,0,0.246121415,0.280300737,0.323091783,1.078231414,1.157706727,1.10000809,0.881826061,0,0.498391671,0.563998201,0.651757152,1.27880661,1.267349513,1.342157363,0.957150443,0,0.313967079,0.355296603,0.410581278,0.999193941,1.083754203,1.072473934,0.836440794,0,0.239601724,0.271142054,0.313332158,0.946045095,1.021805973,1.010919881,0.788529579,37
3,"2016-07-27",7,7.4,24,0.4,1.2,24.3,24.7,147,0,0,0,0,0,0,0,0,0,0,0,0,0,0,0,0,147,0,0,-77.06378368,45.79374076,2.596135511,0.559935484,0,0.526999159,0.599882987,0.691532242,1.323614936,1.321266195,1.371136308,0.993924314,0,0.324814091,0.370508914,0.426802454,1.110271605,1.195476064,1.144778786,0.913013547,0,0.246121415,0.280300737,0.323091783,1.078231414,1.157706727,1.10000809,0.881826061,0,0.498391671,0.563998201,0.651757152,1.27880661,1.267349513,1.342157363,0.957150443,0,0.313967079,0.355296603,0.410581278,0.999193941,1.083754203,1.072473934,0.836440794,0,0.239601724,0.271142054,0.313332158,0.946045095,1.021805973,1.010919881,0.788529579,38
1,"2016-05-31",8,8.1,30,1.2,2.5,25.8,25.8,3,0,0,1,0,0,0,0,0,2,0,0,0,0,0,0,0,0,0,0,-75.94061325,44.73646317,0,1.542181849,0,0.212373846,0.249229261,0.283793882,1.367751236,1.359441452,1.409867328,1.019772962,0,0.156178524,0.19035709,0.213926464,1.212123476,1.222868905,1.247516728,0.92044794,0,0.118396897,0.144307221,0.162174855,1.138113905,1.170758737,1.177096141,0.885360194,0,0,0,0,1.305224832,1.283652369,1.368276263,0.965970751,0,0,0,0,1.140231493,1.139458844,1.19994322,0.861403051,0,0,0,0,1.069747309,1.09248502,1.130630502,0.831024962,39
2,"2016-06-23",8,8.1,30,0.4,0.9,25.6,27.2,83,3,0,0,0,0,73,0,0,4,0,0,0,2,1,0,0,0,0,0,-75.94061325,44.73646317,0,1.542181849,0,0.212373846,0.249229261,0.283793882,1.367751236,1.359441452,1.409867328,1.019772962,0,0.156178524,0.19035709,0.213926464,1.212123476,1.222868905,1.247516728,0.92044794,0,0.118396897,0.144307221,0.162174855,1.138113905,1.170758737,1.177096141,0.885360194,0,0,0,0,1.305224832,1.283652369,1.368276263,0.965970751,0,0,0,0,1.140231493,1.139458844,1.19994322,0.861403051,0,0,0,0,1.069747309,1.09248502,1.130630502,0.831024962,40
3,"2016-07-20",8,8.1,30,0.5,1.6,25.3,26.4,43,0,9,0,0,0,32,0,0,2,0,0,0,0,0,0,0,0,0,0,-75.94061325,44.73646317,0,1.542181849,0,0.212373846,0.249229261,0.283793882,1.367751236,1.359441452,1.409867328,1.019772962,0,0.156178524,0.19035709,0.213926464,1.212123476,1.222868905,1.247516728,0.92044794,0,0.118396897,0.144307221,0.162174855,1.138113905,1.170758737,1.177096141,0.885360194,0,0,0,0,1.305224832,1.283652369,1.368276263,0.965970751,0,0,0,0,1.140231493,1.139458844,1.19994322,0.861403051,0,0,0,0,1.069747309,1.09248502,1.130630502,0.831024962,41
4,"2016-08-26",8,8.1,30,0.9,1.7,24.9,25.5,5,0,0,0,0,0,4,0,0,0,0,0,0,1,0,0,0,0,0,0,-75.94061325,44.73646317,0,1.542181849,0,0.212373846,0.249229261,0.283793882,1.367751236,1.359441452,1.409867328,1.019772962,0,0.156178524,0.19035709,0.213926464,1.212123476,1.222868905,1.247516728,0.92044794,0,0.118396897,0.144307221,0.162174855,1.138113905,1.170758737,1.177096141,0.885360194,0,0,0,0,1.305224832,1.283652369,1.368276263,0.965970751,0,0,0,0,1.140231493,1.139458844,1.19994322,0.861403051,0,0,0,0,1.069747309,1.09248502,1.130630502,0.831024962,42
1,"2016-05-23",9,9.1,30,1,3.8,25.6,29.5,0,0,0,0,0,0,0,0,0,0,0,0,0,0,0,0,0,0,0,0,-75.57811903,45.42920512,0,0.878378275,0,0.523652449,0.600522473,0.690152998,0.649574584,1.147847916,0.829656929,0.923518597,0,0.30553269,0.351023266,0.403216142,0.574679317,1.069694928,0.780318585,0.867507035,0,0.227684942,0.260327634,0.299601717,0.575540077,0.973106198,0.732188678,0.786669322,0,0.452818884,0.512426373,0.592160672,0.505326092,1.101626829,0.781395819,0.89949231,0,0.285258022,0.322808387,0.373037848,0.523140825,1.054991623,0.763406958,0.859197606,0,0.217692614,0.246348905,0.284681158,0.552288316,0.962163154,0.719516508,0.780900378,43
2,"2016-06-15",9,9.1,30,0.7,1.7,27.6,28.3,0,0,0,0,0,0,0,0,0,0,0,0,0,0,0,0,0,0,0,0,-75.57811903,45.42920512,0,0.878378275,0,0.523652449,0.600522473,0.690152998,0.649574584,1.147847916,0.829656929,0.923518597,0,0.30553269,0.351023266,0.403216142,0.574679317,1.069694928,0.780318585,0.867507035,0,0.227684942,0.260327634,0.299601717,0.575540077,0.973106198,0.732188678,0.786669322,0,0.452818884,0.512426373,0.592160672,0.505326092,1.101626829,0.781395819,0.89949231,0,0.285258022,0.322808387,0.373037848,0.523140825,1.054991623,0.763406958,0.859197606,0,0.217692614,0.246348905,0.284681158,0.552288316,0.962163154,0.719516508,0.780900378,44
2,"2016-06-15",9,9.2,30,0.6,1.9,32.2,32.4,96,4,0,46,0,0,6,7,0,22,0,0,0,11,0,0,0,0,0,0,-75.58243875,45.42667683,0,2.232612759,0,0.316398212,0.370445691,0.422206355,0.91508742,1.252087972,1.055748552,0.994058573,0,0.305583504,0.35109297,0.403291122,0.681140667,1.052900384,0.820622441,0.847491146,0,0.226219552,0.258295177,0.29742489,0.612203184,1.033723083,0.773465663,0.835760941,0,0.128576482,0.145501839,0.16814214,0.880148659,1.22997854,1.039123035,0.982152437,0,0.285258022,0.322808387,0.373037848,0.645748824,1.037672628,0.805337165,0.838754846,0,0.217692614,0.246348905,0.284681158,0.574567139,1.017608451,0.755107737,0.826552726,45
3,"2016-07-06",9,9.2,30,0.6,1.4,27.5,28.7,173,1,26,90,0,0,35,0,0,6,0,0,0,4,7,0,4,0,0,0,-75.58243875,45.42667683,0,2.232612759,0,0.316398212,0.370445691,0.422206355,0.91508742,1.252087972,1.055748552,0.994058573,0,0.305583504,0.35109297,0.403291122,0.681140667,1.052900384,0.820622441,0.847491146,0,0.226219552,0.258295177,0.29742489,0.612203184,1.033723083,0.773465663,0.835760941,0,0.128576482,0.145501839,0.16814214,0.880148659,1.22997854,1.039123035,0.982152437,0,0.285258022,0.322808387,0.373037848,0.645748824,1.037672628,0.805337165,0.838754846,0,0.217692614,0.246348905,0.284681158,0.574567139,1.017608451,0.755107737,0.826552726,46
4,"2016-08-04",9,9.2,30,0.8,2.4,36,36.4,34,1,3,0,0,0,20,0,2,0,0,0,0,4,4,0,0,0,0,0,-75.58243875,45.42667683,0,2.232612759,0,0.316398212,0.370445691,0.422206355,0.91508742,1.252087972,1.055748552,0.994058573,0,0.305583504,0.35109297,0.403291122,0.681140667,1.052900384,0.820622441,0.847491146,0,0.226219552,0.258295177,0.29742489,0.612203184,1.033723083,0.773465663,0.835760941,0,0.128576482,0.145501839,0.16814214,0.880148659,1.22997854,1.039123035,0.982152437,0,0.285258022,0.322808387,0.373037848,0.645748824,1.037672628,0.805337165,0.838754846,0,0.217692614,0.246348905,0.284681158,0.574567139,1.017608451,0.755107737,0.826552726,47
3,"2016-07-11",9,9.3,30,0,0.3,20.4,21.7,25,0,0,0,0,0,0,0,0,0,0,0,0,1,0,0,0,24,0,0,-75.58012375,45.42837225,4.439329279,0.95747621,0,0.516537353,0.591769949,0.680373045,0.734374792,1.179764094,0.896155745,0.946379478,0,0.309963002,0.357084016,0.409742564,0.678548946,1.11007444,0.849505486,0.895263345,0,0.227683802,0.260326054,0.299600025,0.58868333,0.986847414,0.740851077,0.798078613,0,0.452818884,0.512426373,0.592160672,0.644336453,1.14128791,0.860162803,0.926198998,0,0.285258022,0.322808387,0.373037848,0.633925531,1.093159095,0.831869626,0.885599628,0,0.217692614,0.246348905,0.284681158,0.566522841,0.976213281,0.728482608,0.792475862,48
4,"2016-08-05",9,9.4,30,1.2,2.7,24.7,24.9,343,0,0,0,0,0,0,0,0,0,0,0,0,0,0,0,0,343,0,0,-75.58012375,45.42837225,4.337815,0.935581572,0,0.516537353,0.591769949,0.680373045,0.734374792,1.179764094,0.896155745,0.946379478,0,0.309963002,0.357084016,0.409742564,0.678548946,1.11007444,0.849505486,0.895263345,0,0.227683802,0.260326054,0.299600025,0.58868333,0.986847414,0.740851077,0.798078613,0,0.452818884,0.512426373,0.592160672,0.644336453,1.14128791,0.860162803,0.926198998,0,0.285258022,0.322808387,0.373037848,0.633925531,1.093159095,0.831869626,0.885599628,0,0.217692614,0.246348905,0.284681158,0.566522841,0.976213281,0.728482608,0.792475862,49
1,"2016-06-04",10,10.1,30,0.5,1.9,25.1,25.8,7,0,0,0,0,0,2,0,0,1,0,0,0,1,0,0,3,0,0,0,-77.41826979,45.54881982,0,0.288326422,0,0.33161601,0.389164743,0.443136463,0.605328762,1.134468883,0.815622416,0.915433723,0,0.261089039,0.308085976,0.350303569,0.66473808,1.013413203,0.783643329,0.813290094,0,0.178138492,0.207309784,0.236953536,0.598693955,0.921031107,0.706855221,0.741405097,0,0,0,0,0.489883212,1.100826488,0.780272097,0.897983234,0,0.202087921,0.228690066,0.264274577,0.594321814,0.983492675,0.752962608,0.796096014,0,0.154221948,0.174523183,0.201679248,0.569777265,0.904615755,0.688546184,0.73269622,50
3,"2016-07-26",10,10.1,30,0.3,1.9,26.3,27.3,30,0,13,0,0,0,13,0,0,0,0,0,0,4,0,0,0,0,0,0,-77.41826979,45.54881982,0,1.207383278,0,0.33161601,0.389164743,0.443136463,0.605328762,1.134468883,0.815622416,0.915433723,0,0.261089039,0.308085976,0.350303569,0.66473808,1.013413203,0.783643329,0.813290094,0,0.178138492,0.207309784,0.236953536,0.598693955,0.921031107,0.706855221,0.741405097,0,0,0,0,0.489883212,1.100826488,0.780272097,0.897983234,0,0.202087921,0.228690066,0.264274577,0.594321814,0.983492675,0.752962608,0.796096014,0,0.154221948,0.174523183,0.201679248,0.569777265,0.904615755,0.688546184,0.73269622,51
4,"2016-08-29",10,10.1,30,0.7,2.1,25.5,26.1,96,1,0,0,0,0,92,3,0,0,0,0,0,0,0,0,0,0,0,0,-77.41826979,45.54881982,0,0.288326422,0,0.33161601,0.389164743,0.443136463,0.605328762,1.134468883,0.815622416,0.915433723,0,0.261089039,0.308085976,0.350303569,0.66473808,1.013413203,0.783643329,0.813290094,0,0.178138492,0.207309784,0.236953536,0.598693955,0.921031107,0.706855221,0.741405097,0,0,0,0,0.489883212,1.100826488,0.780272097,0.897983234,0,0.202087921,0.228690066,0.264274577,0.594321814,0.983492675,0.752962608,0.796096014,0,0.154221948,0.174523183,0.201679248,0.569777265,0.904615755,0.688546184,0.73269622,52
2,"2016-07-03",10,10.2,30,0.4,2.5,28.1,29.2,71,5,4,0,1,0,0,0,0,28,0,5,0,18,10,0,0,0,0,0,-77.41826979,45.54881982,0,0.288326422,0,0.33161601,0.389164743,0.443136463,0.605328762,1.134468883,0.815622416,0.915433723,0,0.261089039,0.308085976,0.350303569,0.66473808,1.013413203,0.783643329,0.813290094,0,0.178138492,0.207309784,0.236953536,0.598693955,0.921031107,0.706855221,0.741405097,0,0,0,0,0.489883212,1.100826488,0.780272097,0.897983234,0,0.202087921,0.228690066,0.264274577,0.594321814,0.983492675,0.752962608,0.796096014,0,0.154221948,0.174523183,0.201679248,0.569777265,0.904615755,0.688546184,0.73269622,53
3,"2016-07-26",10,10.3,25,0.6,1.9,23.4,24,19,0,0,0,0,0,16,0,0,0,0,0,0,0,0,0,0,3,0,0,-77.41989317,45.545928,3.076541822,0.663549698,0,0.485629903,0.56419032,0.645005643,0.708591384,1.071015002,0.788125865,0.848406876,0,0.264336638,0.31230389,0.354936332,0.650268753,0.946449811,0.723567343,0.758819707,0,0.178138492,0.207309784,0.236953536,0.597528127,0.876438491,0.670412795,0.705196282,0,0.320794578,0.363022851,0.419509741,0.497011975,0.981908265,0.696976402,0.801283952,0,0.202087921,0.228690066,0.264274577,0.570063143,0.909368466,0.684457775,0.737529093,0,0.154221948,0.174523183,0.201679248,0.568489698,0.858256849,0.649964461,0.695551439,54
4,"2016-08-29",10,10.4,24,1.3,3.1,17.6,17.4,101,0,0,0,0,0,85,0,0,0,0,0,0,0,0,0,0,16,0,0,-77.41989317,45.54602725,7.358480694,1.587079886,0,0.487167512,0.566031336,0.647085391,0.712184218,1.085098252,0.798645328,0.86012802,0,0.264336638,0.31230389,0.354936332,0.6502519,0.949424529,0.725757395,0.761284582,0,0.178138492,0.207309784,0.236953536,0.597362657,0.881332102,0.673394481,0.709298316,0,0.320794578,0.363022851,0.419509741,0.500122943,0.997336692,0.709011701,0.813743201,0,0.202087921,0.228690066,0.264274577,0.570041213,0.912589446,0.686903917,0.740137579,0,0.154221948,0.174523183,0.201679248,0.568306884,0.863358157,0.653135345,0.699766997,55
2,"2016-06-17",11,11.1,30,0.8,2.2,27.7,29.8,227,0,7,0,0,0,176,0,0,13,0,0,0,3,18,0,10,0,0,0,-76.02812117,45.76632483,0,1.696043514,0,0.709368011,0.806826474,0.93040149,0.740826128,0.927092854,0.774890114,0.728177134,0,0.433521847,0.492634957,0.568341596,0.658777183,0.8110677,0.674865071,0.646521453,0,0.328620244,0.372834597,0.43040478,0.715315026,0.877155671,0.753968646,0.696514532,0,0.676421566,0.765463326,0.884570548,0.647058773,0.858504792,0.722653189,0.691107494,0,0.426118885,0.482211679,0.557244527,0.629854317,0.791085668,0.657316171,0.634861427,0,0.325189571,0.367996384,0.425257164,0.704459619,0.867191411,0.745178105,0.691067974,56
3,"2016-07-12",11,11.1,30,0.9,2.5,28.5,28.9,189,6,15,9,0,3,119,0,0,26,0,0,0,1,10,0,0,0,0,0,-76.02812117,45.76632483,0,1.696043514,0,0.709368011,0.806826474,0.93040149,0.740826128,0.927092854,0.774890114,0.728177134,0,0.433521847,0.492634957,0.568341596,0.658777183,0.8110677,0.674865071,0.646521453,0,0.328620244,0.372834597,0.43040478,0.715315026,0.877155671,0.753968646,0.696514532,0,0.676421566,0.765463326,0.884570548,0.647058773,0.858504792,0.722653189,0.691107494,0,0.426118885,0.482211679,0.557244527,0.629854317,0.791085668,0.657316171,0.634861427,0,0.325189571,0.367996384,0.425257164,0.704459619,0.867191411,0.745178105,0.691067974,57
1,"2016-05-26",11,11.2,30,0.4,1.6,24.6,26.1,56,1,0,0,0,5,0,0,0,5,0,0,0,30,0,0,15,0,0,0,-76.02928783,45.76631958,0,1.572778901,0,0.709851912,0.807430985,0.931072683,0.73645803,0.77805785,0.704536927,0.59320269,0,0.433699237,0.492883672,0.568606835,0.654780079,0.738994508,0.63714984,0.584699694,0,0.328678826,0.372917001,0.430492545,0.687201155,0.842371469,0.715640979,0.669945052,0,0.676421566,0.765463326,0.884570548,0.639617835,0.672686543,0.638628161,0.533519146,0,0.426118885,0.482211679,0.557244527,0.624728373,0.714111856,0.616862566,0.569990861,0,0.325189571,0.367996384,0.425257164,0.675208982,0.831361955,0.70569286,0.663949523,58
2,"2016-06-17",11,11.2,30,0.4,1.1,29.2,30.8,10,0,4,0,0,6,0,0,0,0,0,0,0,0,0,0,0,0,0,0,-76.02928783,45.76631958,0,0.71116614,0,0.709851912,0.807430985,0.931072683,0.73645803,0.77805785,0.704536927,0.59320269,0,0.433699237,0.492883672,0.568606835,0.654780079,0.738994508,0.63714984,0.584699694,0,0.328678826,0.372917001,0.430492545,0.687201155,0.842371469,0.715640979,0.669945052,0,0.676421566,0.765463326,0.884570548,0.639617835,0.672686543,0.638628161,0.533519146,0,0.426118885,0.482211679,0.557244527,0.624728373,0.714111856,0.616862566,0.569990861,0,0.325189571,0.367996384,0.425257164,0.675208982,0.831361955,0.70569286,0.663949523,59
3,"2016-07-12",11,11.2,30,1.3,2.8,27.3,28.4,3,0,0,0,0,0,0,0,0,0,0,0,0,3,0,0,0,0,0,0,-76.02928783,45.76631958,0,0.71116614,0,0.709851912,0.807430985,0.931072683,0.73645803,0.77805785,0.704536927,0.59320269,0,0.433699237,0.492883672,0.568606835,0.654780079,0.738994508,0.63714984,0.584699694,0,0.328678826,0.372917001,0.430492545,0.687201155,0.842371469,0.715640979,0.669945052,0,0.676421566,0.765463326,0.884570548,0.639617835,0.672686543,0.638628161,0.533519146,0,0.426118885,0.482211679,0.557244527,0.624728373,0.714111856,0.616862566,0.569990861,0,0.325189571,0.367996384,0.425257164,0.675208982,0.831361955,0.70569286,0.663949523,60
4,"2016-08-08",11,11.2,30,0.5,2.5,30,30.2,16,0,0,0,0,0,11,0,0,0,0,0,0,2,3,0,0,0,0,0,-76.02928783,45.76631958,0,0.71116614,0,0.709851912,0.807430985,0.931072683,0.73645803,0.77805785,0.704536927,0.59320269,0,0.433699237,0.492883672,0.568606835,0.654780079,0.738994508,0.63714984,0.584699694,0,0.328678826,0.372917001,0.430492545,0.687201155,0.842371469,0.715640979,0.669945052,0,0.676421566,0.765463326,0.884570548,0.639617835,0.672686543,0.638628161,0.533519146,0,0.426118885,0.482211679,0.557244527,0.624728373,0.714111856,0.616862566,0.569990861,0,0.325189571,0.367996384,0.425257164,0.675208982,0.831361955,0.70569286,0.663949523,61
1,"2016-05-26",11,11.3,30,0.3,0.8,21.5,22.2,0,0,0,0,0,0,0,0,0,0,0,0,0,0,0,0,0,0,0,0,-76.02862417,45.76676883,0,0.71116614,0,0.70560242,0.802119534,0.925176623,0.722839386,0.865633854,0.740652787,0.676770446,0,0.434140444,0.493502074,0.569266408,0.698367322,0.809841706,0.706257007,0.640076609,0,0.328812394,0.373104855,0.430692631,0.7171085,0.861467547,0.748036521,0.682587446,0,0.676421566,0.765463326,0.884570548,0.636753979,0.795861295,0.690254138,0.638765639,0,0.426118885,0.482211679,0.557244527,0.670555198,0.788042911,0.688894336,0.627139635,0,0.325189571,0.367996384,0.425257164,0.705687016,0.850537474,0.738591083,0.676589387,62
4,"2016-08-08",11,11.4,30,0.4,1,26.2,27.6,289,0,0,1,0,0,1,0,0,0,0,0,0,0,0,0,0,287,0,0,-76.02861275,45.7656655,4.837207168,1.043290663,0,0.710049795,0.807678166,0.931347141,0.745206545,0.851804549,0.73818915,0.66064678,0,0.432762432,0.491569656,0.567205752,0.600263323,0.760767409,0.601459384,0.610814972,0,0.328345728,0.372448361,0.429993457,0.676971038,0.852161648,0.712645365,0.679784325,0,0.676421566,0.765463326,0.884570548,0.650472201,0.766530554,0.678569348,0.613676139,0,0.426118885,0.482211679,0.557244527,0.568783847,0.740377119,0.581523836,0.599099186,0,0.325189571,0.367996384,0.425257164,0.665815685,0.842456976,0.703591265,0.674528806,63
2,"2016-06-15",12,12.1,30,0,0.7,24.6,25.1,61,1,7,8,0,1,2,0,0,2,0,0,10,30,0,0,0,0,0,0,-75.16706208,45.238612,0,0.692899312,0,0.626890426,0.718294114,0.82579476,1.019141047,1.184230321,0.960087967,0.896245133,0,0.372572406,0.428585419,0.492067971,0.992319155,1.096140282,0.92564942,0.826099988,0,0.276095245,0.315744703,0.36334913,1.063385668,1.128756139,1.035576185,0.847389163,0,0.548551013,0.620760343,0.717351567,0.313943298,0.759943463,0.5407245,0.623098137,0,0.345565484,0.391054511,0.45190317,0.462780244,0.661009019,0.547127048,0.530670084,0,0.263715821,0.298430446,0.344866663,0.782666479,0.831328348,0.833649646,0.639199041,64
3,"2016-07-05",12,12.1,30,1.3,3.8,32.3,31.8,85,0,52,0,0,0,0,31,0,0,0,0,0,2,0,0,0,0,0,0,-75.16706208,45.238612,0,0.692899312,0,0.626890426,0.718294114,0.82579476,1.019141047,1.184230321,0.960087967,0.896245133,0,0.372572406,0.428585419,0.492067971,0.992319155,1.096140282,0.92564942,0.826099988,0,0.276095245,0.315744703,0.36334913,1.063385668,1.128756139,1.035576185,0.847389163,0,0.548551013,0.620760343,0.717351567,0.313943298,0.759943463,0.5407245,0.623098137,0,0.345565484,0.391054511,0.45190317,0.462780244,0.661009019,0.547127048,0.530670084,0,0.263715821,0.298430446,0.344866663,0.782666479,0.831328348,0.833649646,0.639199041,65
4,"2016-08-01",12,12.1,30,1.1,3.7,29,29.1,16,1,2,5,0,3,0,0,0,0,0,0,0,5,0,0,0,0,0,0,-75.16706208,45.238612,0,1.375275183,0,0.626890426,0.718294114,0.82579476,1.019141047,1.184230321,0.960087967,0.896245133,0,0.372572406,0.428585419,0.492067971,0.992319155,1.096140282,0.92564942,0.826099988,0,0.276095245,0.315744703,0.36334913,1.063385668,1.128756139,1.035576185,0.847389163,0,0.548551013,0.620760343,0.717351567,0.313943298,0.759943463,0.5407245,0.623098137,0,0.345565484,0.391054511,0.45190317,0.462780244,0.661009019,0.547127048,0.530670084,0,0.263715821,0.298430446,0.344866663,0.782666479,0.831328348,0.833649646,0.639199041,66
1,"2016-05-20",12,12.2,30,0.4,0.7,28,28.2,25,0,0,3,0,0,0,7,0,5,0,0,0,10,0,0,0,0,0,0,-75.17040392,45.240218,0,1.375275183,0,0.219921553,0.2580868,0.293879838,0.94147213,1.059006845,0.870589643,0.801296367,0,0.362771215,0.415104298,0.477581831,1.037269803,1.13131024,0.992497104,0.853974586,0,0.274593863,0.313663655,0.361119699,1.080669803,1.147332301,1.050301579,0.861096787,0,0,0,0,0.355973853,0.632417136,0.448260875,0.515885101,0,0.345565484,0.391054511,0.45190317,0.659964452,0.779792648,0.725260247,0.612119225,0,0.263715821,0.298430446,0.344866663,0.785191852,0.835271076,0.838012738,0.642130425,67
2,"2016-06-15",12,12.2,30,0,0,28.7,29.3,79,3,8,39,0,0,4,1,0,0,0,0,17,7,0,0,0,0,0,0,-75.17040392,45.240218,0,1.375275183,0,0.219921553,0.2580868,0.293879838,0.94147213,1.059006845,0.870589643,0.801296367,0,0.362771215,0.415104298,0.477581831,1.037269803,1.13131024,0.992497104,0.853974586,0,0.274593863,0.313663655,0.361119699,1.080669803,1.147332301,1.050301579,0.861096787,0,0,0,0,0.355973853,0.632417136,0.448260875,0.515885101,0,0.345565484,0.391054511,0.45190317,0.659964452,0.779792648,0.725260247,0.612119225,0,0.263715821,0.298430446,0.344866663,0.785191852,0.835271076,0.838012738,0.642130425,68
3,"2016-07-06",12,12.3,30,0.6,1.7,24.4,25.2,26,0,0,22,0,0,0,0,0,0,0,0,0,0,0,0,0,4,0,0,-75.16561358,45.24017667,8.030783687,1.732082449,0,0.616269708,0.705202676,0.811178719,0.953604239,1.173235077,0.933874598,0.901020967,0,0.36853415,0.423048208,0.4861107,1.047622692,1.155929985,1.013785317,0.875939872,0,0.274663172,0.313759831,0.361222686,1.068101166,1.13442187,1.037896518,0.851572556,0,0.548551013,0.620760343,0.717351567,0.37695922,0.864967112,0.621403477,0.707348959,0,0.345565484,0.391054511,0.45190317,0.693195551,0.83738542,0.769659338,0.658878888,0,0.263715821,0.298430446,0.344866663,0.776605916,0.826800711,0.828190706,0.63593658,69
1,"2016-05-20",13,13.1,30,1.6,3,25,24,21,0,11,1,0,1,0,0,0,3,0,0,0,0,0,0,5,0,0,0,-74.87043608,45.14347949,0,2.57975838,0,1.744744402,2.126533581,2.389847254,0.93611635,0.91373144,0.983056076,0.771732144,0,1.208879196,1.473433864,1.655869482,0.790968933,0.728764333,0.780469536,0.593997324,0,0.939898448,1.145588581,1.2874315,0.879142043,0.892378367,0.901041208,0.69900917,0,1.744470897,2.126236023,2.389499406,0.933393025,0.910271137,0.981458218,0.770078926,0,1.208719533,1.47323926,1.655650783,0.787681019,0.724622162,0.778282942,0.591674261,0,0.939812946,1.145484367,1.287314383,0.877681518,0.89041326,0.899786229,0.697902097,70
2,"2016-06-14",13,13.1,30,1.7,4,23.4,23.8,26,1,3,0,0,2,4,2,0,9,0,0,0,0,5,0,0,0,0,0,-74.87043608,45.14347949,0,2.57975838,0,1.744744402,2.126533581,2.389847254,0.93611635,0.91373144,0.983056076,0.771732144,0,1.208879196,1.473433864,1.655869482,0.790968933,0.728764333,0.780469536,0.593997324,0,0.939898448,1.145588581,1.2874315,0.879142043,0.892378367,0.901041208,0.69900917,0,1.744470897,2.126236023,2.389499406,0.933393025,0.910271137,0.981458218,0.770078926,0,1.208719533,1.47323926,1.655650783,0.787681019,0.724622162,0.778282942,0.591674261,0,0.939812946,1.145484367,1.287314383,0.877681518,0.89041326,0.899786229,0.697902097,71
4,"2016-08-04",13,13.1,30,1.5,3.1,26.8,27.4,20,0,0,0,0,0,19,0,0,0,0,0,0,1,0,0,0,0,0,0,-74.87043608,45.14347949,0,2.57975838,0,1.744744402,2.126533581,2.389847254,0.93611635,0.91373144,0.983056076,0.771732144,0,1.208879196,1.473433864,1.655869482,0.790968933,0.728764333,0.780469536,0.593997324,0,0.939898448,1.145588581,1.2874315,0.879142043,0.892378367,0.901041208,0.69900917,0,1.744470897,2.126236023,2.389499406,0.933393025,0.910271137,0.981458218,0.770078926,0,1.208719533,1.47323926,1.655650783,0.787681019,0.724622162,0.778282942,0.591674261,0,0.939812946,1.145484367,1.287314383,0.877681518,0.89041326,0.899786229,0.697902097,72
1,"2016-05-20",13,13.2,30,0.3,0.7,22.9,23.8,3,0,0,0,0,1,2,0,0,0,0,0,0,0,0,0,0,0,0,0,-74.87016692,45.14499217,0,0.758606069,0,1.632088811,1.989259912,2.235563374,0.709038514,0.654411748,0.715027959,0.612865772,0,1.143675097,1.393960309,1.566555779,0.726550908,0.64997109,0.693694523,0.537763491,0,0.939882462,1.145569096,1.287409603,0.832526169,0.828718633,0.839702553,0.651894835,0,1.632088811,1.989259912,2.235563374,0.709038514,0.654411748,0.715027959,0.612865772,0,1.143543751,1.39380022,1.566375868,0.723682268,0.646136069,0.69165625,0.535676629,0,0.939812946,1.145484367,1.287314383,0.831202124,0.826866011,0.838527709,0.650859953,73
4,"2016-08-04",13,13.3,30,1,2.5,24.7,25.2,87,0,0,0,0,0,0,0,0,0,0,0,0,1,0,0,0,86,0,0,-74.87164371,45.14426626,3.555854886,0.766928121,0,1.639073818,1.997773538,2.245131129,0.8436878,0.805631811,0.870553198,0.694528096,0,1.159398162,1.413124256,1.588092542,0.732544932,0.653362404,0.700793283,0.540938491,0,0.939896868,1.145586655,1.287429336,0.79342405,0.794150407,0.795232734,0.628858643,0,1.639073818,1.997773538,2.245131129,0.8436878,0.805631811,0.870553198,0.694528096,0,1.159267175,1.412964604,1.587913121,0.729652835,0.649472452,0.698746438,0.538824682,0,0.939812946,1.145484367,1.287314383,0.791663054,0.791712847,0.793650407,0.627515335,74
3,"2016-07-06",14,14.1,30,0.5,1.3,31.3,32.1,0,0,0,0,0,0,0,0,0,0,0,0,0,0,0,0,0,0,0,0,-75.65160558,45.18952883,0,0.428333842,0,0.928218895,1.128439646,1.26925544,1.130232187,1.178297483,0.863175478,0.757361939,0,1.608261653,1.960218349,2.202925982,1.164188343,1.219317469,0.8554182,0.788294116,0,1.376417503,1.677636745,1.885356076,1.079596164,1.134024478,0.927666954,0.784255278,0,0.905469759,1.103625416,1.240272598,0.825476581,0.838211015,0.257194076,0.280580887,0,1.606918409,1.958581146,2.201086066,0.955646955,0.996359804,0.495829832,0.541269624,0,1.375867613,1.676966516,1.884602861,0.907528635,0.945234072,0.748754167,0.618833,75
1,"2016-05-23",14,14.2,30,0.3,0.4,28.4,29.5,0,0,0,0,0,0,0,0,0,0,0,0,0,0,0,0,0,0,0,0,-75.65861422,45.18898448,0,0.295938367,0,2.424042001,2.954499954,3.320326144,0.588673599,0.671473283,0.708524657,0.787208578,0,1.722342136,2.09926454,2.359188404,0.824388098,0.8495568,0.816308263,0.727512954,0,1.31446192,1.602122621,1.800492048,1.00344339,1.022042717,0.938637442,0.755883864,0,2.423839514,2.954279661,3.320068617,0.410333422,0.522774619,0.637180149,0.751083109,0,1.72184941,2.098663984,2.35851349,0.634562036,0.635827242,0.688257914,0.622990276,0,1.314017029,1.601580369,1.799882655,0.874627228,0.869265354,0.830824964,0.644690526,76
2,"2016-06-16",14,14.3,30,0.8,1.8,25.2,25.4,163,1,2,136,0,0,13,0,0,6,0,0,0,5,0,0,0,0,0,0,-75.64602133,45.19189475,0,1.201079801,0,0.324412331,0.380710935,0.433510229,1.381688265,1.447099754,0.717299919,0.6330444,0,1.30710655,1.593157581,1.790416986,1.247072615,1.304685167,0.878588865,0.769976995,0,1.106417242,1.348548836,1.51552161,1.044234055,1.224671821,0.920020159,0.876082662,0,0,0,0,1.287697765,1.345022558,0.231270681,0.266159965,0,1.305366639,1.591036902,1.788033732,1.108477392,1.156471678,0.642866432,0.570292339,0,1.105623256,1.347581092,1.514434044,0.877887309,1.08613157,0.758336875,0.766571379,77
4,"2016-08-07",14,14.4,30,0.5,1.3,25.2,25.9,60,0,0,11,0,0,8,0,0,0,0,0,0,0,0,0,0,41,0,0,-75.65518017,45.18974125,4.384746128,0.945703695,0,2.521534943,3.073029437,3.453643903,0.75942309,0.879473999,0.841936519,0.877689595,0,1.722865035,2.099901872,2.359904648,0.981994861,1.029034345,0.808125299,0.758976217,0,1.31453166,1.602207623,1.800587574,1.33663911,1.37065758,1.141534282,0.914268381,0,2.519045663,3.070321003,3.450477807,0.116736792,0.543308717,0.66264346,0.780584951,0,1.72184941,2.098663984,2.35851349,0.697659138,0.724445925,0.454070778,0.533555406,0,1.314017029,1.601580369,1.799882655,1.186371913,1.197501054,0.986448056,0.748409573,78
2,"2016-06-30",15,15.1,24,0.5,1.2,27.5,27.7,109,0,6,26,0,0,13,0,0,17,0,0,0,45,2,0,0,0,0,0,-76.95480324,45.42410542,0,0.944238892,0,0.801293765,0.975134563,1.096442719,1.079085494,1.140854609,1.130833571,0.878988104,0,0.500306127,0.609794587,0.685297299,0.768131568,0.850112177,0.781482358,0.668263947,0,0.380865726,0.464215499,0.521693098,0.768398428,0.7894224,0.759921864,0.613207036,0,0.789555779,0.962344481,1.081498733,1.060537012,1.120775264,1.119974141,0.867493433,0,0.497388973,0.606239034,0.68130151,0.757172913,0.840587752,0.774655691,0.662526038,0,0.379578828,0.462646971,0.519930361,0.76366767,0.783201442,0.755556688,0.609648395,79
1,"2016-06-03",15,15.2,30,0.4,1.9,24.7,27.2,25,0,0,0,0,1,0,0,0,0,0,0,1,23,0,0,0,0,0,0,-76.953473,45.42656975,0,0.166961127,0,0.750903961,0.914224705,1.02780031,0.883780392,0.965572608,0.916995837,0.754496254,0,0.500919117,0.610541725,0.686136945,0.783625884,0.842557392,0.790358859,0.658853931,0,0.380948845,0.464316807,0.52180695,0.717643009,0.782149051,0.71339199,0.615199731,0,0.743122915,0.905750113,1.017897041,0.867595056,0.949194622,0.907331397,0.745384307,0,0.497388973,0.606239034,0.68130151,0.770841738,0.830776694,0.782259996,0.651685268,0,0.379578828,0.462646971,0.519930361,0.711856813,0.775395971,0.708108963,0.611433722,80
2,"2016-06-30",15,15.2,30,0,0.7,29.9,31.6,20,0,0,0,0,0,0,0,6,7,0,0,0,7,0,0,0,0,0,0,-76.953473,45.42656975,0,0.967935567,0,0.750903961,0.914224705,1.02780031,0.883780392,0.965572608,0.916995837,0.754496254,0,0.500919117,0.610541725,0.686136945,0.783625884,0.842557392,0.790358859,0.658853931,0,0.380948845,0.464316807,0.52180695,0.717643009,0.782149051,0.71339199,0.615199731,0,0.743122915,0.905750113,1.017897041,0.867595056,0.949194622,0.907331397,0.745384307,0,0.497388973,0.606239034,0.68130151,0.770841738,0.830776694,0.782259996,0.651685268,0,0.379578828,0.462646971,0.519930361,0.711856813,0.775395971,0.708108963,0.611433722,81
3,"2016-07-21",15,15.2,30,0,0.6,27.2,28.2,17,1,0,0,0,0,3,0,0,0,3,0,0,10,0,0,0,0,0,0,-76.953473,45.42656975,0,5.419642367,0,0.750903961,0.914224705,1.02780031,0.883780392,0.965572608,0.916995837,0.754496254,0,0.500919117,0.610541725,0.686136945,0.783625884,0.842557392,0.790358859,0.658853931,0,0.380948845,0.464316807,0.52180695,0.717643009,0.782149051,0.71339199,0.615199731,0,0.743122915,0.905750113,1.017897041,0.867595056,0.949194622,0.907331397,0.745384307,0,0.497388973,0.606239034,0.68130151,0.770841738,0.830776694,0.782259996,0.651685268,0,0.379578828,0.462646971,0.519930361,0.711856813,0.775395971,0.708108963,0.611433722,82
1,"2016-06-03",15,15.3,30,0.4,1.2,22.8,22.9,0,0,0,0,0,0,0,0,0,0,0,0,0,0,0,0,0,0,0,0,-76.95462558,45.426993,0,0.315068601,0,0.682424858,0.830615536,0.933893107,0.920308843,1.011093725,0.962787414,0.788393649,0,0.501259501,0.610956601,0.686603189,0.796490913,0.847015205,0.802128502,0.660588126,0,0.380948845,0.464316807,0.52180695,0.750713161,0.7976487,0.748730202,0.623391468,0,0.673512853,0.820906381,0.922548244,0.906270712,0.997045851,0.954532802,0.780537296,0,0.497388973,0.606239034,0.68130151,0.782903801,0.834210864,0.793497068,0.652756457,0,0.379578828,0.462646971,0.519930361,0.745430959,0.791158756,0.743938933,0.619724664,83
3,"2016-07-21",15,15.4,30,0.7,1.8,28.7,29.4,117,3,20,0,0,0,58,0,2,0,0,0,0,34,0,0,0,0,0,0,-76.95398878,45.42587721,0,0.315068601,0,0.802411078,0.976354074,1.097866798,0.895647461,0.991824831,0.931347956,0.774038256,0,0.500792558,0.61038747,0.685963591,0.790990012,0.867911061,0.806713511,0.680233687,0,0.380948845,0.464316807,0.52180695,0.728023215,0.771264965,0.717838201,0.603912487,0,0.789555779,0.962344481,1.081498733,0.865628426,0.962329499,0.913622601,0.757648429,0,0.497388973,0.606239034,0.68130151,0.778908334,0.857227302,0.799227569,0.673760177,0,0.379578828,0.462646971,0.519930361,0.722402774,0.764317334,0.712621136,0.600003009,84
4,"2016-08-23",15,15.5,30,1.3,3.8,23.7,24.6,133,0,0,26,0,0,100,0,0,5,0,0,0,1,0,1,0,0,0,0,-76.95552788,45.42579267,0,0.315068601,0,0.80153686,0.975399863,1.096752534,0.923760116,1.053996552,0.979030031,0.825445413,0,0.501024825,0.610670567,0.68628174,0.797228921,0.872280341,0.813207219,0.683033803,0,0.380997451,0.464376051,0.521873529,0.807372453,0.836207973,0.811266766,0.648138884,0,0.789555779,0.962344481,1.081498733,0.897626782,1.029848098,0.964154026,0.81209569,0,0.497388973,0.606239034,0.68130151,0.784509359,0.860968814,0.805330751,0.676168232,0,0.379578828,0.462646971,0.519930361,0.802648603,0.830097548,0.807045426,0.644627584,85
3,"2016-07-27",15,15.6,30,0,0.7,23.3,23.7,49,1,0,1,0,0,29,0,0,0,0,0,0,0,0,0,0,18,0,0,-76.95512654,45.424733,3.523497984,0.759949372,0,0.801382382,0.975231273,1.096555657,0.97747023,1.057184174,1.024041936,0.81953106,0,0.500562189,0.610106687,0.685648042,0.777826331,0.858234521,0.792375402,0.673822256,0,0.38101584,0.464398463,0.521898717,0.781285394,0.797152019,0.774245525,0.617580002,0,0.789555779,0.962344481,1.081498733,0.954547523,1.033507517,1.0106514,0.806163314,0,0.497388973,0.606239034,0.68130151,0.76618692,0.848057326,0.785145744,0.667676786,0,0.379578828,0.462646971,0.519930361,0.776171626,0.79033216,0.769546462,0.613658636,86
4,"2016-08-23",15,15.7,15,0.7,1.7,20.6,21.2,33,0,0,0,0,0,33,0,0,0,0,0,0,0,0,0,0,0,0,0,-76.95512654,45.424733,3.450085439,0.744115726,0,0.801382382,0.975231273,1.096555657,0.97747023,1.057184174,1.024041936,0.81953106,0,0.500562189,0.610106687,0.685648042,0.777826331,0.858234521,0.792375402,0.673822256,0,0.38101584,0.464398463,0.521898717,0.781285394,0.797152019,0.774245525,0.617580002,0,0.789555779,0.962344481,1.081498733,0.954547523,1.033507517,1.0106514,0.806163314,0,0.497388973,0.606239034,0.68130151,0.76618692,0.848057326,0.785145744,0.667676786,0,0.379578828,0.462646971,0.519930361,0.776171626,0.79033216,0.769546462,0.613658636,87
1,"2016-06-04",16,16.1,30,0.3,1.6,28,29.5,11,0,0,0,0,11,0,0,0,0,0,0,0,0,0,0,0,0,0,0,-77.50610808,45.5133475,0,0.080599598,0,0,0,0,0.495053269,0.67141789,0.475904832,0.547699401,0,0,0,0,0.511128174,0.569735461,0.403831745,0.464753434,0,0,0,0,0.514924584,0.58726892,0.416259561,0.479056099,0,0,0,0,0.495053269,0.67141789,0.475904832,0.547699401,0,0,0,0,0.511128174,0.569735461,0.403831745,0.464753434,0,0,0,0,0.514924584,0.58726892,0.416259561,0.479056099,88
2,"2016-07-03",16,16.1,30,0.5,2.2,23.2,24,48,0,0,0,0,8,11,0,0,0,0,0,0,23,6,0,0,0,0,0,-77.50610808,45.5133475,0,0.080599598,0,0,0,0,0.495053269,0.67141789,0.475904832,0.547699401,0,0,0,0,0.511128174,0.569735461,0.403831745,0.464753434,0,0,0,0,0.514924584,0.58726892,0.416259561,0.479056099,0,0,0,0,0.495053269,0.67141789,0.475904832,0.547699401,0,0,0,0,0.511128174,0.569735461,0.403831745,0.464753434,0,0,0,0,0.514924584,0.58726892,0.416259561,0.479056099,89
1,"2016-06-07",17,17.1,30,0,0,22.2,21.1,82,11,0,16,0,0,31,0,0,1,0,0,0,23,0,0,0,0,0,0,-76.31639258,45.39265575,0,0.187882785,0,0.114378664,0.134227968,0.152843515,0.958771002,1.052627501,0.812016349,0.747728129,0,0.863039998,0.978763793,1.130078987,0.963558491,1.000240572,0.799938083,0.665232393,0,0.709363549,0.817198836,0.937711114,1.052846267,1.087012828,0.997401803,0.782224887,0,0,0,0,0.957217464,1.051068839,0.81061301,0.746673717,0,0.859125619,0.973246943,1.124207829,0.901680577,0.935396303,0.737210322,0.606455701,0,0.70817242,0.815573215,0.935958968,0.945571124,0.964941731,0.910316307,0.686924474,90
3,"2016-08-01",17,17.2,30,0.5,1,25.9,26,28,0,0,26,0,0,0,0,0,0,0,0,0,2,0,0,0,0,0,0,-76.31243663,45.39338825,0,0.620412053,0,1.361240191,1.540855797,1.780408772,1.084366488,1.180876445,0.838198677,0.807016275,0,0.930891843,1.072692016,1.230752887,0.929023288,1.002031132,0.791298977,0.717505124,0,0.709363549,0.817198836,0.937711114,0.948500935,1.007696,0.845350412,0.715860914,0,1.35795955,1.536716578,1.775831944,0.970316394,1.067841053,0.691676096,0.708355881,0,0.927968387,1.068703243,1.226453205,0.6930441,0.771358958,0.543655811,0.53076998,0,0.70817242,0.815573215,0.935958968,0.764111414,0.812359376,0.672560593,0.555323938,91
3,"2016-08-01",17,17.3,30,1.1,1.5,21,21.2,42,0,0,36,0,0,1,0,0,0,0,0,0,0,0,0,0,5,0,0,-76.31200916,45.39298449,4.015391843,0.866041224,0,1.47384436,1.697092673,1.947713289,1.080831073,1.200014493,0.870933632,0.846907098,0,0.930982847,1.072816108,1.230886682,0.946107059,1.017168357,0.779057711,0.710283699,0,0.709363549,0.817198836,0.937711114,0.937610945,1.00344194,0.829407645,0.712996827,0,1.470828157,1.693415628,1.943591839,0.970490104,1.095349426,0.744289886,0.762755877,0,0.927968387,1.068703243,1.226453205,0.727883503,0.801356898,0.523896595,0.522153336,0,0.70817242,0.815573215,0.935958968,0.740490674,0.799018113,0.640432373,0.544639563,92
4,"2016-09-01",17,17.4,30,1.1,2.5,16.8,17.1,48,0,0,4,0,0,38,0,0,0,0,0,0,0,0,0,0,6,0,0,-76.30979725,45.39174058,4.321696193,0.932105062,0,1.379139808,1.594883882,1.827353828,0.801312975,0.857557742,0.687397613,0.636828695,0,0.929402689,1.070660788,1.22856309,0.941935335,1.026021026,0.768823476,0.713343131,0,0.709363549,0.817198836,0.937711114,0.942317528,1.012447035,0.840532847,0.721005111,0,1.373700656,1.588309404,1.819960279,0.489629317,0.541129408,0.352416299,0.418757768,0,0.927968387,1.068703243,1.226453205,0.724230464,0.816598719,0.502055156,0.527339915,0,0.70817242,0.815573215,0.935958968,0.744489308,0.809586765,0.655531595,0.555149856,93
1,"2016-06-07",17,17.5,30,1,3,17.5,18.2,154,3,0,86,0,0,0,0,0,63,0,0,0,2,0,0,0,0,0,0,-76.31369308,45.39236042,0,2.271220513,0,1.361880351,1.541663226,1.781301689,1.020081589,1.132675266,0.760795263,0.765898723,0,0.931426224,1.07342063,1.231538501,0.973742852,1.031877531,0.754906776,0.679038476,0,0.709363549,0.817198836,0.937711114,0.968472395,1.015993734,0.86889356,0.720882563,0,1.35795955,1.536716578,1.775831944,0.999760538,1.112787639,0.73684916,0.75102249,0,0.927968387,1.068703243,1.226453205,0.832879524,0.88748118,0.570628116,0.535482326,0,0.70817242,0.815573215,0.935958968,0.79337181,0.823986906,0.707942294,0.562691791,94
2,"2016-07-04",17,17.6,30,1.2,3.2,30,30.3,19,4,4,0,0,0,5,0,1,1,0,0,0,2,0,2,0,0,0,0,-76.3140695,45.39161308,0,3.146878759,0,1.218723936,1.380176152,1.594438454,1.029791033,1.151851161,0.77294835,0.772968971,0,0.93126115,1.073195573,1.231295831,0.965718462,1.020306194,0.74703724,0.668379691,0,0.709363549,0.817198836,0.937711114,0.980043118,1.022799941,0.882530101,0.725480517,0,1.210818102,1.370205946,1.583412011,0.99733207,1.120610373,0.734947712,0.749200121,0,0.927968387,1.068703243,1.226453205,0.843187554,0.893990676,0.589013684,0.542920491,0,0.70817242,0.815573215,0.935958968,0.805983917,0.82928628,0.724212725,0.565842167,95
1,"2016-05-21",18,18.1,30,0.4,1,25.2,25.6,10,0,0,5,0,0,3,0,0,0,0,0,0,2,0,0,0,0,0,0,-75.44307582,45.24731129,0,3.116564365,0,0.202219786,0.237313063,0.270225073,0.81990834,0.962201929,0.881058966,0.753531583,0,0.127174581,0.15500584,0.174198141,0.926962332,1.02983546,0.960690315,0.794349778,0,0.101422101,0.123617611,0.138923527,0.891894145,0.99210743,0.925342935,0.764836108,0,0,0,0,0.805487568,0.949642303,0.872870597,0.746341269,0,0,0,0,0.844880961,0.952978858,0.907693257,0.742767621,0,0,0,0,0.814003227,0.91739247,0.87340563,0.7151109,96
1,"2016-05-21",18,18.2,30,0,0,26.8,27.1,0,0,0,0,0,0,0,0,0,0,0,0,0,0,0,0,0,0,0,0,-75.44044993,45.24768895,0,0.472307513,0,0.165269071,0.193949911,0.220848057,0.730149778,0.680198399,0.692721947,0.516760815,0,0.08877209,0.108199234,0.121596099,0.802387054,0.901670924,0.840258603,0.703639365,0,0.088598778,0.107987994,0.121358704,0.810974116,0.935396172,0.846679828,0.728207929,0,0,0,0,0.721990995,0.668763079,0.686865422,0.51002298,0,0,0,0,0.784535041,0.885309807,0.828786445,0.69290842,0,0,0,0,0.746918965,0.878637975,0.804431805,0.691127394,97
2,"2016-06-16",19,19.1,30,0.6,2.3,29.3,31.3,62,0,0,0,0,0,0,0,0,55,0,0,1,4,1,0,0,0,0,1,-75.55990467,45.39319725,0,1.88880616,0,0.345628781,0.405609294,0.461861643,1.014044881,1.049899265,1.029617116,0.789903489,0,0.219868508,0.267985177,0.301166199,0.932479386,1.022189593,0.907525619,0.775882721,0,0.142640023,0.173855784,0.195382021,0.826465308,1.060132872,0.861961379,0.8284713,0,0,0,0,0.920691295,0.94498317,0.969226167,0.721008537,0,0,0,0,0.676471327,0.786107162,0.731419027,0.616136783,0,0,0,0,0.580275887,0.906935451,0.714776638,0.73145333,98
3,"2016-07-11",19,19.2,30,0.4,1.4,28.3,29.1,79,6,0,2,0,0,36,0,0,27,0,0,0,8,0,0,0,0,0,0,-75.55990467,45.39319725,0,1.88880616,0,0.345628781,0.405609294,0.461861643,1.014044881,1.049899265,1.029617116,0.789903489,0,0.219868508,0.267985177,0.301166199,0.932479386,1.022189593,0.907525619,0.775882721,0,0.142640023,0.173855784,0.195382021,0.826465308,1.060132872,0.861961379,0.8284713,0,0,0,0,0.920691295,0.94498317,0.969226167,0.721008537,0,0,0,0,0.676471327,0.786107162,0.731419027,0.616136783,0,0,0,0,0.580275887,0.906935451,0.714776638,0.73145333,99
4,"2016-08-04",19,19.2,30,0.6,1.6,36,37.8,11,1,0,0,0,0,3,0,0,0,0,0,0,4,0,0,0,0,0,3,-75.55990467,45.39319725,0,0.463900099,0,0.345628781,0.405609294,0.461861643,1.014044881,1.049899265,1.029617116,0.789903489,0,0.219868508,0.267985177,0.301166199,0.932479386,1.022189593,0.907525619,0.775882721,0,0.142640023,0.173855784,0.195382021,0.826465308,1.060132872,0.861961379,0.8284713,0,0,0,0,0.920691295,0.94498317,0.969226167,0.721008537,0,0,0,0,0.676471327,0.786107162,0.731419027,0.616136783,0,0,0,0,0.580275887,0.906935451,0.714776638,0.73145333,100
1,"2016-05-27",19,19.3,30,0,0,28,28.2,17,0,0,0,0,0,0,1,0,0,0,0,0,16,0,0,0,0,0,0,-75.55867675,45.39404483,0,0.289719325,0,0.302812806,0.355363024,0.404646916,1.102494011,1.152986203,1.100035474,0.867982466,0,0.205544786,0.25052681,0.281546196,0.894055392,1.07478286,0.916348765,0.833977267,0,0.141861816,0.172907272,0.194316068,0.805943036,1.105990911,0.880132804,0.87279633,0,0,0,0,0.933235713,0.96791893,0.984794843,0.740449165,0,0,0,0,0.684761076,0.922361773,0.788394232,0.735085929,0,0,0,0,0.591768386,0.989920377,0.763449595,0.800509487,101
1,"2016-05-27",20,20.1,30,1.9,4.7,31.4,35.1,0,0,0,0,0,0,0,0,0,0,0,0,0,0,0,0,0,0,0,0,-75.8709035,45.35701083,0,1.295582689,0,0.56332287,0.640805596,0.738916974,1.430859861,1.421209016,1.499457876,1.07443173,0,0.356841056,0.406874662,0.468774974,1.164833567,1.211377608,1.225175248,0.928556443,0,0.267806415,0.304192489,0.351004355,0.966566214,0.992073916,1.000813776,0.76078151,0,0.53639952,0.607009269,0.701468631,1.419400924,1.407133684,1.492721387,1.066042328,0,0.345565484,0.391054511,0.451908944,1.155762189,1.202424626,1.219877059,0.922876358,0,0.263715821,0.298430446,0.344871069,0.961929537,0.985967377,0.996912668,0.757195077,102
2,"2016-06-19",20,20.1,30,1.1,2.4,26.3,26.4,17,0,0,0,0,0,0,0,0,4,0,0,0,13,0,0,0,0,0,0,-75.8709035,45.35701083,0,0.82269073,0,0.56332287,0.640805596,0.738916974,1.430859861,1.421209016,1.499457876,1.07443173,0,0.356841056,0.406874662,0.468774974,1.164833567,1.211377608,1.225175248,0.928556443,0,0.267806415,0.304192489,0.351004355,0.966566214,0.992073916,1.000813776,0.76078151,0,0.53639952,0.607009269,0.701468631,1.419400924,1.407133684,1.492721387,1.066042328,0,0.345565484,0.391054511,0.451908944,1.155762189,1.202424626,1.219877059,0.922876358,0,0.263715821,0.298430446,0.344871069,0.961929537,0.985967377,0.996912668,0.757195077,103
3,"2016-07-19",20,20.1,30,1.1,3,21.6,22,9,0,8,0,0,0,1,0,0,0,0,0,0,0,0,0,0,0,0,0,-75.8709035,45.35701083,0,1.053319489,0,0.56332287,0.640805596,0.738916974,1.430859861,1.421209016,1.499457876,1.07443173,0,0.356841056,0.406874662,0.468774974,1.164833567,1.211377608,1.225175248,0.928556443,0,0.267806415,0.304192489,0.351004355,0.966566214,0.992073916,1.000813776,0.76078151,0,0.53639952,0.607009269,0.701468631,1.419400924,1.407133684,1.492721387,1.066042328,0,0.345565484,0.391054511,0.451908944,1.155762189,1.202424626,1.219877059,0.922876358,0,0.263715821,0.298430446,0.344871069,0.961929537,0.985967377,0.996912668,0.757195077,104
3,"2016-07-17",20,20.2,30,0,0.3,27.4,28.3,131,0,0,13,0,0,85,0,0,0,0,0,0,0,0,0,0,33,0,0,-75.87279725,45.3587415,5.40017948,1.516693013,0,0.558659257,0.633491204,0.731447727,1.246953737,1.262357135,1.312489192,0.96469419,0,0.352959425,0.40145527,0.462985939,1.080405967,1.091805534,1.123465271,0.833158927,0,0.268293352,0.304875576,0.351732652,0.933643739,0.970669496,0.971524568,0.745950283,0,0.548551013,0.620760343,0.717360733,1.241232164,1.255599499,1.309150092,0.960749099,0,0.345565484,0.391054511,0.451908944,1.073578005,1.084664366,1.119382006,0.828586518,0,0.263715821,0.298430446,0.344871069,0.928065948,0.963509473,0.96687927,0.741764316,105
4,"2016-08-17",20,20.3,30,0.9,2.2,20.8,23.4,44,0,0,0,0,0,26,0,0,0,0,0,0,0,0,0,0,18,0,0,-75.872604,45.358064,3.30775152,2.293808093,0,0.564364512,0.640654419,0.739384288,1.318956118,1.326687954,1.387322148,1.00988389,0,0.354430778,0.403512679,0.465182336,1.122284347,1.143133681,1.171335218,0.873103411,0,0.268275542,0.304850601,0.35170602,0.951543435,0.986388461,0.989332359,0.757574915,0,0.548551013,0.620760343,0.717360733,1.310860253,1.316998392,1.38259417,1.004184832,0,0.345565484,0.391054511,0.451908944,1.114661509,1.135287502,1.166811295,0.868088858,0,0.263715821,0.298430446,0.344871069,0.946196675,0.979484876,0.984871731,0.75353361,106
4,"2016-08-17",20,20.4,14,0.7,1.7,25.7,26.5,55,0,0,0,0,0,32,0,0,0,0,0,0,0,0,23,0,0,0,0,-75.87275058,45.35873083,0,2.293808093,0,0.558754231,0.633610576,0.731579928,1.252542868,1.26706306,1.318293494,0.967974281,0,0.353026862,0.401549653,0.463086662,1.083170697,1.094561559,1.126491909,0.835191667,0,0.268190678,0.304731591,0.351579117,0.933671562,0.970293175,0.97141771,0.74564117,0,0.548551013,0.620760343,0.717360733,1.246818081,1.260291401,1.314952092,0.964018395,0,0.345565484,0.391054511,0.451908944,1.07631419,1.087390034,1.122392703,0.830599049,0,0.263715821,0.298430446,0.344871069,0.928222067,0.963292162,0.966877856,0.741547786,107
1,"2016-05-26",21,21.1,30,1.3,3.3,26,26.8,72,0,23,13,0,15,0,0,0,12,0,0,0,9,0,0,0,0,0,0,-76.0179685,45.65934808,0,1.467857332,0,0.976599198,1.10859473,1.279466941,1.350697801,1.340441684,1.399798494,1.008204669,0,0.734718935,0.833129591,0.961994642,1.373807982,1.379511445,1.439619339,1.045400849,0,0.558415594,0.632583176,0.730719529,1.310140906,1.320247891,1.375404786,1.001000422,0,0.949395002,1.074370027,1.241580305,1.309950417,1.290021866,1.375534575,0.978015034,0,0.728653043,0.824570372,0.952890321,1.3585304,1.363322346,1.430642704,1.034896449,0,0.556066344,0.629264966,0.727191415,1.303768534,1.311538205,1.370190137,0.995767122,108
2,"2016-06-17",21,21.2,30,0,0.7,25.8,26.2,39,0,0,35,0,0,2,0,0,2,0,0,0,0,0,0,0,0,0,0,-76.01753183,45.65603717,0,1.218066961,0,0.966655472,1.097638591,1.266628515,1.365552265,1.361045031,1.413912738,1.024622767,0,0.734293054,0.832529787,0.961356157,1.254518737,1.263719881,1.309770415,0.960031318,0,0.558296299,0.632414844,0.730540478,1.224303559,1.234141616,1.281845993,0.936638907,0,0.937012862,1.060357946,1.225351206,1.323073574,1.308949237,1.388581267,0.993492793,0,0.728653043,0.824570372,0.952890321,1.237451318,1.245748225,1.299678105,0.948433286,0,0.556066344,0.629264966,0.727191415,1.217372819,1.224672144,1.276144695,0.93096168,109
4,"2016-08-08",21,21.2,30,0.9,2.2,24.8,25.6,159,0,0,141,0,0,18,0,0,0,0,0,0,0,0,0,0,0,0,0,-76.01753183,45.65603717,0,1.218066961,0,0.966655472,1.097638591,1.266628515,1.365552265,1.361045031,1.413912738,1.024622767,0,0.734293054,0.832529787,0.961356157,1.254518737,1.263719881,1.309770415,0.960031318,0,0.558296299,0.632414844,0.730540478,1.224303559,1.234141616,1.281845993,0.936638907,0,0.937012862,1.060357946,1.225351206,1.323073574,1.308949237,1.388581267,0.993492793,0,0.728653043,0.824570372,0.952890321,1.237451318,1.245748225,1.299678105,0.948433286,0,0.556066344,0.629264966,0.727191415,1.217372819,1.224672144,1.276144695,0.93096168,110
3,"2016-07-12",21,21.3,30,1.3,2.5,27,27.9,112,0,0,0,0,0,0,0,0,95,0,0,0,17,0,0,0,0,0,0,-76.02010133,45.65870375,0,1.218066961,0,1.179859315,1.33813135,1.544940018,1.343214466,1.335731019,1.387096032,1.008153507,0,0.734603554,0.832967106,0.961821672,1.362953631,1.34165485,1.419154103,1.01169291,0,0.558384435,0.63253921,0.730672763,1.315587627,1.316959086,1.378536424,0.996830744,0,1.156664607,1.308923876,1.512619098,1.291059096,1.271329299,1.355929185,0.969962848,0,0.728653043,0.824570372,0.952890321,1.34772863,1.324854209,1.410092481,1.000682733,0,0.556066344,0.629264966,0.727191415,1.30935286,1.308322766,1.373414968,0.99162388,111
3,"2016-07-12",21,21.4,30,0.9,2.7,26.6,28.1,13,0,0,9,0,0,1,0,0,0,0,0,0,3,0,0,0,0,0,0,-76.01976683,45.65809525,4.845052381,1.164712743,0,1.183005936,1.342083896,1.549318415,1.281928238,1.282238631,1.316807533,0.9678316,0,0.73460721,0.832972255,0.961827153,1.369203256,1.349555163,1.426223334,1.018008765,0,0.558385842,0.632541196,0.730674875,1.292387556,1.297222392,1.354406025,0.982749749,0,1.156664607,1.308923876,1.512619098,1.215876999,1.201447601,1.27712101,0.920092414,0,0.728653043,0.824570372,0.952890321,1.354109809,1.332943927,1.417246581,1.007130195,0,0.556066344,0.629264966,0.727191415,1.285921285,1.28831308,1.349096127,0.977388092,112
4,"2016-08-08",21,21.5,30,0,0,21.9,23,34,0,0,27,0,0,7,0,0,0,0,0,0,0,0,0,0,0,0,0,-76.01976683,45.65809525,5.815718561,0.713417093,0,1.183005936,1.342083896,1.549318415,1.281928238,1.282238631,1.316807533,0.9678316,0,0.73460721,0.832972255,0.961827153,1.369203256,1.349555163,1.426223334,1.018008765,0,0.558385842,0.632541196,0.730674875,1.292387556,1.297222392,1.354406025,0.982749749,0,1.156664607,1.308923876,1.512619098,1.215876999,1.201447601,1.27712101,0.920092414,0,0.728653043,0.824570372,0.952890321,1.354109809,1.332943927,1.417246581,1.007130195,0,0.556066344,0.629264966,0.727191415,1.285921285,1.28831308,1.349096127,0.977388092,113
2,"2016-06-23",22,22.1,30,0.5,1.6,26.6,27.2,33,0,7,2,0,0,9,0,0,11,0,0,0,4,0,0,0,0,0,0,-76.22130025,44.41773383,0,3.312480329,0,0.713587304,0.816138721,0.938986901,1.148215538,1.222287604,1.187418013,0.926503729,0,0.725188818,0.82304472,0.950001145,0.997980509,1.07881001,1.050625426,0.832052612,0,0.55057447,0.62409198,0.720718085,0.853209838,0.943854298,0.905004275,0.727860986,0,0.639353636,0.723515905,0.836096046,1.069173058,1.137903809,1.140960392,0.877170341,0,0.716579756,0.810907799,0.937086249,0.956867071,1.041490801,1.027023884,0.808792766,0,0.546852702,0.618838472,0.71513065,0.815027752,0.903027838,0.876999309,0.70296161,114
3,"2016-07-20",22,22.1,30,0.4,1.1,23.6,23.9,23,0,0,12,0,0,11,0,0,0,0,0,0,0,0,0,0,0,0,0,-76.22130025,44.41773383,0,1.808158734,0,0.713587304,0.816138721,0.938986901,1.148215538,1.222287604,1.187418013,0.926503729,0,0.725188818,0.82304472,0.950001145,0.997980509,1.07881001,1.050625426,0.832052612,0,0.55057447,0.62409198,0.720718085,0.853209838,0.943854298,0.905004275,0.727860986,0,0.639353636,0.723515905,0.836096046,1.069173058,1.137903809,1.140960392,0.877170341,0,0.716579756,0.810907799,0.937086249,0.956867071,1.041490801,1.027023884,0.808792766,0,0.546852702,0.618838472,0.71513065,0.815027752,0.903027838,0.876999309,0.70296161,115
4,"2016-08-26",22,22.2,30,0.9,2,27.5,28.2,148,1,7,111,0,0,8,8,0,0,0,0,0,1,0,0,0,0,12,0,-76.22130025,44.41773383,0,1.549835615,0,0.713587304,0.816138721,0.938986901,1.148215538,1.222287604,1.187418013,0.926503729,0,0.725188818,0.82304472,0.950001145,0.997980509,1.07881001,1.050625426,0.832052612,0,0.55057447,0.62409198,0.720718085,0.853209838,0.943854298,0.905004275,0.727860986,0,0.639353636,0.723515905,0.836096046,1.069173058,1.137903809,1.140960392,0.877170341,0,0.716579756,0.810907799,0.937086249,0.956867071,1.041490801,1.027023884,0.808792766,0,0.546852702,0.618838472,0.71513065,0.815027752,0.903027838,0.876999309,0.70296161,116
1,"2016-05-31",22,22.3,30,0.3,0.9,26,26.1,0,0,0,0,0,0,0,0,0,0,0,0,0,0,0,0,0,0,0,0,-76.22161867,44.42357267,0,1.549835615,0,0.948317039,1.07389801,1.240636389,0.835337357,0.921988352,0.877090413,0.725642355,0,0.674029751,0.763502848,0.881958555,0.682927971,0.764638489,0.689289287,0.605856537,0,0.547072983,0.619731801,0.715863954,0.706112306,0.866120311,0.753534808,0.686193845,0,0.942544017,1.066617203,1.232584412,0.813640183,0.900504287,0.864487883,0.713886766,0,0.671373455,0.7597507,0.877969029,0.659503202,0.744854447,0.674573788,0.594172201,0,0.544779548,0.616492416,0.712419544,0.68503362,0.84685737,0.736955696,0.675652257,117
1,"2016-05-31",22,22.4,30,0.7,2.1,27.3,27.5,58,0,6,0,0,5,0,32,0,7,0,0,0,5,0,0,3,0,0,0,-76.220106,44.4213515,0,2.003709354,0,1.079176833,1.222964325,1.412423672,0.837163013,1.037715364,0.906718666,0.824108591,0,0.697910196,0.791587273,0.913921238,0.824933562,0.919021989,0.861677813,0.716467109,0,0.550283041,0.62368124,0.720280968,0.768620542,0.885164672,0.816005455,0.690978932,0,1.065738929,1.206029061,1.393688961,0.768673231,0.985509751,0.87047297,0.796322654,0,0.691435953,0.782454154,0.904205174,0.782473376,0.88294057,0.837023088,0.694500501,0,0.546852702,0.618838472,0.71513065,0.741609979,0.857042338,0.794561816,0.675158929,118
2,"2016-06-24",22,22.5,30,0.3,0.7,20.1,20.6,19,0,0,19,0,0,0,0,0,0,0,0,0,0,0,0,0,0,0,0,-76.22079048,44.41671249,3.814397691,1.044982721,0,0.711081988,0.813042401,0.935533745,1.114683054,1.212604536,1.160216872,0.923470122,0,0.427972453,0.490922993,0.56426357,1.006905834,1.070073904,1.054576424,0.818573176,0,0.5504753,0.623952221,0.720569346,0.889628799,0.961758464,0.938434191,0.737784615,0,0.639353636,0.723515905,0.836096046,1.033627944,1.130161478,1.113312693,0.875744661,0,0.402767552,0.455786459,0.526707504,0.964431348,1.029777422,1.029722004,0.79284788,0,0.546852702,0.618838472,0.71513065,0.849599848,0.917462773,0.909333973,0.710069663,119
3,"2016-07-20",22,22.6,30,0.3,1.1,20.3,20.5,57,0,0,0,0,0,4,0,0,0,0,0,0,1,0,0,0,52,0,0,-76.22076308,44.42140375,4.883705724,1.254336369,0,1.076599148,1.219719461,1.40883232,0.842776713,1.007649222,0.90288837,0.799317895,0,0.69704218,0.790602108,0.912784119,0.842473289,0.930246841,0.877925682,0.72418479,0,0.55026827,0.623660419,0.720258811,0.778812036,0.930212528,0.837433898,0.730501888,0,1.065738929,1.206029061,1.393688961,0.789306458,0.963294394,0.873642742,0.775601991,0,0.690578305,0.781483609,0.90308361,0.802073494,0.89523212,0.854312931,0.702795918,0,0.546852702,0.618838472,0.71513065,0.752659079,0.904976928,0.817205202,0.716460794,120
3,"2016-07-20",23,23.1,30,0.9,3,31,31.7,83,1,0,18,0,0,37,3,0,0,0,7,0,2,15,0,0,0,0,0,-75.8785025,44.7734175,0,3.60731042,0,0.256217588,0.300681658,0.342382008,1.115144474,1.154453504,1.148798125,0.875894853,0,0.136804016,0.166742608,0.187388117,1.09087997,1.169041375,1.149525097,0.900031812,0,0.094574377,0.115271311,0.129543817,1.019965834,1.159976585,1.093596233,0.903682474,0,0,0,0,1.052517764,1.084679165,1.107879986,0.828729007,0,0,0,0,1.071999814,1.150257735,1.137726695,0.887519956,0,0,0,0,1.005423327,1.146063476,1.083844861,0.894827956,121
4,"2016-08-19",23,23.1,30,0.6,1.5,30.6,32.5,48,3,0,5,0,0,14,0,0,10,0,0,0,3,12,1,0,0,0,0,-75.8785025,44.7734175,0,3.60731042,0,0.256217588,0.300681658,0.342382008,1.115144474,1.154453504,1.148798125,0.875894853,0,0.136804016,0.166742608,0.187388117,1.09087997,1.169041375,1.149525097,0.900031812,0,0.094574377,0.115271311,0.129543817,1.019965834,1.159976585,1.093596233,0.903682474,0,0,0,0,1.052517764,1.084679165,1.107879986,0.828729007,0,0,0,0,1.071999814,1.150257735,1.137726695,0.887519956,0,0,0,0,1.005423327,1.146063476,1.083844861,0.894827956,122
1,"2016-05-31",23,23.2,30,0.6,2.1,26.3,30.1,5,0,0,0,0,0,0,0,0,0,0,0,0,5,0,0,0,0,0,0,-75.87865608,44.77276258,0,0.613136064,0,0.23842429,0.279800506,0.318604932,0.981813652,1.019877542,0.991668554,0.774707895,0,0.134352404,0.163754478,0.184030006,1.071124435,1.145007066,1.12552202,0.881463284,0,0.09534126,0.116206021,0.130594259,1.013958666,1.139474244,1.081958888,0.885857772,0,0,0,0,0.90156027,0.931038746,0.937268178,0.714617465,0,0,0,0,1.051879581,1.125739399,1.113413639,0.868615874,0,0,0,0,0.998307051,1.124159629,1.071390721,0.87605596,123
2,"2016-06-23",23,23.2,30,0.5,2.1,22.3,24,2,1,0,0,0,0,0,0,0,0,0,0,0,1,0,0,0,0,0,0,-75.87865608,44.77276258,0,0.613136064,0,0.23842429,0.279800506,0.318604932,0.981813652,1.019877542,0.991668554,0.774707895,0,0.134352404,0.163754478,0.184030006,1.071124435,1.145007066,1.12552202,0.881463284,0,0.09534126,0.116206021,0.130594259,1.013958666,1.139474244,1.081958888,0.885857772,0,0,0,0,0.90156027,0.931038746,0.937268178,0.714617465,0,0,0,0,1.051879581,1.125739399,1.113413639,0.868615874,0,0,0,0,0.998307051,1.124159629,1.071390721,0.87605596,124
1,"2016-05-30",24,24.1,30,0.7,3,26.2,27.5,8,1,0,0,0,1,0,0,0,4,0,0,0,2,0,0,0,0,0,0,-75.952388,45.16800758,0,0.293639854,0,1.365426878,1.663589918,1.869814601,1.16880136,1.152694845,1.214580815,0.892321355,0,0.861925311,1.050551573,1.180627331,1.093380085,1.083931541,1.118790555,0.823424175,0,0.656514543,0.800188111,0.899264707,1.055657264,1.055144642,1.076602032,0.797021517,0,1.360438218,1.658160507,1.863468356,1.149080128,1.128059219,1.202834144,0.878368265,0,0.85750771,1.045167212,1.174576296,1.049294081,1.033471291,1.090529338,0.789661127,0,0.654400859,0.797611863,0.896369477,0.999008711,0.984506105,1.035583185,0.748980467,125
4,"2016-08-17",24,24.1,30,0.3,1.3,25.6,26,47,0,0,0,0,0,43,0,0,2,0,0,0,2,0,0,0,0,0,0,-75.952388,45.16800758,0,0.293639854,0,1.365426878,1.663589918,1.869814601,1.16880136,1.152694845,1.214580815,0.892321355,0,0.861925311,1.050551573,1.180627331,1.093380085,1.083931541,1.118790555,0.823424175,0,0.656514543,0.800188111,0.899264707,1.055657264,1.055144642,1.076602032,0.797021517,0,1.360438218,1.658160507,1.863468356,1.149080128,1.128059219,1.202834144,0.878368265,0,0.85750771,1.045167212,1.174576296,1.049294081,1.033471291,1.090529338,0.789661127,0,0.654400859,0.797611863,0.896369477,0.999008711,0.984506105,1.035583185,0.748980467,126
2,"2016-06-22",24,24.2,30,1.1,3.7,19.4,20,4,0,0,0,0,0,0,0,0,4,0,0,0,0,0,0,0,0,0,0,-75.95339083,45.17010008,0,1.314458551,0,1.362839308,1.660873801,1.866597711,0.922583047,0.898232323,0.950342611,0.719361072,0,0.859460413,1.047547251,1.177251023,1.045231163,1.013408913,1.070227026,0.771535083,0,0.656194681,0.799798249,0.898826575,1.101963779,1.098375362,1.133767462,0.831613994,0,1.361208642,1.659099532,1.864523648,0.912309922,0.88507773,0.944098676,0.712394411,0,0.85750771,1.045167212,1.174576296,1.033336874,0.999846555,1.062890178,0.762805706,0,0.654400859,0.797611863,0.896369477,1.069760158,1.057720374,1.11028131,0.804370974,127
3,"2016-07-17",24,24.3,30,0.6,2.1,23.3,25,135,3,68,7,0,0,2,0,0,0,0,2,0,52,1,0,0,0,0,0,-75.95142808,45.16725383,0,2.025460039,0,0.870718454,1.059281692,1.191185793,1.304480795,1.286340918,1.354979654,0.970713819,0,0.862701267,1.051497343,1.181690202,1.126214458,1.120975145,1.156327148,0.850315738,0,0.656551082,0.800232646,0.899314757,1.053526851,1.057065112,1.07622453,0.798475137,0,0.855295352,1.042470696,1.171545906,1.284891975,1.26187679,1.343292056,0.956107125,0,0.85750771,1.045167212,1.174576296,1.077397433,1.065570287,1.125301271,0.813150223,0,0.654400859,0.797611863,0.896369477,0.993451263,0.982823628,1.033003629,0.747934002,128
4,"2016-08-17",24,24.4,30,0.7,2,29,30.5,32,0,0,1,0,0,23,0,0,0,0,0,0,0,0,0,0,8,0,0,-75.953254,45.16947433,5.499770965,1.186192672,0,1.363820535,1.661941658,1.867845915,0.99146928,0.971157176,1.025074204,0.767523459,0,0.859726699,1.04787181,1.177615768,1.043364313,1.014270212,1.066765213,0.772110318,0,0.656345678,0.799982291,0.899033404,1.087142696,1.083228087,1.114608679,0.819312584,0,1.361208642,1.659099532,1.864523648,0.977164063,0.953046813,1.016456112,0.757683221,0,0.85750771,1.045167212,1.174576296,1.026099702,0.9942276,1.055845142,0.758963366,0,0.654400859,0.797611863,0.896369477,1.046984452,1.032642345,1.085384476,0.785204817,129
2,"2016-06-29",25,25.1,30,0.9,3.1,21.5,21.8,8,0,0,0,0,0,0,0,0,8,0,0,0,0,0,0,0,0,0,0,-76.9992138,45.63743254,0,0.87075944,0,1.015396782,1.149060493,1.327858014,1.100736965,1.203181913,1.180878946,0.938606653,0,0.90456098,1.023725343,1.182976882,1.045032005,1.126301704,1.112475334,0.875839084,0,0.690464517,0.781468175,0.903013663,1.114551291,1.179579884,1.185798444,0.907862458,0,1.015393383,1.149056203,1.327853272,1.100728698,1.203173544,1.180874292,0.938601958,0,0.904238017,1.023268735,1.182491562,1.042903768,1.124345843,1.111258816,0.874632266,0,0.690062758,0.780900197,0.902409955,1.112247195,1.176728734,1.183961613,0.906198635,130
4,"2016-08-23",25,25.2,30,1.3,3.9,23.4,25,5,0,0,0,0,2,3,0,0,0,0,0,0,0,0,0,0,0,0,0,-76.9992138,45.63743254,0,1.774688637,0,1.015396782,1.149060493,1.327858014,1.100736965,1.203181913,1.180878946,0.938606653,0,0.90456098,1.023725343,1.182976882,1.045032005,1.126301704,1.112475334,0.875839084,0,0.690464517,0.781468175,0.903013663,1.114551291,1.179579884,1.185798444,0.907862458,0,1.015393383,1.149056203,1.327853272,1.100728698,1.203173544,1.180874292,0.938601958,0,0.904238017,1.023268735,1.182491562,1.042903768,1.124345843,1.111258816,0.874632266,0,0.690062758,0.780900197,0.902409955,1.112247195,1.176728734,1.183961613,0.906198635,131
1,"2016-06-03",25,25.3,30,0,0,27,27.4,87,0,63,0,0,0,18,0,0,0,0,0,0,6,0,0,0,0,0,0,-76.99731575,45.638287,0,3.751051713,0,0,0,0,0.8784591,1.003306218,0.931009054,0.786852495,0,0.886503824,1.003403677,1.159440921,1.087305197,1.151598005,1.152951981,0.890720671,0,0.690514217,0.781538427,0.903088339,1.117582769,1.19352153,1.192372279,0.920147807,0,0,0,0,0.8784591,1.003306218,0.931009054,0.786852495,0,0.88578186,1.002383074,1.158356091,1.083078207,1.147575846,1.15051883,0.888212931,0,0.690062758,0.780900197,0.902409955,1.115006869,1.190391213,1.190330434,0.918327352,132
2,"2016-06-29",25,25.4,30,1.6,3,20.7,20.8,10,0,0,0,0,0,0,0,0,2,0,0,0,8,0,0,0,0,0,0,-77.00133477,45.63567963,0,0.910368342,0,1.435550663,1.624542676,1.877314786,1.10567074,1.214316227,1.203633592,0.95951554,0,0.904347291,1.023423237,1.182655775,1.024370771,1.102388708,1.095179411,0.856561714,0,0.690266009,0.781187559,0.902715385,1.095256868,1.14248629,1.156617372,0.878009423,0,1.435388379,1.624337867,1.877088349,1.104888297,1.21353167,1.203205974,0.959086672,0,0.904238017,1.023268735,1.182491562,1.023622501,1.101698856,1.094755102,0.85613528,0,0.690062758,0.780900197,0.902409955,1.094051303,1.140950796,1.155641604,0.877110465,133
3,"2016-07-21",25,25.5,30,1.3,3.8,31.3,32.9,2,0,0,0,0,2,0,0,0,0,0,0,0,0,0,0,0,0,0,0,-77.00133477,45.63567963,0,0.959505428,0,1.435550663,1.624542676,1.877314786,1.10567074,1.214316227,1.203633592,0.95951554,0,0.904347291,1.023423237,1.182655775,1.024370771,1.102388708,1.095179411,0.856561714,0,0.690266009,0.781187559,0.902715385,1.095256868,1.14248629,1.156617372,0.878009423,0,1.435388379,1.624337867,1.877088349,1.104888297,1.21353167,1.203205974,0.959086672,0,0.904238017,1.023268735,1.182491562,1.023622501,1.101698856,1.094755102,0.85613528,0,0.690062758,0.780900197,0.902409955,1.094051303,1.140950796,1.155641604,0.877110465,134
3,"2016-07-21",25,25.6,30,0.4,0.9,22.6,23.3,2,0,0,0,0,0,2,0,0,0,0,0,0,0,0,0,0,0,0,0,-77.00101131,45.63544592,4.070236135,0.877870062,0,1.435550663,1.624542676,1.877314786,1.172159938,1.582915101,1.377925182,1.270539697,0,0.904319435,1.023383853,1.182613915,1.029486119,1.101292285,1.09910351,0.854645326,0,0.690268722,0.781191394,0.902719462,1.085491432,1.135256995,1.146690182,0.873114043,0,1.435388379,1.624337867,1.877088349,1.171463823,1.582453551,1.377598939,1.270295162,0,0.904238017,1.023268735,1.182491562,1.028934246,1.10077736,1.098789658,0.854326219,0,0.690062758,0.780900197,0.902409955,1.084247635,1.133681048,1.145684156,0.872192809,135
4,"2016-08-23",25,25.7,30,1.3,2.6,23.3,24.4,42,0,0,0,0,0,42,0,0,0,0,0,0,0,0,0,0,0,0,0,-77.00101131,45.63544592,2.276980623,0.491100038,0,1.435550663,1.624542676,1.877314786,1.172159938,1.582915101,1.377925182,1.270539697,0,0.904319435,1.023383853,1.182613915,1.029486119,1.101292285,1.09910351,0.854645326,0,0.690268722,0.781191394,0.902719462,1.085491432,1.135256995,1.146690182,0.873114043,0,1.435388379,1.624337867,1.877088349,1.171463823,1.582453551,1.377598939,1.270295162,0,0.904238017,1.023268735,1.182491562,1.028934246,1.10077736,1.098789658,0.854326219,0,0.690062758,0.780900197,0.902409955,1.084247635,1.133681048,1.145684156,0.872192809,136
1,"2016-05-24",26,26.1,30,0,0,26.7,28.7,322,3,7,240,0,0,66,0,0,0,0,0,0,6,0,0,0,0,0,0,-75.30548478,45.58963091,0,3.959630625,0,0,0,0,2.173594341,0.827815407,0.866881102,0.627089589,0,0.834678025,1.017341412,1.143305199,1.692394897,0.967592422,1.017567113,0.736530161,0,0.636978437,0.776376666,0.87250501,1.383588242,0.95686998,0.987232807,0.723617604,0,0,0,0,2.173594341,0.827815407,0.866881102,0.627089589,0,0.834566089,1.01720498,1.143151874,1.69046553,0.960651728,1.013739686,0.731713518,0,0.63693933,0.776329001,0.872451443,1.365794064,0.911222038,0.96151964,0.691346174,137
1,"2016-05-24",26,26.2,30,0.5,0.8,30,34.1,105,0,0,102,0,0,0,0,0,0,0,0,0,3,0,0,0,0,0,0,-75.30705324,45.58858046,0,0.32190789,0,0.865474752,1.054877784,1.185489199,2.254709438,0.448250089,0.314089753,0.35149655,0,0.834626634,1.017278774,1.143234806,1.659369881,0.853134721,0.895047258,0.653045149,0,0.63698559,0.776385384,0.872514807,1.378545011,0.94300456,0.975902351,0.714521888,0,0.865474752,1.054877784,1.185489199,2.254709438,0.448250089,0.314089753,0.35149655,0,0.834626634,1.017278774,1.143234806,1.658860722,0.850850377,0.893777504,0.651462405,0,0.63693933,0.776329001,0.872451443,1.36603147,0.910479287,0.95757506,0.691620516,138
1,"2016-05-24",26,26.3,30,0.4,1.1,28.1,28.9,1,0,0,0,0,0,1,0,0,0,0,0,0,0,0,0,0,0,0,0,-75.30735507,45.58797606,0,1.873843983,0,1.069579552,1.303649477,1.465062964,2.181005579,0.451791038,0.333378557,0.3893055,0,0.834626634,1.017278774,1.143234806,1.649789198,0.814276977,0.853450678,0.6249317,0,0.636991769,0.776392916,0.872523272,1.373656213,0.935386438,0.965734709,0.710144885,0,1.069579552,1.303649477,1.465062964,2.181005579,0.451791038,0.333378557,0.3893055,0,0.834626634,1.017278774,1.143234806,1.649750216,0.814087619,0.853345097,0.624801154,0,0.63693933,0.776329001,0.872451443,1.363063478,0.907680637,0.95000642,0.690724036,139
2,"2016-06-18",26,26.4,30,0.4,1.2,28.1,30.3,113,2,34,56,0,7,5,0,0,5,0,0,0,4,0,0,0,0,0,0,-75.30655283,45.5864045,0,2.316157908,0,1.324887197,1.614829397,1.814772133,1.959226451,0.547635526,0.499186855,0.491400542,0,0.834647517,1.017304228,1.14326341,1.651560993,0.820174901,0.857043098,0.629923936,0,0.637174052,0.776615091,0.872772955,1.387891384,0.965380626,0.995149182,0.731609445,0,1.324887197,1.614829397,1.814772133,1.959226451,0.547635526,0.499186855,0.491400542,0,0.834626634,1.017278774,1.143234806,1.651514162,0.819972085,0.856930329,0.629795609,0,0.63693933,0.776329001,0.872451443,1.373552797,0.929017527,0.974461614,0.706204806,140
3,"2016-07-13",26,26.5,30,0.4,1.2,25.1,30,14,0,0,9,0,0,0,0,0,0,0,0,0,2,0,0,0,3,0,0,-75.30687925,45.58648108,3.4018999,0.733723051,0,1.315674412,1.603600458,1.802152865,1.946377662,0.479827898,0.389151222,0.455535038,0,0.834640373,1.017295519,1.143253624,1.647851002,0.801050353,0.839051156,0.615323741,0,0.637146454,0.776581452,0.872735152,1.385407323,0.961184673,0.988388792,0.728447514,0,1.315674412,1.603600458,1.802152865,1.946377662,0.479827898,0.389151222,0.455535038,0,0.834626634,1.017278774,1.143234806,1.647820055,0.80091049,0.838973756,0.61523527,0,0.63693933,0.776329001,0.872451443,1.369662318,0.920990622,0.965466711,0.700327145,141
4,"2016-08-09",26,26.6,30,0.6,1.8,20.1,20.6,72,0,0,27,0,0,1,0,0,0,0,0,0,0,0,0,0,44,0,0,-75.30660525,45.5860195,3.897364499,0.840585042,0,1.324887197,1.614829397,1.814772133,1.907930506,0.517653808,0.453839961,0.475901878,0,0.834659453,1.017318776,1.14327976,1.640067138,0.803234371,0.833248077,0.618915491,0,0.637250542,0.776708319,0.872877727,1.391022375,0.973428868,0.999876832,0.737215192,0,1.324887197,1.614829397,1.814772133,1.907930506,0.517653808,0.453839961,0.475901878,0,0.834626634,1.017278774,1.143234806,1.639992502,0.802901984,0.833060565,0.618706546,0,0.63693933,0.776329001,0.872451443,1.373397762,0.928985057,0.974491937,0.706163695,142
1,"2016-06-10",27,27.1,30,1.4,3.7,15.4,16.1,44,0,24,12,0,0,8,0,0,0,0,0,0,0,0,0,0,0,0,0,-76.47887142,45.529495,0,1.058122936,0,0.433711658,0.495311929,0.570213361,1.196640547,1.308608776,1.279191937,1.009606727,0,0.258702829,0.29532143,0.340088954,1.054054665,1.192297289,1.13180611,0.925936229,0,0.194655208,0.22150873,0.255406375,0.979736974,1.125761349,1.046779849,0.875074939,0,0.395573731,0.447645669,0.517299995,1.183396117,1.295224798,1.271722192,1.0019512,0,0.249195835,0.2819991,0.325878576,1.026755138,1.167632465,1.115163836,0.909604009,0,0.190172015,0.215205591,0.248691898,0.929289213,1.080665209,1.015015327,0.845228537,143
3,"2016-07-29",27,27.1,30,0.7,1.6,24,24.7,102,0,0,57,0,0,45,0,0,0,0,0,0,0,0,0,0,0,0,0,-76.47887142,45.529495,0,1.058122936,0,0.433711658,0.495311929,0.570213361,1.196640547,1.308608776,1.279191937,1.009606727,0,0.258702829,0.29532143,0.340088954,1.054054665,1.192297289,1.13180611,0.925936229,0,0.194655208,0.22150873,0.255406375,0.979736974,1.125761349,1.046779849,0.875074939,0,0.395573731,0.447645669,0.517299995,1.183396117,1.295224798,1.271722192,1.0019512,0,0.249195835,0.2819991,0.325878576,1.026755138,1.167632465,1.115163836,0.909604009,0,0.190172015,0.215205591,0.248691898,0.929289213,1.080665209,1.015015327,0.845228537,144
2,"2016-07-04",27,27.2,15,0.7,1.8,26.1,26.8,99,0,0,39,0,1,30,0,0,29,0,0,0,0,0,0,0,0,0,0,-76.4785255,45.52996933,0,4.195353387,0,0.433711658,0.495311929,0.570213361,1.256903365,1.34186771,1.337063725,1.029831107,0,0.258702829,0.29532143,0.340088954,1.102514758,1.233580208,1.179542777,0.955466113,0,0.194655208,0.22150873,0.255406375,0.999889054,1.149606988,1.069289663,0.893744721,0,0.395573731,0.447645669,0.517299995,1.244916945,1.329148529,1.330231605,1.022476567,0,0.249195835,0.2819991,0.325878576,1.069805485,1.203243903,1.159393432,0.935213257,0,0.190172015,0.215205591,0.248691898,0.949668564,1.104773395,1.03772706,0.86406603,145
3,"2016-07-29",27,27.3,30,0.6,1.2,22.8,24.3,151,0,0,0,0,0,1,0,0,0,0,0,0,0,0,0,0,150,0,0,-76.47697167,45.52969283,2.852036616,0.615128331,0,0.439781576,0.502824949,0.578587073,1.316296976,1.413330169,1.406193793,1.085054718,0,0.258702829,0.29532143,0.340088954,1.106501052,1.222506046,1.185688677,0.945787778,0,0.194655208,0.22150873,0.255406375,0.975306391,1.131529783,1.048271708,0.881842215,0,0.395573731,0.447645669,0.517299995,1.303436314,1.399840669,1.398926535,1.077260396,0,0.249195835,0.2819991,0.325878576,1.090379738,1.207335131,1.175872233,0.93572645,0,0.190172015,0.215205591,0.248691898,0.934934836,1.095997024,1.022970593,0.858475493,146
4,"2016-08-30",27,27.4,15,0.3,0.8,16.8,17.5,27,0,0,0,0,0,26,0,0,0,0,0,0,0,0,0,0,1,0,0,-76.47697167,45.52969283,6.11791468,1.319514141,0,0.439781576,0.502824949,0.578587073,1.316296976,1.413330169,1.406193793,1.085054718,0,0.258702829,0.29532143,0.340088954,1.106501052,1.222506046,1.185688677,0.945787778,0,0.194655208,0.22150873,0.255406375,0.975306391,1.131529783,1.048271708,0.881842215,0,0.395573731,0.447645669,0.517299995,1.303436314,1.399840669,1.398926535,1.077260396,0,0.249195835,0.2819991,0.325878576,1.090379738,1.207335131,1.175872233,0.93572645,0,0.190172015,0.215205591,0.248691898,0.934934836,1.095997024,1.022970593,0.858475493,147
