Species,total,years
Agapostemon sericeus(Förster),4,2010
Agapostemon texanus Cresson,2,"2010, 2013"
Agapostemon virescens (Fabricius),2,2013
Andrena carlini Cockerell,471,"2010, 2012, 2013"
Andrena commoda Smith,40,"2010, 2012, 2013"
Andrena crataegi Robertson,15,"2010, 2012, 2013"
Andrena cressonii Robertson,317,"2010, 2012, 2013"
Andrena distans Provancher,4,2013
Andrena dunningi Cockerell,235,"2010, 2012, 2013"
Andrena erythrogaster (Ashmead),43,"2010, 2012"
Andrena erythronii Robertson,5,"2012, 2013"
Andrena forbesii Roberston,101,"2010, 2012, 2013"
Andrena frigida Smith,3,"2010, 2012"
Andrena hippotes Robertson,242,"2010, 2012, 2013"
Andrena illini Bouseman and LaBerge,18,"2010, 2012"
Andrena imitatrix Cresson,380,"2010, 2012, 2013"
Andrena mandibularis Robertson,68,"2010, 2012, 2013"
Andrena mariae Robertson,7,"2010, 2012"
Andrena milwaukeensis Graenicher,18,"2010, 2012"
Andrena miserabilis Cresson,373,"2010, 2012, 2013"
Andrena nasonii Robertson,4076,"2010, 2012, 2013"
Andrena nigrae Robertson,4,"2010, 2013"
Andrena nivalis Smith,1,2012
Andrena perplexa Smith,258,"2010, 2012, 2013"
Andrena robertsonii Dalla Torre,3,2013
Andrena rufosignata Cockerell,7,"2010, 2012, 2013"
Andrena rugosa Robertson,45,"2010, 2012, 2013"
Andrena tridens Robertson,1,2012
Andrena vicina Smith,28,"2010, 2012, 2013"
Augochlora pura (Say),1,2012
Augochlorella aurata  (Smith),6,"2010, 2013"
Bombus auricomus (Robertson),2,"2010, 2013"
Bombus bimaculatus Cresson,12,"2010, 2012, 2013"
Bombus fervidus (Fabricius),16,"2010, 2012, 2013"
Bombus griseocollis (DeGeer),9,2010
Bombus impatiens Cresson,13,"2010, 2012, 2013"
Bombus vagans Smith,1,2013
Ceratina calcarata Robertson ,3,"2010, 2013"
Ceratina dupla Say,3,"2010, 2013"
Ceratina mikmaqi Rehan and Sheffield,2,"2012, 2013"
Colletes inaequalis Say,20,"2010, 2012"
Halictus confusus Smith,58,"2010, 2012, 2013"
Halictus ligatus Say,2,"2010, 2013"
Halictus rubicundus (Christ),29,"2010, 2012, 2013"
Lasioglossum admirandum (Sandhouse),18,"2010, 2012, 2013"
Lasioglossum albipenne (Robertson),1,2013
Lasioglossum anomalum (Robertson),30,"2010, 2012, 2013"
Lasioglossum atwoodi Gibbs,1,2012
Lasioglossum bruneri (Crawford),3,"2010, 2012"
Lasioglossum cattellae (Ellis),5,2010
Lasioglossum cinctipes (Provancher),29,"2010, 2012, 2013"
Lasioglossum coeruleum (Robertson),3,"2010, 2013"
Lasioglossum coriaceum (Smith),10,"2010, 2012"
Lasioglossum cressonii (Robertson),17,"2010, 2012, 2013"
Lasioglossum ellisiae (Sandhouse),2,2010
Lasioglossum cf. ephialtum Gibbsa,2,2012
Lasioglossum foxii (Robertson),5,"2010, 2012"
Lasioglossum hitchensi Gibbs,325,"2010, 2012, 2013"
Lasioglossum illinoense (Robertson),11,"2010, 2012, 2013"
Lasioglossum imitatum (Smith),3,"2010, 2012, 2013"
Lasioglossum katherineae Gibbs,1,2012
Lasioglossum laevissimum (Smith),21,"2010, 2012, 2013"
Lasioglossum nigroviride (Graenicher),28,"2010, 2012, 2013"
Lasioglossum obscurum (Robertson),2,"2010, 2013"
Lasioglossum paradmirandum (Knerer and Atwood),48,"2010, 2012, 2013"
Lasioglossum paraforbesii McGinley,5,"2010, 2012"
Lasioglossum pectorale (Smith),2,"2012, 2013"
Lasioglossum perpunctatum (Ellis),8,"2010, 2012"
Lasioglossum pilosum (Smith),4,"2010, 2013"
Lasioglossum planatum (Lovell),1,2010
Lasioglossum platyparium (Robertson),1,2013
Lasioglossum pruinosum (Robertson),12,"2010, 2013"
Lasioglossum quebecense (Crawford),18,"2010, 2012, 2013"
Lasioglossum smilacinae (Robertson),51,"2010, 2012"
Lasioglossum subviridatum (Cockerell),4,2010
Lasioglossum truncatum (Robertson),5,"2010, 2012, 2013"
Lasioglossum versans (Lovell),2,"2010, 2013"
Lasioglossum versatum (Robertson),192,"2010, 2012, 2013"
Lasioglossum weemsi (Mitchell),22,"2010, 2012"
Lasioglossum zephyrum (Smith),11,"2010, 2012, 2013"
Lasioglossum zonulum (Smith),20,"2010, 2013"
Megachile centuncularis (Linneaus),1,2010
Osmia atriventris Cresson,1,2010
Osmia lignaria Say,8,"2010, 2012"
Osmia pumila Cresson,4,2010