Flower species,woodland_p1,woodland_p2,woodland_p3,orchard_p1,orchard_p2,orchard_p3,grassland_p1,grassland_p2,grassland_p3,crop_p1,crop_p2,crop_p3
Alliaria petiolata (M.Bieb) Cavara & Grande,0,98,0,0,0,0,0,0,0,0,0,0
Amelanchier spp. ,0,2000,0,0,0,0,0,0,0,0,0,0
Anemone nemorosa L. ,0,39,0,0,0,0,0,0,0,0,0,0
Barbarea vulgaris R.Br.,0,12,0,0,0,0,0,30,0,0,0,0
Claytonia virginica L. ,0,34,0,0,0,0,0,0,0,0,0,0
Daucus carota L. ,0,0,0,0,0,1,0,0,12,0,0,0
Drymocallis arguta (Pursh) Rydb.,0,0,2,0,0,0,0,0,20,0,0,0
Galium aparine L. ,0,72,0,0,0,0,0,22,0,0,0,0
Geranium maculatum L. ,0,3,2,0,0,0,0,0,0,0,0,0
Hieracium spp. ,0,0,0,0,0,515,0,0,289,0,0,0
Hydrophyllum virginianum L. ,0,0,15,0,0,0,0,0,0,0,0,0
Leucanthemum vulgare Lam. ,0,0,0,0,0,0,0,0,3,0,0,0
Maianthemum racemosum (L.) Link,0,3,5,0,0,0,0,0,0,0,0,0
Malus domestica Borkh. ,0,0,0,0,7420,0,0,0,0,0,0,0
Myrrhis odorata (L.) Scop.,0,0,38,0,0,0,0,0,0,0,0,0
Podophyllum peltatum L. ,0,14,0,0,0,0,0,0,0,0,0,0
Ranunculus hispidus Michx. ,0,0,0,0,0,0,0,0,2,0,0,0
Rhamnus cathartica L. ,0,1000,0,0,0,0,0,0,0,0,0,0
Rubus idaeus L. ,0,0,0,0,0,15,0,0,0,0,0,0
Sedum acre L. ,0,4,0,0,0,0,0,0,0,0,0,0
Silene vulgaris (Moench) Garcke,0,0,7,0,0,0,0,0,14,0,0,0
Smilax spp. ,0,5,0,0,0,0,0,0,0,0,0,0
Taraxacum officinale F.H. Wigg,0,34,0,0,1113,11,0,109,0,0,32,0
Thaspium trifoliatum (L.),0,0,35,0,0,0,0,0,0,0,0,0
Trifolium dubium Sibth.,0,0,0,0,0,10,0,0,12,0,0,0
Trifolium pratense L. ,0,0,0,0,0,39,0,0,0,0,0,0
Trifolium repens L. ,0,0,0,0,0,26,0,0,0,0,0,0
Trillium grandiflorum Schreb. ,0,5,0,0,0,0,0,0,0,0,0,0
Viola sororia Wild. ,0,84,0,0,0,0,0,0,0,0,0,0
Unknown species 1,0,1,0,0,0,0,0,0,0,0,0,0