species,woodland1,woodland2,woodland3,woodland4,woodland5
Acer negundo L. ,1,0,2,0,1
Acer saccharum Marshall,0,11,0,1,0
Carya ovata (Mill.) K. Koch,5,0,2,0,11
Fraxinus pennsylvanica Marshall ,0,1,1,7,0
Ostrya virginiana (Mill.) K. Koch,5,0,0,0,0
Populus spp.,0,0,0,1,0
Prunus serotina Ehrh.,1,0,9,4,1
Quercus alba L. ,2,1,1,0,0
Quercus ellipsoidalis E.J. Hill,1,0,0,0,0
Quercus macrocarpa Michx.,1,1,3,0,2
Quercus rubra L. ,2,1,1,3,0
Tilia americana L. ,2,4,0,4,0
Ulmus americana L. ,0,0,1,0,5