"","landscape","snh","mfc.flower","ab.pol.wildbees.snh","ab.pol.hoverflies.snh","av.flow.richness","log.av.flow.cov","round"
"2","L8",2.904066857,"no",7,7.5,10,1.72230478687433,"1"
"3","L8",2.904066857,"yes",36,2,9.33333333333333,1.60954105281728,"2"
"4","L8",2.904066857,"yes",9.5,0,5,0.0266694283375187,"3"
"5","L8",2.904066857,"yes",28,7,6.66666666666667,0.262846442039847,"4"
"6","L8",2.904066857,"yes",20,2,5.75,0.651923805168296,"5"
"7","L8",2.904066857,"yes",12,4.5,4.66666666666667,0.473243599656461,"6"
"8","L8",2.904066857,"yes",10,0,4.5,-0.241592807812114,"7"
"9","L8",2.904066857,"yes",9,7.5,6,-0.285390861356806,"8"
"10","L3",24.61517429,"no",14.5,0,5.5,1.72946178011813,"1"
"11","L3",24.61517429,"no",11,2,9,1.5066403055665,"2"
"12","L3",24.61517429,"no",47.5,2,11,1.58282063334229,"3"
"13","L3",24.61517429,"no",27,7.5,16,1.13914415056205,"4"
"14","L3",24.61517429,"no",17.5,48,16.5,1.07273993375228,"5"
"15","L3",24.61517429,"no",9.5,7,10,0.636487896353365,"6"
"16","L3",24.61517429,"no",1.5,0,14,-0.234083206033368,"7"
"17","L3",24.61517429,"no",0.5,1,9,-0.823908740944319,"8"
"18","L11",8.645940571,"no",24,2.33333333333333,4.66666666666667,0.670658092765165,"1"
"19","L11",8.645940571,"yes",29.3333333333333,3,4.25,0.78358599645646,"2"
"20","L11",8.645940571,"yes",5,1.66666666666667,7,0.124214308613968,"3"
"21","L11",8.645940571,"yes",49.3333333333333,3,7.4,0.383416381586817,"4"
"22","L11",8.645940571,"yes",17,11,9,1.09540184312998,"5"
"23","L11",8.645940571,"yes",9,21.3333333333333,11.75,0.133183947596961,"6"
"24","L11",8.645940571,"yes",26,11,8,-0.411417082480145,"7"
"25","L11",8.645940571,"yes",10.6666666666667,7,9.2,-0.407699845961194,"8"
"26","L21",48.59721371,"no",12,0,15,0.772566173085639,"1"
"27","L21",48.59721371,"yes",24.6666666666667,1,8.5,0.682245386914041,"2"
"28","L21",48.59721371,"yes",8.66666666666667,0,11.75,0.390346233139389,"3"
"29","L21",48.59721371,"no",8.33333333333333,2,20.3333333333333,0.254198846999243,"4"
"30","L21",48.59721371,"no",13.3333333333333,3,21.6666666666667,0.230448921378274,"5"
"31","L21",48.59721371,"no",11.6666666666667,10.3333333333333,18.6666666666667,0.45178643552429,"6"
"32","L21",48.59721371,"yes",5.66666666666667,16,14.5,-0.268500770837061,"7"
"33","L21",48.59721371,"yes",5.66666666666667,3.5,13,-0.42919770240248,"8"
"34","L10",0.35,"no",15,3.5,8,1.28936595152003,"1"
"35","L10",0.35,"yes",26,1.5,7.25,1.24341014165371,"2"
"36","L10",0.35,"yes",52,7,12,0.758911892397974,"3"
"37","L10",0.35,"yes",17,7,7,1.36748016490668,"4"
"38","L10",0.35,"no",28,14.5,8.5,1.50832767454712,"5"
"39","L10",0.35,"yes",14,3.5,4.25,0.882714227620226,"6"
"40","L10",0.35,"yes",12.5,9,6.75,-0.542622803476095,"7"
"41","L10",0.35,"yes",2,1.5,5,-0.795880017344075,"8"
"42","L4",3.935394857,"no",9.66666666666667,0,7,1.20124535270196,"1"
"43","L4",3.935394857,"no",11.6666666666667,1,10.3333333333333,0.164022216650154,"2"
"44","L4",3.935394857,"no",13,0.5,14.5,0.20682587603185,"3"
"45","L4",3.935394857,"no",4,16.5,16,0.662600450095542,"4"
"46","L4",3.935394857,"no",16,2.5,26,0.285557309007774,"5"
"47","L4",3.935394857,"no",17.5,8.5,22.5,-0.200659450546418,"6"
"48","L4",3.935394857,"no",19,3,13.5,-0.0757207139381183,"7"
"49","L4",3.935394857,"no",6,0,13.5,-0.215858385927169,"8"
"50","L15",32.20574914,"no",17,3,8.5,0.218360421770535,"1"
"51","L15",32.20574914,"no",11.6666666666667,2,11.3333333333333,0.866352987105165,"2"
"52","L15",32.20574914,"no",43,1,14.6666666666667,0.840872476191038,"3"
"53","L15",32.20574914,"no",19,6.66666666666667,17.6666666666667,0.376374157855113,"4"
"54","L15",32.20574914,"no",34.6666666666667,26.3333333333333,17.6666666666667,0.479847128978566,"5"
"55","L15",32.20574914,"no",23.3333333333333,8,14.3333333333333,0.414230329001037,"6"
"56","L15",32.20574914,"yes",9.33333333333333,18.6666666666667,12,-0.104209251749556,"7"
"57","L15",32.20574914,"yes",12,9.66666666666667,11.5,-0.431798275933005,"8"
"58","L20",25.63602457,"no",22,3,3,1.48505859818911,"1"
"59","L20",25.63602457,"yes",13.3333333333333,1,8.5,0.556302500767287,"2"
"60","L20",25.63602457,"no",20.3333333333333,2,13.6666666666667,0.434391459912464,"3"
"61","L20",25.63602457,"yes",10,4.66666666666667,9.75,0.565978926442635,"4"
"62","L20",25.63602457,"yes",9.66666666666667,3.66666666666667,11.25,0.393867559040913,"5"
"63","L20",25.63602457,"no",7,8.33333333333333,13.6666666666667,0.13917917572291,"6"
"64","L20",25.63602457,"yes",2.33333333333333,12.6666666666667,11,-0.373317533763706,"7"
"65","L20",25.63602457,"yes",19,4.33333333333333,10.25,-0.11288303898447,"8"
"66","L24",8.280314857,"no",19,2,7,0.975891136401793,"1"
"67","L24",8.280314857,"yes",7,1,5.66666666666667,-0.0362121726544447,"2"
"68","L24",8.280314857,"yes",17.5,1.5,5,0.501059262217751,"3"
"69","L24",8.280314857,"no",22.5,4.5,12,0.330075405991285,"4"
"70","L24",8.280314857,"yes",10,8,11,0.208620483882601,"5"
"71","L24",8.280314857,"yes",11.5,48,9.5,0.0785776399992389,"6"
"72","L24",8.280314857,"yes",13.5,31,10.3333333333333,0.0459745835329053,"7"
"73","L24",8.280314857,"yes",9,6,10,0.258078293702651,"8"
"74","L5",12.02769086,"no",15,1,7,-0.00729923874149942,"1"
"75","L5",12.02769086,"yes",13,5,2.66666666666667,0.952388786093476,"2"
"76","L5",12.02769086,"yes",11.5,1,5,0.765047335254003,"3"
"77","L5",12.02769086,"yes",4.5,6,4.66666666666667,0.719193130633936,"4"
"78","L5",12.02769086,"yes",12,10.5,8.66666666666667,0.177055287158298,"5"
"79","L5",12.02769086,"yes",11,5,6.33333333333333,-0.565963645979686,"6"
"80","L5",12.02769086,"yes",7,13,8,-0.346787486224656,"7"
"81","L5",12.02769086,"yes",9,5,5.5,0.213517756996305,"8"
"82","L16",50.76168286,"no",10.5,4,7,0.939477651537893,"1"
"83","L16",50.76168286,"no",13.5,1.5,13,0.523312822759656,"2"
"84","L16",50.76168286,"no",33,5.5,15,0.756001823801419,"3"
"85","L16",50.76168286,"no",31.5,4,24,0.359835482339888,"4"
"86","L16",50.76168286,"no",26.5,24,29.5,0.100370545117563,"5"
"87","L16",50.76168286,"yes",4.5,8.5,10.3333333333333,0.0177287669604315,"6"
"88","L16",50.76168286,"yes",11.5,18,16.3333333333333,-0.165367393663908,"7"
"89","L16",50.76168286,"no",15.5,12,27,-0.0596495615163694,"8"
"90","L19",24.64512857,"no",22,9,9.33333333333333,0.946179244018413,"1"
"91","L19",24.64512857,"no",10.25,1.5,18.25,1.132846465927,"2"
"92","L19",24.64512857,"yes",5,1,18.6,0.212187604403958,"3"
"93","L19",24.64512857,"yes",8.5,3,24.2,0.00467955481894811,"4"
"94","L19",24.64512857,"no",10.25,9,31.25,-0.245396871391146,"5"
"95","L19",24.64512857,"no",10.25,6.5,23,-0.199512040415571,"6"
"96","L19",24.64512857,"yes",4.25,27.25,19.2,-0.0128553206855871,"7"
"97","L19",24.64512857,"yes",15.25,19.75,17.8,-0.218843239476631,"8"
"98","L7",51.050684,"no",12,1,9,0.597695185925512,"1"
"99","L7",51.050684,"no",20.75,1.25,11,0.12112193693396,"2"
"100","L7",51.050684,"yes",16.5,1,9.4,0.457755776657049,"3"
"101","L7",51.050684,"no",35.25,6.75,18.75,0.734733174000979,"4"
"102","L7",51.050684,"no",4.25,17.5,29.75,0.690269933354413,"5"
"103","L7",51.050684,"no",28.75,24.75,27,0.655858458986096,"6"
"104","L7",51.050684,"yes",6.25,53,18.5,0.275503307907104,"7"
"105","L7",51.050684,"yes",19.25,21.5,20,0.0527580491627997,"8"
"106","L9",72.501564,"no",4.33333333333333,2,6,0.841845919241344,"1"
"107","L9",72.501564,"no",3.25,0.5,7.25,0.669239376419944,"2"
"108","L9",72.501564,"no",4.5,5,10,0.350571033954783,"3"
"109","L9",72.501564,"no",4.25,4.66666666666667,14.25,0.0600679715239822,"4"
"110","L9",72.501564,"no",17,6,18.3333333333333,0.00288568823748817,"5"
"111","L9",72.501564,"no",23.5,10,13.25,0.339617044542729,"6"
"112","L9",72.501564,"yes",16,27.5,11.6,-0.12109539752654,"7"
"113","L9",72.501564,"yes",7.5,20.75,10.6,-0.444703975886893,"8"
"114","L12",62.00275714,"no",2.5,4,17.5,1.37873091405573,"1"
"115","L12",62.00275714,"no",15,2.33333333333333,14,1.37849884097925,"2"
"116","L12",62.00275714,"no",25.3333333333333,1.5,12.6666666666667,0.00765296422852556,"3"
"117","L12",62.00275714,"no",11,3,13,-0.0610357563794768,"4"
"118","L12",62.00275714,"no",24.6666666666667,10,18.3333333333333,-0.188573954680311,"5"
"119","L12",62.00275714,"no",1.66666666666667,7.66666666666667,7.66666666666667,-0.574031267727719,"6"
"120","L12",62.00275714,"yes",5,10.3333333333333,7,-0.736758565225419,"7"
"121","L12",62.00275714,"yes",9.33333333333333,22.3333333333333,9.5,-0.435728569561437,"8"
"122","L2",52.745124,"no",33,3,9.5,1.42058828972077,"1"
"123","L2",52.745124,"no",6.25,0.666666666666667,11.5,0.484774218948188,"2"
"124","L2",52.745124,"no",8,3,9.25,-0.268276965378925,"3"
"125","L2",52.745124,"no",2.25,1,14,-0.132237975349799,"4"
"126","L2",52.745124,"no",10,1.75,16.5,-0.288896082014383,"5"
"127","L2",52.745124,"no",7,1,10.75,-0.579494163429221,"6"
"128","L2",52.745124,"no",6.25,6,10.5,-0.586420857020787,"7"
"129","L2",52.745124,"no",13.5,3.25,9,-0.635136450129549,"8"
"130","L13",45.22260114,"no",35,4,12,0.563876437703828,"1"
"131","L13",45.22260114,"yes",14.3333333333333,1.5,11.75,0.437045539155973,"2"
"132","L13",45.22260114,"yes",27.3333333333333,0,13,0.489646037338047,"3"
"133","L13",45.22260114,"no",18,6.5,15.6666666666667,1.15986784709257,"4"
"134","L13",45.22260114,"no",19.3333333333333,29.3333333333333,20.3333333333333,1.15245822292303,"5"
"135","L13",45.22260114,"yes",14.6666666666667,15.6666666666667,11.25,0.700030317658386,"6"
"136","L13",45.22260114,"yes",8.66666666666667,15.6666666666667,11.25,0.0202691832980035,"7"
"137","L13",45.22260114,"no",12.3333333333333,1.66666666666667,11.3333333333333,-0.405239247413537,"8"
"138","L1",50.74527886,"no",14.5,0.5,22.5,0.704436519143124,"1"
"139","L1",50.74527886,"no",32.5,2.33333333333333,17,0.843492321810929,"2"
"140","L1",50.74527886,"no",18,3.75,17.5,0.290961601003477,"3"
"141","L1",50.74527886,"no",14.5,4,22.75,0.169282471503407,"4"
"142","L1",50.74527886,"no",9.25,6.25,23.5,0.211965515684261,"5"
"143","L1",50.74527886,"no",9.25,15.5,18.75,0.656657088269449,"6"
"144","L1",50.74527886,"no",14.75,14.25,18,-0.116811910377604,"7"
"145","L1",50.74527886,"no",14,7.66666666666667,13.5,-0.18764378837506,"8"
"146","L23",26.40327086,"no",21.3333333333333,1.33333333333333,15.3333333333333,1.00508513653285,"1"
"147","L23",26.40327086,"no",44.3333333333333,1,17,0.638600173691775,"2"
"148","L23",26.40327086,"no",9.33333333333333,1.33333333333333,25.3333333333333,0.682245386914041,"3"
"149","L23",26.40327086,"no",6.66666666666667,7.33333333333333,23.3333333333333,0.663282025446968,"4"
"150","L23",26.40327086,"yes",7,9.33333333333333,19,0.237487883923531,"5"
"151","L23",26.40327086,"yes",15,33.3333333333333,17.5,0.0669467896306132,"6"
"152","L23",26.40327086,"no",20,12.3333333333333,23,-0.0127310768049218,"7"
"153","L23",26.40327086,"no",4.33333333333333,5.33333333333333,14.6666666666667,-0.0832536956787496,"8"
"154","L18",30.07632286,"no",23.5,1,8.5,0.0812872850714126,"1"
"155","L18",30.07632286,"yes",14.5,1.5,9.8,0.372912002970107,"2"
"156","L18",30.07632286,"yes",12,1.33333333333333,10.8,0.113107366520495,"3"
"157","L18",30.07632286,"no",10,6.25,15.5,0.598425706672868,"4"
"158","L18",30.07632286,"yes",7.5,14.25,10.3333333333333,0.715376505207137,"5"
"159","L18",30.07632286,"yes",13.75,19.75,17.4,0.398663230291133,"6"
"160","L18",30.07632286,"yes",14.75,4,10.1666666666667,-0.228535010864558,"7"
"161","L18",30.07632286,"yes",9.75,5,9.2,-0.156455788054365,"8"
"162","L25",59.64051886,"no",20,0,9.5,0.674937648177788,"1"
"163","L25",59.64051886,"no",13.5,1,14.5,0,"2"
"164","L25",59.64051886,"no",11.5,2,18.75,0.239299479126893,"3"
"165","L25",59.64051886,"no",15.5,3.5,19.5,0.519390417434516,"4"
"166","L25",59.64051886,"no",6.5,13,23.5,-0.0680338852718274,"5"
"167","L25",59.64051886,"yes",5,59.5,17,-0.250521349512305,"6"
"168","L25",59.64051886,"yes",9,67.5,17,-0.12590490938032,"7"
"169","L25",59.64051886,"yes",12,41.25,16.8,0.426240081535656,"8"
"170","L26",1.595234286,"no",26,1,7.33333333333333,0.761760834195474,"1"
"171","L26",1.595234286,"yes",10.3333333333333,0,6.75,0.235528446907549,"2"
"172","L26",1.595234286,"yes",25.5,1,12,0.555497506131057,"3"
"173","L26",1.595234286,"no",6.5,7,22,0.425425524594329,"4"
"174","L26",1.595234286,"no",20,28.5,24.5,0.629409599102719,"5"
"175","L26",1.595234286,"yes",15.5,29,11.6666666666667,-0.0783135245163979,"6"
"176","L26",1.595234286,"yes",3,24,11,-0.0393706918992745,"7"
"177","L26",1.595234286,"yes",20,11.5,10.3333333333333,0.173671784932268,"8"
"178","L17",9.742189714,"no",9.5,1,12.5,0.0625819842281631,"1"
"179","L17",9.742189714,"no",14,1,17.5,0.370913829823978,"2"
"180","L17",9.742189714,"no",46,2,16,0.685144359578359,"3"
"181","L17",9.742189714,"no",9.5,4,22,0.552059534187884,"4"
"182","L17",9.742189714,"no",10.5,7,24,0.0613267969905548,"5"
"183","L17",9.742189714,"yes",8,16,12.6666666666667,-0.205279648183163,"6"
"184","L17",9.742189714,"yes",10.5,23.5,8.75,-0.369911285071794,"7"
"185","L17",9.742189714,"yes",20.5,7,7.5,-0.12109539752654,"8"
"186","L6",5.131771429,"yes",15,0,7.66666666666667,-0.103290109645832,"1"
"187","L6",5.131771429,"yes",74.5,0,12.6666666666667,0.747282303045176,"2"
"188","L6",5.131771429,"no",19.5,2,12,0.272615060849399,"3"
"189","L6",5.131771429,"no",4.5,3.5,11,0.522226814487059,"4"
"190","L6",5.131771429,"no",17.5,5.5,16,0.593101378741296,"5"
"191","L6",5.131771429,"yes",6.5,16.5,11.25,-0.103290109645832,"6"
"192","L6",5.131771429,"yes",14.5,40.5,6.8,0.0632082200712113,"7"
"193","L6",5.131771429,"yes",9.5,32,9.66666666666667,0.443523746687125,"8"
"194","L14",50.97610914,"no",10.75,0.75,6.25,0.562788351654435,"1"
"195","L14",50.97610914,"yes",16.25,1.33333333333333,6.6,-0.295992554972367,"2"
"196","L14",50.97610914,"yes",18.5,3.75,9.8,0.159115821827769,"3"
"197","L14",50.97610914,"no",3.5,3,16.5,0.368286884902131,"4"
"198","L14",50.97610914,"no",10,5.5,16,0.0266694283375187,"5"
"199","L14",50.97610914,"no",5.75,9.5,18.25,-0.398845732633062,"6"
"200","L14",50.97610914,"yes",5.75,24.25,18.6,-0.235325823424464,"7"
"201","L14",50.97610914,"yes",11.5,18,10.6,-0.331769438161202,"8"
"202","L22",19.98648743,"yes",2.5,0,6.33333333333333,0.668075151394519,"1"
"203","L22",19.98648743,"yes",26.5,4,7.66666666666667,0.645094623553164,"2"
"204","L22",19.98648743,"no",26.5,1,13,0.802317533567358,"3"
"205","L22",19.98648743,"yes",23.5,4,7.66666666666667,0.702861170572929,"4"
"206","L22",19.98648743,"yes",20.5,8,10,0.134602053287679,"5"
"207","L22",19.98648743,"yes",10.5,13.5,8,-0.0546955783484579,"6"
"208","L22",19.98648743,"yes",25,17.5,5.66666666666667,-0.117285772379775,"7"
"209","L22",19.98648743,"yes",9.5,1,7,-0.229147988357856,"8"
