Site;arable_PLAND_1000;arable_PLAND_500;Country
A1;62.036;76.32;CH
A2;86.287;83.146;CH
A3;65.944;80.172;CH
A4;74.005;92.751;CH
R1;47.895;51.675;CH
R2;31.609;37.983;CH
R3;49.772;51.372;CH
R4;50.752;42.22;CH
V02;89.506;97.662;FR
V03;56.27;55.604;FR
V08;65.269;66.091;FR
V09;69.808;80.048;FR
V13;65.653;73.702;FR
V15;63.122;61.704;FR
V16;74.065;77.813;FR
V18;80.218;89.53;FR
GE.A1;96.88129109;96.69189382;GE
GE.A2;92.44288158;95.36114016;GE
GE.A3;83.35174448;73.87371878;GE
GE.A4;68.32086124;53.84837173;GE
GE.R1;61.9776569;81.23232261;GE
GE.R2;56.04128598;73.18001607;GE
GE.R3;29.44035465;4.812116207;GE
GE.R4;47.57278945;63.03017682;GE
